          42
           1           0
Pa                              
CHARM PSU-WOPWOP Blade surface geometry for rotor  1                                                                                                                                                                                                                                                                                                                                                                                                                                                                                                                                                                                                                                                                                                                                                                                                                                                                                                                                                                                                            
           1
           1
           2
           1
           2
           1
           0
           0
Rotor  1                        
         798         798
           4           1           2          22          21
           4           2           3          23          22
           4           3           4          24          23
           4           4           5          25          24
           4           5           6          26          25
           4           6           7          27          26
           4           7           8          28          27
           4           8           9          29          28
           4           9          10          30          29
           4          10          11          31          30
           4          11          12          32          31
           4          12          13          33          32
           4          13          14          34          33
           4          14          15          35          34
           4          15          16          36          35
           4          16          17          37          36
           4          17          18          38          37
           4          18          19          39          38
           4          19          20          40          39
           4          21          22          42          41
           4          22          23          43          42
           4          23          24          44          43
           4          24          25          45          44
           4          25          26          46          45
           4          26          27          47          46
           4          27          28          48          47
           4          28          29          49          48
           4          29          30          50          49
           4          30          31          51          50
           4          31          32          52          51
           4          32          33          53          52
           4          33          34          54          53
           4          34          35          55          54
           4          35          36          56          55
           4          36          37          57          56
           4          37          38          58          57
           4          38          39          59          58
           4          39          40          60          59
           4          41          42          62          61
           4          42          43          63          62
           4          43          44          64          63
           4          44          45          65          64
           4          45          46          66          65
           4          46          47          67          66
           4          47          48          68          67
           4          48          49          69          68
           4          49          50          70          69
           4          50          51          71          70
           4          51          52          72          71
           4          52          53          73          72
           4          53          54          74          73
           4          54          55          75          74
           4          55          56          76          75
           4          56          57          77          76
           4          57          58          78          77
           4          58          59          79          78
           4          59          60          80          79
           4          61          62          82          81
           4          62          63          83          82
           4          63          64          84          83
           4          64          65          85          84
           4          65          66          86          85
           4          66          67          87          86
           4          67          68          88          87
           4          68          69          89          88
           4          69          70          90          89
           4          70          71          91          90
           4          71          72          92          91
           4          72          73          93          92
           4          73          74          94          93
           4          74          75          95          94
           4          75          76          96          95
           4          76          77          97          96
           4          77          78          98          97
           4          78          79          99          98
           4          79          80         100          99
           4          81          82         102         101
           4          82          83         103         102
           4          83          84         104         103
           4          84          85         105         104
           4          85          86         106         105
           4          86          87         107         106
           4          87          88         108         107
           4          88          89         109         108
           4          89          90         110         109
           4          90          91         111         110
           4          91          92         112         111
           4          92          93         113         112
           4          93          94         114         113
           4          94          95         115         114
           4          95          96         116         115
           4          96          97         117         116
           4          97          98         118         117
           4          98          99         119         118
           4          99         100         120         119
           4         101         102         122         121
           4         102         103         123         122
           4         103         104         124         123
           4         104         105         125         124
           4         105         106         126         125
           4         106         107         127         126
           4         107         108         128         127
           4         108         109         129         128
           4         109         110         130         129
           4         110         111         131         130
           4         111         112         132         131
           4         112         113         133         132
           4         113         114         134         133
           4         114         115         135         134
           4         115         116         136         135
           4         116         117         137         136
           4         117         118         138         137
           4         118         119         139         138
           4         119         120         140         139
           4         121         122         142         141
           4         122         123         143         142
           4         123         124         144         143
           4         124         125         145         144
           4         125         126         146         145
           4         126         127         147         146
           4         127         128         148         147
           4         128         129         149         148
           4         129         130         150         149
           4         130         131         151         150
           4         131         132         152         151
           4         132         133         153         152
           4         133         134         154         153
           4         134         135         155         154
           4         135         136         156         155
           4         136         137         157         156
           4         137         138         158         157
           4         138         139         159         158
           4         139         140         160         159
           4         141         142         162         161
           4         142         143         163         162
           4         143         144         164         163
           4         144         145         165         164
           4         145         146         166         165
           4         146         147         167         166
           4         147         148         168         167
           4         148         149         169         168
           4         149         150         170         169
           4         150         151         171         170
           4         151         152         172         171
           4         152         153         173         172
           4         153         154         174         173
           4         154         155         175         174
           4         155         156         176         175
           4         156         157         177         176
           4         157         158         178         177
           4         158         159         179         178
           4         159         160         180         179
           4         161         162         182         181
           4         162         163         183         182
           4         163         164         184         183
           4         164         165         185         184
           4         165         166         186         185
           4         166         167         187         186
           4         167         168         188         187
           4         168         169         189         188
           4         169         170         190         189
           4         170         171         191         190
           4         171         172         192         191
           4         172         173         193         192
           4         173         174         194         193
           4         174         175         195         194
           4         175         176         196         195
           4         176         177         197         196
           4         177         178         198         197
           4         178         179         199         198
           4         179         180         200         199
           4         181         182         202         201
           4         182         183         203         202
           4         183         184         204         203
           4         184         185         205         204
           4         185         186         206         205
           4         186         187         207         206
           4         187         188         208         207
           4         188         189         209         208
           4         189         190         210         209
           4         190         191         211         210
           4         191         192         212         211
           4         192         193         213         212
           4         193         194         214         213
           4         194         195         215         214
           4         195         196         216         215
           4         196         197         217         216
           4         197         198         218         217
           4         198         199         219         218
           4         199         200         220         219
           4         201         202         222         221
           4         202         203         223         222
           4         203         204         224         223
           4         204         205         225         224
           4         205         206         226         225
           4         206         207         227         226
           4         207         208         228         227
           4         208         209         229         228
           4         209         210         230         229
           4         210         211         231         230
           4         211         212         232         231
           4         212         213         233         232
           4         213         214         234         233
           4         214         215         235         234
           4         215         216         236         235
           4         216         217         237         236
           4         217         218         238         237
           4         218         219         239         238
           4         219         220         240         239
           4         221         222         242         241
           4         222         223         243         242
           4         223         224         244         243
           4         224         225         245         244
           4         225         226         246         245
           4         226         227         247         246
           4         227         228         248         247
           4         228         229         249         248
           4         229         230         250         249
           4         230         231         251         250
           4         231         232         252         251
           4         232         233         253         252
           4         233         234         254         253
           4         234         235         255         254
           4         235         236         256         255
           4         236         237         257         256
           4         237         238         258         257
           4         238         239         259         258
           4         239         240         260         259
           4         241         242         262         261
           4         242         243         263         262
           4         243         244         264         263
           4         244         245         265         264
           4         245         246         266         265
           4         246         247         267         266
           4         247         248         268         267
           4         248         249         269         268
           4         249         250         270         269
           4         250         251         271         270
           4         251         252         272         271
           4         252         253         273         272
           4         253         254         274         273
           4         254         255         275         274
           4         255         256         276         275
           4         256         257         277         276
           4         257         258         278         277
           4         258         259         279         278
           4         259         260         280         279
           4         261         262         282         281
           4         262         263         283         282
           4         263         264         284         283
           4         264         265         285         284
           4         265         266         286         285
           4         266         267         287         286
           4         267         268         288         287
           4         268         269         289         288
           4         269         270         290         289
           4         270         271         291         290
           4         271         272         292         291
           4         272         273         293         292
           4         273         274         294         293
           4         274         275         295         294
           4         275         276         296         295
           4         276         277         297         296
           4         277         278         298         297
           4         278         279         299         298
           4         279         280         300         299
           4         281         282         302         301
           4         282         283         303         302
           4         283         284         304         303
           4         284         285         305         304
           4         285         286         306         305
           4         286         287         307         306
           4         287         288         308         307
           4         288         289         309         308
           4         289         290         310         309
           4         290         291         311         310
           4         291         292         312         311
           4         292         293         313         312
           4         293         294         314         313
           4         294         295         315         314
           4         295         296         316         315
           4         296         297         317         316
           4         297         298         318         317
           4         298         299         319         318
           4         299         300         320         319
           4         301         302         322         321
           4         302         303         323         322
           4         303         304         324         323
           4         304         305         325         324
           4         305         306         326         325
           4         306         307         327         326
           4         307         308         328         327
           4         308         309         329         328
           4         309         310         330         329
           4         310         311         331         330
           4         311         312         332         331
           4         312         313         333         332
           4         313         314         334         333
           4         314         315         335         334
           4         315         316         336         335
           4         316         317         337         336
           4         317         318         338         337
           4         318         319         339         338
           4         319         320         340         339
           4         321         322         342         341
           4         322         323         343         342
           4         323         324         344         343
           4         324         325         345         344
           4         325         326         346         345
           4         326         327         347         346
           4         327         328         348         347
           4         328         329         349         348
           4         329         330         350         349
           4         330         331         351         350
           4         331         332         352         351
           4         332         333         353         352
           4         333         334         354         353
           4         334         335         355         354
           4         335         336         356         355
           4         336         337         357         356
           4         337         338         358         357
           4         338         339         359         358
           4         339         340         360         359
           4         341         342         362         361
           4         342         343         363         362
           4         343         344         364         363
           4         344         345         365         364
           4         345         346         366         365
           4         346         347         367         366
           4         347         348         368         367
           4         348         349         369         368
           4         349         350         370         369
           4         350         351         371         370
           4         351         352         372         371
           4         352         353         373         372
           4         353         354         374         373
           4         354         355         375         374
           4         355         356         376         375
           4         356         357         377         376
           4         357         358         378         377
           4         358         359         379         378
           4         359         360         380         379
           4         361         362         382         381
           4         362         363         383         382
           4         363         364         384         383
           4         364         365         385         384
           4         365         366         386         385
           4         366         367         387         386
           4         367         368         388         387
           4         368         369         389         388
           4         369         370         390         389
           4         370         371         391         390
           4         371         372         392         391
           4         372         373         393         392
           4         373         374         394         393
           4         374         375         395         394
           4         375         376         396         395
           4         376         377         397         396
           4         377         378         398         397
           4         378         379         399         398
           4         379         380         400         399
           4         381         382         402         401
           4         382         383         403         402
           4         383         384         404         403
           4         384         385         405         404
           4         385         386         406         405
           4         386         387         407         406
           4         387         388         408         407
           4         388         389         409         408
           4         389         390         410         409
           4         390         391         411         410
           4         391         392         412         411
           4         392         393         413         412
           4         393         394         414         413
           4         394         395         415         414
           4         395         396         416         415
           4         396         397         417         416
           4         397         398         418         417
           4         398         399         419         418
           4         399         400         420         419
           4          20         421         439          40
           4         421         422         440         439
           4         422         423         441         440
           4         423         424         442         441
           4         424         425         443         442
           4         425         426         444         443
           4         426         427         445         444
           4         427         428         446         445
           4         428         429         447         446
           4         429         430         448         447
           4         430         431         449         448
           4         431         432         450         449
           4         432         433         451         450
           4         433         434         452         451
           4         434         435         453         452
           4         435         436         454         453
           4         436         437         455         454
           4         437         438         456         455
           4         438           1          21         456
           4          40         439         457          60
           4         439         440         458         457
           4         440         441         459         458
           4         441         442         460         459
           4         442         443         461         460
           4         443         444         462         461
           4         444         445         463         462
           4         445         446         464         463
           4         446         447         465         464
           4         447         448         466         465
           4         448         449         467         466
           4         449         450         468         467
           4         450         451         469         468
           4         451         452         470         469
           4         452         453         471         470
           4         453         454         472         471
           4         454         455         473         472
           4         455         456         474         473
           4         456          21          41         474
           4          60         457         475          80
           4         457         458         476         475
           4         458         459         477         476
           4         459         460         478         477
           4         460         461         479         478
           4         461         462         480         479
           4         462         463         481         480
           4         463         464         482         481
           4         464         465         483         482
           4         465         466         484         483
           4         466         467         485         484
           4         467         468         486         485
           4         468         469         487         486
           4         469         470         488         487
           4         470         471         489         488
           4         471         472         490         489
           4         472         473         491         490
           4         473         474         492         491
           4         474          41          61         492
           4          80         475         493         100
           4         475         476         494         493
           4         476         477         495         494
           4         477         478         496         495
           4         478         479         497         496
           4         479         480         498         497
           4         480         481         499         498
           4         481         482         500         499
           4         482         483         501         500
           4         483         484         502         501
           4         484         485         503         502
           4         485         486         504         503
           4         486         487         505         504
           4         487         488         506         505
           4         488         489         507         506
           4         489         490         508         507
           4         490         491         509         508
           4         491         492         510         509
           4         492          61          81         510
           4         100         493         511         120
           4         493         494         512         511
           4         494         495         513         512
           4         495         496         514         513
           4         496         497         515         514
           4         497         498         516         515
           4         498         499         517         516
           4         499         500         518         517
           4         500         501         519         518
           4         501         502         520         519
           4         502         503         521         520
           4         503         504         522         521
           4         504         505         523         522
           4         505         506         524         523
           4         506         507         525         524
           4         507         508         526         525
           4         508         509         527         526
           4         509         510         528         527
           4         510          81         101         528
           4         120         511         529         140
           4         511         512         530         529
           4         512         513         531         530
           4         513         514         532         531
           4         514         515         533         532
           4         515         516         534         533
           4         516         517         535         534
           4         517         518         536         535
           4         518         519         537         536
           4         519         520         538         537
           4         520         521         539         538
           4         521         522         540         539
           4         522         523         541         540
           4         523         524         542         541
           4         524         525         543         542
           4         525         526         544         543
           4         526         527         545         544
           4         527         528         546         545
           4         528         101         121         546
           4         140         529         547         160
           4         529         530         548         547
           4         530         531         549         548
           4         531         532         550         549
           4         532         533         551         550
           4         533         534         552         551
           4         534         535         553         552
           4         535         536         554         553
           4         536         537         555         554
           4         537         538         556         555
           4         538         539         557         556
           4         539         540         558         557
           4         540         541         559         558
           4         541         542         560         559
           4         542         543         561         560
           4         543         544         562         561
           4         544         545         563         562
           4         545         546         564         563
           4         546         121         141         564
           4         160         547         565         180
           4         547         548         566         565
           4         548         549         567         566
           4         549         550         568         567
           4         550         551         569         568
           4         551         552         570         569
           4         552         553         571         570
           4         553         554         572         571
           4         554         555         573         572
           4         555         556         574         573
           4         556         557         575         574
           4         557         558         576         575
           4         558         559         577         576
           4         559         560         578         577
           4         560         561         579         578
           4         561         562         580         579
           4         562         563         581         580
           4         563         564         582         581
           4         564         141         161         582
           4         180         565         583         200
           4         565         566         584         583
           4         566         567         585         584
           4         567         568         586         585
           4         568         569         587         586
           4         569         570         588         587
           4         570         571         589         588
           4         571         572         590         589
           4         572         573         591         590
           4         573         574         592         591
           4         574         575         593         592
           4         575         576         594         593
           4         576         577         595         594
           4         577         578         596         595
           4         578         579         597         596
           4         579         580         598         597
           4         580         581         599         598
           4         581         582         600         599
           4         582         161         181         600
           4         200         583         601         220
           4         583         584         602         601
           4         584         585         603         602
           4         585         586         604         603
           4         586         587         605         604
           4         587         588         606         605
           4         588         589         607         606
           4         589         590         608         607
           4         590         591         609         608
           4         591         592         610         609
           4         592         593         611         610
           4         593         594         612         611
           4         594         595         613         612
           4         595         596         614         613
           4         596         597         615         614
           4         597         598         616         615
           4         598         599         617         616
           4         599         600         618         617
           4         600         181         201         618
           4         220         601         619         240
           4         601         602         620         619
           4         602         603         621         620
           4         603         604         622         621
           4         604         605         623         622
           4         605         606         624         623
           4         606         607         625         624
           4         607         608         626         625
           4         608         609         627         626
           4         609         610         628         627
           4         610         611         629         628
           4         611         612         630         629
           4         612         613         631         630
           4         613         614         632         631
           4         614         615         633         632
           4         615         616         634         633
           4         616         617         635         634
           4         617         618         636         635
           4         618         201         221         636
           4         240         619         637         260
           4         619         620         638         637
           4         620         621         639         638
           4         621         622         640         639
           4         622         623         641         640
           4         623         624         642         641
           4         624         625         643         642
           4         625         626         644         643
           4         626         627         645         644
           4         627         628         646         645
           4         628         629         647         646
           4         629         630         648         647
           4         630         631         649         648
           4         631         632         650         649
           4         632         633         651         650
           4         633         634         652         651
           4         634         635         653         652
           4         635         636         654         653
           4         636         221         241         654
           4         260         637         655         280
           4         637         638         656         655
           4         638         639         657         656
           4         639         640         658         657
           4         640         641         659         658
           4         641         642         660         659
           4         642         643         661         660
           4         643         644         662         661
           4         644         645         663         662
           4         645         646         664         663
           4         646         647         665         664
           4         647         648         666         665
           4         648         649         667         666
           4         649         650         668         667
           4         650         651         669         668
           4         651         652         670         669
           4         652         653         671         670
           4         653         654         672         671
           4         654         241         261         672
           4         280         655         673         300
           4         655         656         674         673
           4         656         657         675         674
           4         657         658         676         675
           4         658         659         677         676
           4         659         660         678         677
           4         660         661         679         678
           4         661         662         680         679
           4         662         663         681         680
           4         663         664         682         681
           4         664         665         683         682
           4         665         666         684         683
           4         666         667         685         684
           4         667         668         686         685
           4         668         669         687         686
           4         669         670         688         687
           4         670         671         689         688
           4         671         672         690         689
           4         672         261         281         690
           4         300         673         691         320
           4         673         674         692         691
           4         674         675         693         692
           4         675         676         694         693
           4         676         677         695         694
           4         677         678         696         695
           4         678         679         697         696
           4         679         680         698         697
           4         680         681         699         698
           4         681         682         700         699
           4         682         683         701         700
           4         683         684         702         701
           4         684         685         703         702
           4         685         686         704         703
           4         686         687         705         704
           4         687         688         706         705
           4         688         689         707         706
           4         689         690         708         707
           4         690         281         301         708
           4         320         691         709         340
           4         691         692         710         709
           4         692         693         711         710
           4         693         694         712         711
           4         694         695         713         712
           4         695         696         714         713
           4         696         697         715         714
           4         697         698         716         715
           4         698         699         717         716
           4         699         700         718         717
           4         700         701         719         718
           4         701         702         720         719
           4         702         703         721         720
           4         703         704         722         721
           4         704         705         723         722
           4         705         706         724         723
           4         706         707         725         724
           4         707         708         726         725
           4         708         301         321         726
           4         340         709         727         360
           4         709         710         728         727
           4         710         711         729         728
           4         711         712         730         729
           4         712         713         731         730
           4         713         714         732         731
           4         714         715         733         732
           4         715         716         734         733
           4         716         717         735         734
           4         717         718         736         735
           4         718         719         737         736
           4         719         720         738         737
           4         720         721         739         738
           4         721         722         740         739
           4         722         723         741         740
           4         723         724         742         741
           4         724         725         743         742
           4         725         726         744         743
           4         726         321         341         744
           4         360         727         745         380
           4         727         728         746         745
           4         728         729         747         746
           4         729         730         748         747
           4         730         731         749         748
           4         731         732         750         749
           4         732         733         751         750
           4         733         734         752         751
           4         734         735         753         752
           4         735         736         754         753
           4         736         737         755         754
           4         737         738         756         755
           4         738         739         757         756
           4         739         740         758         757
           4         740         741         759         758
           4         741         742         760         759
           4         742         743         761         760
           4         743         744         762         761
           4         744         341         361         762
           4         380         745         763         400
           4         745         746         764         763
           4         746         747         765         764
           4         747         748         766         765
           4         748         749         767         766
           4         749         750         768         767
           4         750         751         769         768
           4         751         752         770         769
           4         752         753         771         770
           4         753         754         772         771
           4         754         755         773         772
           4         755         756         774         773
           4         756         757         775         774
           4         757         758         776         775
           4         758         759         777         776
           4         759         760         778         777
           4         760         761         779         778
           4         761         762         780         779
           4         762         361         381         780
           4         400         763         781         420
           4         763         764         782         781
           4         764         765         783         782
           4         765         766         784         783
           4         766         767         785         784
           4         767         768         786         785
           4         768         769         787         786
           4         769         770         788         787
           4         770         771         789         788
           4         771         772         790         789
           4         772         773         791         790
           4         773         774         792         791
           4         774         775         793         792
           4         775         776         794         793
           4         776         777         795         794
           4         777         778         796         795
           4         778         779         797         796
           4         779         780         798         797
           4         780         381         401         798
           4           1         438           2           1
           4           2         438         437           3
           4           3         437         436           4
           4           4         436         435           5
           4           5         435         434           6
           4           6         434         433           7
           4           7         433         432           8
           4           8         432         431           9
           4           9         431         430          10
           4          10         430         429          11
           4          11         429         428          12
           4          12         428         427          13
           4          13         427         426          14
           4          14         426         425          15
           4          15         425         424          16
           4          16         424         423          17
           4          17         423         422          18
           4          18         422         421          19
           4          19         421          20          19
           4         401         402         798         401
           4         402         403         797         798
           4         403         404         796         797
           4         404         405         795         796
           4         405         406         794         795
           4         406         407         793         794
           4         407         408         792         793
           4         408         409         791         792
           4         409         410         790         791
           4         410         411         789         790
           4         411         412         788         789
           4         412         413         787         788
           4         413         414         786         787
           4         414         415         785         786
           4         415         416         784         785
           4         416         417         783         784
           4         417         418         782         783
           4         418         419         781         782
           4         419         420         781         419
  2.5398094E-02  2.5398094E-02  2.5398094E-02  2.5398094E-02  2.5398094E-02
  2.5398094E-02  2.5398094E-02  2.5398094E-02  2.5398094E-02  2.5398094E-02
  2.5398094E-02  2.5398094E-02  2.5398094E-02  2.5398094E-02  2.5398094E-02
  2.5398094E-02  2.5398094E-02  2.5398094E-02  2.5398094E-02  2.5398094E-02
  3.5878092E-02  3.5878092E-02  3.5878092E-02  3.5878092E-02  3.5878092E-02
  3.5878092E-02  3.5878092E-02  3.5878092E-02  3.5878092E-02  3.5878092E-02
  3.5878092E-02  3.5878092E-02  3.5878092E-02  3.5878092E-02  3.5878092E-02
  3.5878092E-02  3.5878092E-02  3.5878092E-02  3.5878092E-02  3.5878092E-02
  4.6358094E-02  4.6358094E-02  4.6358094E-02  4.6358094E-02  4.6358094E-02
  4.6358094E-02  4.6358094E-02  4.6358094E-02  4.6358094E-02  4.6358094E-02
  4.6358094E-02  4.6358094E-02  4.6358094E-02  4.6358094E-02  4.6358094E-02
  4.6358094E-02  4.6358094E-02  4.6358094E-02  4.6358094E-02  4.6358094E-02
  5.6838095E-02  5.6838095E-02  5.6838095E-02  5.6838095E-02  5.6838095E-02
  5.6838095E-02  5.6838095E-02  5.6838095E-02  5.6838095E-02  5.6838095E-02
  5.6838095E-02  5.6838095E-02  5.6838095E-02  5.6838095E-02  5.6838095E-02
  5.6838095E-02  5.6838095E-02  5.6838095E-02  5.6838095E-02  5.6838095E-02
  6.7318097E-02  6.7318097E-02  6.7318097E-02  6.7318097E-02  6.7318097E-02
  6.7318097E-02  6.7318097E-02  6.7318097E-02  6.7318097E-02  6.7318097E-02
  6.7318097E-02  6.7318097E-02  6.7318097E-02  6.7318097E-02  6.7318097E-02
  6.7318097E-02  6.7318097E-02  6.7318097E-02  6.7318097E-02  6.7318097E-02
  7.7798098E-02  7.7798098E-02  7.7798098E-02  7.7798098E-02  7.7798098E-02
  7.7798098E-02  7.7798098E-02  7.7798098E-02  7.7798098E-02  7.7798098E-02
  7.7798098E-02  7.7798098E-02  7.7798098E-02  7.7798098E-02  7.7798098E-02
  7.7798098E-02  7.7798098E-02  7.7798098E-02  7.7798098E-02  7.7798098E-02
  8.8278100E-02  8.8278100E-02  8.8278100E-02  8.8278100E-02  8.8278100E-02
  8.8278100E-02  8.8278100E-02  8.8278100E-02  8.8278100E-02  8.8278100E-02
  8.8278100E-02  8.8278100E-02  8.8278100E-02  8.8278100E-02  8.8278100E-02
  8.8278100E-02  8.8278100E-02  8.8278100E-02  8.8278100E-02  8.8278100E-02
  9.8758101E-02  9.8758101E-02  9.8758101E-02  9.8758101E-02  9.8758101E-02
  9.8758101E-02  9.8758101E-02  9.8758101E-02  9.8758101E-02  9.8758101E-02
  9.8758101E-02  9.8758101E-02  9.8758101E-02  9.8758101E-02  9.8758101E-02
  9.8758101E-02  9.8758101E-02  9.8758101E-02  9.8758101E-02  9.8758101E-02
  0.1092381      0.1092381      0.1092381      0.1092381      0.1092381    
  0.1092381      0.1092381      0.1092381      0.1092381      0.1092381    
  0.1092381      0.1092381      0.1092381      0.1092381      0.1092381    
  0.1092381      0.1092381      0.1092381      0.1092381      0.1092381    
  0.1197181      0.1197181      0.1197181      0.1197181      0.1197181    
  0.1197181      0.1197181      0.1197181      0.1197181      0.1197181    
  0.1197181      0.1197181      0.1197181      0.1197181      0.1197181    
  0.1197181      0.1197181      0.1197181      0.1197181      0.1197181    
  0.1301981      0.1301981      0.1301981      0.1301981      0.1301981    
  0.1301981      0.1301981      0.1301981      0.1301981      0.1301981    
  0.1301981      0.1301981      0.1301981      0.1301981      0.1301981    
  0.1301981      0.1301981      0.1301981      0.1301981      0.1301981    
  0.1406781      0.1406781      0.1406781      0.1406781      0.1406781    
  0.1406781      0.1406781      0.1406781      0.1406781      0.1406781    
  0.1406781      0.1406781      0.1406781      0.1406781      0.1406781    
  0.1406781      0.1406781      0.1406781      0.1406781      0.1406781    
  0.1511581      0.1511581      0.1511581      0.1511581      0.1511581    
  0.1511581      0.1511581      0.1511581      0.1511581      0.1511581    
  0.1511581      0.1511581      0.1511581      0.1511581      0.1511581    
  0.1511581      0.1511581      0.1511581      0.1511581      0.1511581    
  0.1616381      0.1616381      0.1616381      0.1616381      0.1616381    
  0.1616381      0.1616381      0.1616381      0.1616381      0.1616381    
  0.1616381      0.1616381      0.1616381      0.1616381      0.1616381    
  0.1616381      0.1616381      0.1616381      0.1616381      0.1616381    
  0.1721181      0.1721181      0.1721181      0.1721181      0.1721181    
  0.1721181      0.1721181      0.1721181      0.1721181      0.1721181    
  0.1721181      0.1721181      0.1721181      0.1721181      0.1721181    
  0.1721181      0.1721181      0.1721181      0.1721181      0.1721181    
  0.1825981      0.1825981      0.1825981      0.1825981      0.1825981    
  0.1825981      0.1825981      0.1825981      0.1825981      0.1825981    
  0.1825981      0.1825981      0.1825981      0.1825981      0.1825981    
  0.1825981      0.1825981      0.1825981      0.1825981      0.1825981    
  0.1930781      0.1930781      0.1930781      0.1930781      0.1930781    
  0.1930781      0.1930781      0.1930781      0.1930781      0.1930781    
  0.1930781      0.1930781      0.1930781      0.1930781      0.1930781    
  0.1930781      0.1930781      0.1930781      0.1930781      0.1930781    
  0.2035581      0.2035581      0.2035581      0.2035581      0.2035581    
  0.2035581      0.2035581      0.2035581      0.2035581      0.2035581    
  0.2035581      0.2035581      0.2035581      0.2035581      0.2035581    
  0.2035581      0.2035581      0.2035581      0.2035581      0.2035581    
  0.2140381      0.2140381      0.2140381      0.2140381      0.2140381    
  0.2140381      0.2140381      0.2140381      0.2140381      0.2140381    
  0.2140381      0.2140381      0.2140381      0.2140381      0.2140381    
  0.2140381      0.2140381      0.2140381      0.2140381      0.2140381    
  0.2245181      0.2245181      0.2245181      0.2245181      0.2245181    
  0.2245181      0.2245181      0.2245181      0.2245181      0.2245181    
  0.2245181      0.2245181      0.2245181      0.2245181      0.2245181    
  0.2245181      0.2245181      0.2245181      0.2245181      0.2245181    
  0.2349981      0.2349981      0.2349981      0.2349981      0.2349981    
  0.2349981      0.2349981      0.2349981      0.2349981      0.2349981    
  0.2349981      0.2349981      0.2349981      0.2349981      0.2349981    
  0.2349981      0.2349981      0.2349981      0.2349981      0.2349981    
  2.5398094E-02  2.5398094E-02  2.5398094E-02  2.5398094E-02  2.5398094E-02
  2.5398094E-02  2.5398094E-02  2.5398094E-02  2.5398094E-02  2.5398094E-02
  2.5398094E-02  2.5398094E-02  2.5398094E-02  2.5398094E-02  2.5398094E-02
  2.5398094E-02  2.5398094E-02  2.5398094E-02  3.5878092E-02  3.5878092E-02
  3.5878092E-02  3.5878092E-02  3.5878092E-02  3.5878092E-02  3.5878092E-02
  3.5878092E-02  3.5878092E-02  3.5878092E-02  3.5878092E-02  3.5878092E-02
  3.5878092E-02  3.5878092E-02  3.5878092E-02  3.5878092E-02  3.5878092E-02
  3.5878092E-02  4.6358094E-02  4.6358094E-02  4.6358094E-02  4.6358094E-02
  4.6358094E-02  4.6358094E-02  4.6358094E-02  4.6358094E-02  4.6358094E-02
  4.6358094E-02  4.6358094E-02  4.6358094E-02  4.6358094E-02  4.6358094E-02
  4.6358094E-02  4.6358094E-02  4.6358094E-02  4.6358094E-02  5.6838095E-02
  5.6838095E-02  5.6838095E-02  5.6838095E-02  5.6838095E-02  5.6838095E-02
  5.6838095E-02  5.6838095E-02  5.6838095E-02  5.6838095E-02  5.6838095E-02
  5.6838095E-02  5.6838095E-02  5.6838095E-02  5.6838095E-02  5.6838095E-02
  5.6838095E-02  5.6838095E-02  6.7318097E-02  6.7318097E-02  6.7318097E-02
  6.7318097E-02  6.7318097E-02  6.7318097E-02  6.7318097E-02  6.7318097E-02
  6.7318097E-02  6.7318097E-02  6.7318097E-02  6.7318097E-02  6.7318097E-02
  6.7318097E-02  6.7318097E-02  6.7318097E-02  6.7318097E-02  6.7318097E-02
  7.7798098E-02  7.7798098E-02  7.7798098E-02  7.7798098E-02  7.7798098E-02
  7.7798098E-02  7.7798098E-02  7.7798098E-02  7.7798098E-02  7.7798098E-02
  7.7798098E-02  7.7798098E-02  7.7798098E-02  7.7798098E-02  7.7798098E-02
  7.7798098E-02  7.7798098E-02  7.7798098E-02  8.8278100E-02  8.8278100E-02
  8.8278100E-02  8.8278100E-02  8.8278100E-02  8.8278100E-02  8.8278100E-02
  8.8278100E-02  8.8278100E-02  8.8278100E-02  8.8278100E-02  8.8278100E-02
  8.8278100E-02  8.8278100E-02  8.8278100E-02  8.8278100E-02  8.8278100E-02
  8.8278100E-02  9.8758101E-02  9.8758101E-02  9.8758101E-02  9.8758101E-02
  9.8758101E-02  9.8758101E-02  9.8758101E-02  9.8758101E-02  9.8758101E-02
  9.8758101E-02  9.8758101E-02  9.8758101E-02  9.8758101E-02  9.8758101E-02
  9.8758101E-02  9.8758101E-02  9.8758101E-02  9.8758101E-02  0.1092381    
  0.1092381      0.1092381      0.1092381      0.1092381      0.1092381    
  0.1092381      0.1092381      0.1092381      0.1092381      0.1092381    
  0.1092381      0.1092381      0.1092381      0.1092381      0.1092381    
  0.1092381      0.1092381      0.1197181      0.1197181      0.1197181    
  0.1197181      0.1197181      0.1197181      0.1197181      0.1197181    
  0.1197181      0.1197181      0.1197181      0.1197181      0.1197181    
  0.1197181      0.1197181      0.1197181      0.1197181      0.1197181    
  0.1301981      0.1301981      0.1301981      0.1301981      0.1301981    
  0.1301981      0.1301981      0.1301981      0.1301981      0.1301981    
  0.1301981      0.1301981      0.1301981      0.1301981      0.1301981    
  0.1301981      0.1301981      0.1301981      0.1406781      0.1406781    
  0.1406781      0.1406781      0.1406781      0.1406781      0.1406781    
  0.1406781      0.1406781      0.1406781      0.1406781      0.1406781    
  0.1406781      0.1406781      0.1406781      0.1406781      0.1406781    
  0.1406781      0.1511581      0.1511581      0.1511581      0.1511581    
  0.1511581      0.1511581      0.1511581      0.1511581      0.1511581    
  0.1511581      0.1511581      0.1511581      0.1511581      0.1511581    
  0.1511581      0.1511581      0.1511581      0.1511581      0.1616381    
  0.1616381      0.1616381      0.1616381      0.1616381      0.1616381    
  0.1616381      0.1616381      0.1616381      0.1616381      0.1616381    
  0.1616381      0.1616381      0.1616381      0.1616381      0.1616381    
  0.1616381      0.1616381      0.1721181      0.1721181      0.1721181    
  0.1721181      0.1721181      0.1721181      0.1721181      0.1721181    
  0.1721181      0.1721181      0.1721181      0.1721181      0.1721181    
  0.1721181      0.1721181      0.1721181      0.1721181      0.1721181    
  0.1825981      0.1825981      0.1825981      0.1825981      0.1825981    
  0.1825981      0.1825981      0.1825981      0.1825981      0.1825981    
  0.1825981      0.1825981      0.1825981      0.1825981      0.1825981    
  0.1825981      0.1825981      0.1825981      0.1930781      0.1930781    
  0.1930781      0.1930781      0.1930781      0.1930781      0.1930781    
  0.1930781      0.1930781      0.1930781      0.1930781      0.1930781    
  0.1930781      0.1930781      0.1930781      0.1930781      0.1930781    
  0.1930781      0.2035581      0.2035581      0.2035581      0.2035581    
  0.2035581      0.2035581      0.2035581      0.2035581      0.2035581    
  0.2035581      0.2035581      0.2035581      0.2035581      0.2035581    
  0.2035581      0.2035581      0.2035581      0.2035581      0.2140381    
  0.2140381      0.2140381      0.2140381      0.2140381      0.2140381    
  0.2140381      0.2140381      0.2140381      0.2140381      0.2140381    
  0.2140381      0.2140381      0.2140381      0.2140381      0.2140381    
  0.2140381      0.2140381      0.2245181      0.2245181      0.2245181    
  0.2245181      0.2245181      0.2245181      0.2245181      0.2245181    
  0.2245181      0.2245181      0.2245181      0.2245181      0.2245181    
  0.2245181      0.2245181      0.2245181      0.2245181      0.2245181    
  0.2349981      0.2349981      0.2349981      0.2349981      0.2349981    
  0.2349981      0.2349981      0.2349981      0.2349981      0.2349981    
  0.2349981      0.2349981      0.2349981      0.2349981      0.2349981    
  0.2349981      0.2349981      0.2349981    
  5.0649932E-03  4.9268338E-03  4.5161224E-03  3.8440637E-03  2.9289895E-03
  1.7958598E-03  4.7558453E-04 -9.9582458E-04 -2.5782287E-03 -4.2284653E-03
 -5.9015220E-03 -7.5517586E-03 -9.1341622E-03 -1.0605571E-02 -1.1925847E-02
 -1.3058976E-02 -1.3974049E-02 -1.4646108E-02 -1.5056820E-02 -1.5194979E-02
  4.9887896E-03  4.8527084E-03  4.4481768E-03  3.7862293E-03  2.8849225E-03
  1.7688407E-03  4.6842918E-04 -9.8084239E-04 -2.5394387E-03 -4.1648475E-03
 -5.8127334E-03 -7.4381409E-03 -8.9967372E-03 -1.0446008E-02 -1.1746421E-02
 -1.2862502E-02 -1.3763808E-02 -1.4425756E-02 -1.4830288E-02 -1.4966369E-02
  6.9628400E-03  6.6910530E-03  6.0820002E-03  5.1373844E-03  3.8669044E-03
  2.2967837E-03  4.7716056E-04 -1.5296051E-03 -3.6689520E-03 -5.8847964E-03
 -8.1193512E-03 -1.0314268E-02 -1.2411973E-02 -1.4357139E-02 -1.6098307E-02
 -1.7589446E-02 -1.8791340E-02 -1.9672651E-02 -2.0210622E-02 -2.0382656E-02
  5.8992519E-03  5.4187989E-03  4.5845290E-03  3.3746681E-03  1.7742345E-03
 -1.9829819E-04 -2.4672970E-03 -4.9328608E-03 -7.5282734E-03 -1.0189525E-02
 -1.2851942E-02 -1.5450692E-02 -1.7921742E-02 -2.0203350E-02 -2.2238044E-02
 -2.3974702E-02 -2.5370309E-02 -2.6391117E-02 -2.7013110E-02 -2.7195657E-02
  2.4159725E-03  1.8800705E-03  9.7862922E-04 -3.1561422E-04 -2.0232303E-03
 -4.1269609E-03 -6.5440079E-03 -9.1641787E-03 -1.1916632E-02 -1.4734186E-02
 -1.7549211E-02 -2.0293992E-02 -2.2901632E-02 -2.5307599E-02 -2.7451819E-02
 -2.9280890E-02 -3.0750003E-02 -3.1824108E-02 -3.2478370E-02 -3.2667384E-02
 -2.0147518E-03 -2.5331152E-03 -3.4563071E-03 -4.8054568E-03 -6.5936688E-03
 -8.7983552E-03 -1.1336677E-02 -1.4099864E-02 -1.7013105E-02 -2.0003987E-02
 -2.2999169E-02 -2.5925057E-02 -2.8708953E-02 -3.1280819E-02 -3.3575457E-02
 -3.5534829E-02 -3.7110016E-02 -3.8262546E-02 -3.8964961E-02 -3.9173495E-02
 -7.0888773E-03 -7.5999768E-03 -8.5418932E-03 -9.9322237E-03 -1.1779690E-02
 -1.4058381E-02 -1.6684918E-02 -1.9550707E-02 -2.2578098E-02 -2.5691114E-02
 -2.8812535E-02 -3.1864788E-02 -3.4771279E-02 -3.7458234E-02 -3.9856996E-02
 -4.1906379E-02 -4.3554723E-02 -4.4761267E-02 -4.5496814E-02 -4.5718309E-02
 -1.2757100E-02 -1.3254677E-02 -1.4201536E-02 -1.5611755E-02 -1.7489867E-02
 -1.9807210E-02 -2.2481013E-02 -2.5404278E-02 -2.8497746E-02 -3.1683125E-02
 -3.4880612E-02 -3.8009979E-02 -4.0992003E-02 -4.3750409E-02 -4.6214242E-02
 -4.8320208E-02 -5.0014757E-02 -5.1255558E-02 -5.2012183E-02 -5.2242793E-02
 -1.9033551E-02 -1.9509563E-02 -2.0447973E-02 -2.1858910E-02 -2.3742400E-02
 -2.6067270E-02 -2.8752588E-02 -3.1694606E-02 -3.4813508E-02 -3.8029656E-02
 -4.1261684E-02 -4.4427682E-02 -4.7446780E-02 -5.0241183E-02 -5.2738484E-02
 -5.4874074E-02 -5.6593198E-02 -5.7852432E-02 -5.8620494E-02 -5.8857452E-02
 -2.5900766E-02 -2.6350575E-02 -2.7270146E-02 -2.8665703E-02 -3.0532910E-02
 -3.2838538E-02 -3.5504356E-02 -3.8430918E-02 -4.1538779E-02 -4.4747934E-02
 -4.7976416E-02 -5.1141631E-02 -5.4162059E-02 -5.6959298E-02 -5.9460390E-02
 -6.1600197E-02 -6.3323408E-02 -6.4586051E-02 -6.5356381E-02 -6.5596759E-02
 -3.3360817E-02 -3.3782486E-02 -3.4675591E-02 -3.6042787E-02 -3.7875894E-02
 -4.0140193E-02 -4.2760674E-02 -4.5642793E-02 -4.8708264E-02 -5.1877581E-02
 -5.5069100E-02 -5.8200497E-02 -6.1190508E-02 -6.3961007E-02 -6.6439323E-02
 -6.8560503E-02 -7.0269331E-02 -7.1521819E-02 -7.2286122E-02 -7.2527036E-02
 -4.1479666E-02 -4.1869216E-02 -4.2724740E-02 -4.4045575E-02 -4.5820128E-02
 -4.8012823E-02 -5.0552737E-02 -5.3351223E-02 -5.6332216E-02 -5.9417866E-02
 -6.2528044E-02 -6.5581858E-02 -6.8499528E-02 -7.1204320E-02 -7.3624901E-02
 -7.5697474E-02 -7.7367708E-02 -7.8592271E-02 -7.9339676E-02 -7.9577506E-02
 -5.0205503E-02 -5.0561298E-02 -5.1372103E-02 -5.2634303E-02 -5.4333419E-02
 -5.6433562E-02 -5.8868382E-02 -6.1555665E-02 -6.4422317E-02 -6.7392990E-02
 -7.0389919E-02 -7.3334612E-02 -7.6149583E-02 -7.8760408E-02 -8.1097834E-02
 -8.3099939E-02 -8.4713928E-02 -8.5897550E-02 -8.6620115E-02 -8.6852096E-02
 -5.9418820E-02 -5.9742372E-02 -6.0507413E-02 -6.1707828E-02 -6.3326769E-02
 -6.5328419E-02 -6.7650944E-02 -7.0218407E-02 -7.2960943E-02 -7.5805992E-02
 -7.8678586E-02 -8.1502929E-02 -8.4204257E-02 -8.6710773E-02 -8.8955671E-02
 -9.0879180E-02 -9.2430256E-02 -9.3568034E-02 -9.4262742E-02 -9.4487600E-02
 -6.9034636E-02 -6.9328733E-02 -7.0050046E-02 -7.1190372E-02 -7.2730958E-02
 -7.4636266E-02 -7.6848708E-02 -7.9298139E-02 -8.1917882E-02 -8.4638231E-02
 -8.7387025E-02 -9.0091296E-02 -9.2679016E-02 -9.5081076E-02 -9.7233184E-02
 -9.9077746E-02 -0.1005656     -0.1016572     -0.1023239     -0.1025413    
 -7.9073429E-02 -7.9338863E-02 -8.0014184E-02 -8.1089489E-02 -8.2544655E-02
 -8.4344789E-02 -8.6436614E-02 -8.8755809E-02 -9.1239199E-02 -9.3820341E-02
 -9.6430354E-02 -9.8999530E-02 -0.1014591     -0.1037431     -0.1057900    
 -0.1075450     -0.1089609     -0.1100000     -0.1106347     -0.1108431    
 -8.9572601E-02 -8.9808099E-02 -9.0429842E-02 -9.1426730E-02 -9.2777915E-02
 -9.4449863E-02 -9.6394069E-02 -9.8552495E-02 -0.1008663     -0.1032734    
 -0.1057090     -0.1081078     -0.1104053     -0.1125395     -0.1144528    
 -0.1160936     -0.1174178     -0.1183897     -0.1189835     -0.1191797    
 -0.1005235     -0.1007276     -0.1012871     -0.1021903     -0.1034163    
 -0.1049337     -0.1066995     -0.1086623     -0.1107688     -0.1129619    
 -0.1151825     -0.1173707     -0.1194673     -0.1214155     -0.1231626    
 -0.1246614     -0.1258711     -0.1267593     -0.1273019     -0.1274823    
 -0.1118786     -0.1120509     -0.1125416     -0.1133391     -0.1144233    
 -0.1157655     -0.1173283     -0.1190678     -0.1209365     -0.1228837    
 -0.1248565     -0.1268014     -0.1286657     -0.1303986     -0.1319531    
 -0.1332869     -0.1343638     -0.1351545     -0.1356377     -0.1357993    
 -0.1236121     -0.1237524     -0.1241683     -0.1248487     -0.1257749    
 -0.1269218     -0.1282581     -0.1297472     -0.1313486     -0.1330185    
 -0.1347114     -0.1363812     -0.1379823     -0.1394710     -0.1408068    
 -0.1419533     -0.1428791     -0.1435591     -0.1439746     -0.1441143    
 -0.1357008     -0.1358095     -0.1361450     -0.1366971     -0.1374498    
 -0.1383821     -0.1394690     -0.1406816     -0.1419869     -0.1433491    
 -0.1447308     -0.1460942     -0.1474020     -0.1486185     -0.1497102    
 -0.1506474     -0.1514044     -0.1519605     -0.1523003     -0.1524152    
 -1.5056820E-02 -1.4646108E-02 -1.3974049E-02 -1.3058976E-02 -1.1925847E-02
 -1.0605571E-02 -9.1341622E-03 -7.5517586E-03 -5.9015220E-03 -4.2284653E-03
 -2.5782287E-03 -9.9582458E-04  4.7558453E-04  1.7958598E-03  2.9289895E-03
  3.8440637E-03  4.5161224E-03  4.9268338E-03 -1.4830288E-02 -1.4425756E-02
 -1.3763808E-02 -1.2862502E-02 -1.1746421E-02 -1.0446008E-02 -8.9967372E-03
 -7.4381409E-03 -5.8127334E-03 -4.1648475E-03 -2.5394387E-03 -9.8084239E-04
  4.6842918E-04  1.7688407E-03  2.8849225E-03  3.7862293E-03  4.4481768E-03
  4.8527084E-03 -2.0179622E-02 -1.9602627E-02 -1.8659478E-02 -1.7377196E-02
 -1.5792193E-02 -1.3949165E-02 -1.1899855E-02 -9.7017586E-03 -7.4167293E-03
 -5.1093856E-03 -2.8452838E-03 -6.8882975E-04  1.2988838E-03  3.0608568E-03
  4.5353947E-03  5.6759613E-03  6.4619398E-03  6.8897749E-03 -2.6920533E-02
 -2.6181990E-02 -2.4976516E-02 -2.3340831E-02 -2.1323856E-02 -1.8984966E-02
 -1.6392343E-02 -1.3621477E-02 -1.0753616E-02 -7.8738201E-03 -5.0684521E-03
 -2.4219495E-03 -1.3283454E-05  2.0835474E-03  3.7706301E-03  4.9830866E-03
  5.7191905E-03  6.0122656E-03 -3.2370571E-02 -3.1580601E-02 -3.0291462E-02
 -2.8542798E-02 -2.6387319E-02 -2.3888888E-02 -2.1120768E-02 -1.8164016E-02
 -1.5105877E-02 -1.2037732E-02 -9.0523651E-03 -6.2404219E-03 -3.6865042E-03
 -1.4699335E-03  3.0141382E-04  1.5572611E-03  2.2998522E-03  2.5711157E-03
 -3.8868681E-02 -3.8045049E-02 -3.6700461E-02 -3.4875587E-02 -3.2624677E-02
 -3.0013666E-02 -2.7118335E-02 -2.4022622E-02 -2.0816853E-02 -1.7595589E-02
 -1.4454821E-02 -1.1488447E-02 -8.7844348E-03 -6.4251726E-03 -4.5173620E-03
 -3.1326571E-03 -2.2762273E-03 -1.9158929E-03 -4.5406818E-02 -4.4557966E-02
 -4.3171898E-02 -4.1290160E-02 -3.8968269E-02 -3.6273781E-02 -3.3284474E-02
 -3.0086517E-02 -2.6772646E-02 -2.3439899E-02 -2.0186782E-02 -1.7109724E-02
 -1.4299247E-02 -1.1840085E-02 -9.8388931E-03 -8.3685983E-03 -7.4388315E-03
 -7.0230374E-03 -5.1929221E-02 -5.1068150E-02 -4.9661860E-02 -4.7752161E-02
 -4.5394987E-02 -4.2658553E-02 -3.9621424E-02 -3.6370721E-02 -3.3000194E-02
 -2.9607898E-02 -2.6293369E-02 -2.3154115E-02 -2.0281840E-02 -1.7762328E-02
 -1.5700791E-02 -1.4170365E-02 -1.3184706E-02 -1.2722840E-02 -5.8546208E-02
 -5.7684619E-02 -5.6277197E-02 -5.4365423E-02 -5.2004889E-02 -4.9263485E-02
 -4.6219502E-02 -4.2959817E-02 -3.9577872E-02 -3.6171407E-02 -3.2839607E-02
 -2.9679710E-02 -2.6783351E-02 -2.4236191E-02 -2.2140382E-02 -2.0568226E-02
 -1.9537456E-02 -1.9033331E-02 -6.5291300E-02 -6.4439036E-02 -6.3046560E-02
 -6.1154570E-02 -5.8817692E-02 -5.6102742E-02 -5.3086851E-02 -4.9855646E-02
 -4.6501238E-02 -4.3119930E-02 -3.9809458E-02 -3.6665682E-02 -3.3779118E-02
 -3.1234341E-02 -2.9129392E-02 -2.7534941E-02 -2.6472449E-02 -2.5933351E-02
 -7.2229952E-02 -7.1394935E-02 -7.0030391E-02 -6.8175897E-02 -6.5884635E-02
 -6.3221745E-02 -6.0262535E-02 -5.7090610E-02 -5.3795930E-02 -5.0472513E-02
 -4.7215752E-02 -4.4119280E-02 -4.1271683E-02 -3.8755670E-02 -3.6664568E-02
 -3.5066869E-02 -3.3987127E-02 -3.3422396E-02 -7.9292528E-02 -7.8485765E-02
 -7.7167153E-02 -7.5374655E-02 -7.3159322E-02 -7.0583820E-02 -6.7720629E-02
 -6.4650267E-02 -6.1459400E-02 -5.8238517E-02 -5.5079468E-02 -5.2072458E-02
 -4.9302947E-02 -4.6850719E-02 -4.4803396E-02 -4.3226432E-02 -4.2146876E-02
 -4.1566972E-02 -8.6581640E-02 -8.5810632E-02 -8.4550254E-02 -8.2836486E-02
 -8.0717862E-02 -7.8253999E-02 -7.5513907E-02 -7.2574325E-02 -6.9517776E-02
 -6.6430502E-02 -6.3399926E-02 -6.0512036E-02 -5.7848405E-02 -5.5485144E-02
 -5.3503644E-02 -5.1965784E-02 -5.0900497E-02 -5.0314631E-02 -9.4232075E-02
 -9.3498752E-02 -9.2299789E-02 -9.0669170E-02 -8.8652797E-02 -8.6307116E-02
 -8.3697557E-02 -8.0896892E-02 -7.7983394E-02 -7.5038776E-02 -7.2145984E-02
 -6.9386519E-02 -6.6837907E-02 -6.4572424E-02 -6.2665343E-02 -6.1174944E-02
 -6.0131490E-02 -5.9545752E-02 -0.1023001     -0.1016034     -0.1004642    
 -9.8914526E-02 -9.6997783E-02 -9.4767340E-02 -9.2285194E-02 -8.9620270E-02
 -8.6846709E-02 -8.4041938E-02 -8.1284486E-02 -7.8651585E-02 -7.6216795E-02
 -7.4048690E-02 -7.2216891E-02 -7.0776202E-02 -6.9757871E-02 -6.9175914E-02
 -0.1106170     -0.1099600     -0.1088855     -0.1074236     -0.1056150    
 -0.1035097     -0.1011662     -9.8649248E-02 -9.6028544E-02 -9.3376905E-02
 -9.0768166E-02 -8.8274993E-02 -8.5966699E-02 -8.3907835E-02 -8.2162358E-02
 -8.0781497E-02 -7.9796903E-02 -7.9225220E-02 -0.1189713     -0.1183622    
 -0.1173658     -0.1160100     -0.1143322     -0.1123788     -0.1102036    
 -0.1078666     -0.1054323     -0.1029680     -0.1005419     -9.8221369E-02
 -9.6070439E-02 -9.4148941E-02 -9.2514642E-02 -9.1214620E-02 -9.0280205E-02
 -8.9729838E-02 -0.1272945     -0.1267427     -0.1258398     -0.1246110    
 -0.1230900     -0.1213187     -0.1193458     -0.1172254     -0.1150159    
 -0.1127780     -0.1105734     -0.1084629     -0.1065045     -0.1047525    
 -0.1032577     -0.1020625     -0.1011970     -0.1006805     -0.1356344    
 -0.1351470     -0.1343497     -0.1332643     -0.1319205     -0.1303551    
 -0.1286111     -0.1267362     -0.1247816     -0.1228010     -0.1208487    
 -0.1189782     -0.1172407     -0.1156841     -0.1143520     -0.1132817    
 -0.1125011     -0.1120297     -0.1439744     -0.1435586     -0.1428783    
 -0.1419520     -0.1408050     -0.1394686     -0.1379792     -0.1363775    
 -0.1347072     -0.1330138     -0.1313437     -0.1297422     -0.1282532    
 -0.1269173     -0.1257709     -0.1248455     -0.1241661     -0.1237512    
 -0.1523022     -0.1519648     -0.1514126     -0.1506606     -0.1497292    
 -0.1486437     -0.1474337     -0.1461321     -0.1447742     -0.1433970    
 -0.1420378     -0.1407336     -0.1395198     -0.1384294     -0.1374912    
 -0.1367304     -0.1361685     -0.1358218    
  0.0000000E+00  2.4675002E-04  4.0497759E-04  5.1349634E-04  6.1582017E-04
  7.3354645E-04  8.4232603E-04  9.0237410E-04  9.1257872E-04  8.7923184E-04
  8.1091037E-04  7.1703258E-04  6.0678861E-04  4.8866868E-04  3.7051411E-04
  2.5979005E-04  1.6373697E-04  8.9150679E-05  4.1780608E-05  0.0000000E+00
  0.0000000E+00  2.4303763E-04  3.9888467E-04  5.0577073E-04  6.0655514E-04
  7.2251010E-04  8.2965312E-04  8.8879775E-04  8.9884887E-04  8.6600368E-04
  7.9871016E-04  7.0624473E-04  5.9765938E-04  4.8131665E-04  3.6493968E-04
  2.5588149E-04  1.6127354E-04  8.7809400E-05  4.1152012E-05  0.0000000E+00
 -1.7835081E-03 -1.4026964E-03 -1.0471372E-03 -6.6831615E-04 -2.1383900E-04
  3.3681514E-04  9.4009575E-04  1.5298529E-03  2.0907091E-03  2.6162341E-03
  3.1024427E-03  3.5462668E-03  3.9445497E-03  4.2938287E-03  4.5908093E-03
  4.8331171E-03  5.0198385E-03  5.1515172E-03  5.2295756E-03  5.2209487E-03
 -3.7287360E-03 -3.1830180E-03 -2.5004954E-03 -1.6293330E-03 -5.1737821E-04
  8.4487733E-04  2.3857444E-03  4.0030526E-03  5.6535425E-03  7.3029283E-03
  8.9187436E-03  1.0469249E-02  1.1922984E-02  1.3249252E-02  1.4419422E-02
  1.5408499E-02  1.6196404E-02  1.6768461E-02  1.7115138E-02  1.7189538E-02
 -1.6773610E-03 -1.0839710E-03 -3.1619513E-04  6.7970855E-04  1.9570519E-03
  3.5232254E-03  5.2989027E-03  7.1718954E-03  9.0920217E-03  1.1018281E-02
  1.2911414E-02  1.4732855E-02  1.6444404E-02  1.8008871E-02  1.9391578E-02
  2.0562153E-02  2.1495974E-02  2.2174802E-02  2.2586552E-02  2.2680307E-02
  1.1795906E-03  1.7805125E-03  2.5117474E-03  3.4324520E-03  4.6027498E-03
  6.0354494E-03  7.6527013E-03  9.3428660E-03  1.1060801E-02  1.2771699E-02
  1.4442954E-02  1.6042832E-02  1.7539850E-02  1.8903239E-02  2.0104272E-02
  2.1117970E-02  2.1924427E-02  2.2509299E-02  2.2863446E-02  2.2935176E-02
  3.7318012E-03  4.3409523E-03  5.0548892E-03  5.9363712E-03  7.0499661E-03
  8.4117986E-03  9.9444184E-03  1.1535821E-02  1.3143596E-02  1.4736420E-02
  1.6285464E-02  1.7762873E-02  1.9140990E-02  2.0392684E-02  2.1492613E-02
  2.2418858E-02  2.3154208E-02  2.3686571E-02  2.4008496E-02  2.4067510E-02
  6.0564815E-03  6.6652205E-03  7.3536173E-03  8.1869522E-03  9.2330687E-03
  1.0510964E-02  1.1944583E-02  1.3423068E-02  1.4907109E-02  1.6369035E-02
  1.7783914E-02  1.9127864E-02  2.0377159E-02  2.1508401E-02  2.2499742E-02
  2.3332397E-02  2.3991885E-02  2.4468357E-02  2.4756055E-02  2.4802461E-02
  8.0227470E-03  8.6222393E-03  9.2735449E-03  1.0043675E-02  1.1002974E-02
  1.2173213E-02  1.3480923E-02  1.4818062E-02  1.6149189E-02  1.7450912E-02
  1.8702794E-02  1.9885534E-02  2.0979900E-02  2.1966826E-02  2.2828465E-02
  2.3549652E-02  2.4119010E-02  2.4529222E-02  2.4776397E-02  2.4808738E-02
  9.5954100E-03  1.0179161E-02  1.0787304E-02  1.1487755E-02  1.2352466E-02
  1.3405635E-02  1.4577119E-02  1.5762823E-02  1.6931437E-02  1.8063957E-02
  1.9144515E-02  2.0158432E-02  2.1091048E-02  2.1927662E-02  2.2654509E-02
  2.3260066E-02  2.3736089E-02  2.4077779E-02  2.4283087E-02  2.4301510E-02
  1.0810982E-02  1.1374549E-02  1.1937730E-02  1.2568542E-02  1.3339621E-02
  1.4277080E-02  1.5314486E-02  1.6352367E-02  1.7363423E-02  1.8332785E-02
  1.9248828E-02  2.0101171E-02  2.0879379E-02  2.1572828E-02  2.2171529E-02
  2.2667352E-02  2.3054933E-02  2.3331769E-02  2.3497494E-02  2.3503277E-02
  1.1599003E-02  1.2135653E-02  1.2649157E-02  1.3206610E-02  1.3880201E-02
  1.4697415E-02  1.5596213E-02  1.6482843E-02  1.7334113E-02  1.8139152E-02
  1.8890422E-02  1.9581636E-02  2.0206407E-02  2.0758003E-02  2.1230064E-02
  2.1617686E-02  2.1918239E-02  2.2131374E-02  2.2258261E-02  2.2252344E-02
  1.1911248E-02  1.2416864E-02  1.2879322E-02  1.3364021E-02  1.3941802E-02
  1.4641020E-02  1.5404368E-02  1.6144427E-02  1.6841961E-02  1.7489826E-02
  1.8084224E-02  1.8622601E-02  1.9102266E-02  1.9520052E-02  1.9872919E-02
  2.0158909E-02  2.0377865E-02  2.0531360E-02  2.0621927E-02  2.0605646E-02
  1.1742522E-02  1.2216892E-02  1.2631267E-02  1.3049000E-02  1.3539139E-02
  1.4130529E-02  1.4770451E-02  1.5377721E-02  1.5936682E-02  1.6443463E-02
  1.6897511E-02  1.7299514E-02  1.7649988E-02  1.7948858E-02  1.8195970E-02
  1.8391928E-02  1.8538687E-02  1.8639477E-02  1.8697975E-02  1.8672917E-02
  1.1097834E-02  1.1542651E-02  1.1913527E-02  1.2271676E-02  1.2684191E-02
  1.3180151E-02  1.3711071E-02  1.4201579E-02  1.4639162E-02  1.5022755E-02
  1.5354573E-02  1.5638055E-02  1.5876438E-02  1.6072286E-02  1.6227895E-02
  1.6346036E-02  1.6430467E-02  1.6485794E-02  1.6516645E-02  1.6484277E-02
  9.9699134E-03  1.0384158E-02  1.0713478E-02  1.1016521E-02  1.1357896E-02
  1.1766537E-02  1.2198150E-02  1.2583228E-02  1.2912091E-02  1.3186073E-02
  1.3409722E-02  1.3588785E-02  1.3728772E-02  1.3834465E-02  1.3910223E-02
  1.3960630E-02  1.3990931E-02  1.4006846E-02  1.4013767E-02  1.3975568E-02
  8.3458815E-03  8.7252837E-03  9.0124337E-03  9.2625264E-03  9.5366566E-03
  9.8629855E-03  1.0201721E-02  1.0489823E-02  1.0720199E-02  1.0896165E-02
  1.1024128E-02  1.1111638E-02  1.1165993E-02  1.1193727E-02  1.1200832E-02
  1.1193313E-02  1.1177542E-02  1.1160053E-02  1.1146751E-02  1.1104507E-02
  6.1957198E-03  6.5353867E-03  6.7796153E-03  6.9791325E-03  7.1903379E-03
  7.4399211E-03  7.6929484E-03  7.8935260E-03  8.0368835E-03  8.1278523E-03
  8.1741540E-03  8.1845783E-03  8.1676608E-03  8.1311613E-03  8.0822203E-03
  8.0278181E-03  7.9750540E-03  7.9309251E-03  7.9015754E-03  7.8573115E-03
  3.4916396E-03  3.7880640E-03  3.9900145E-03  4.1429051E-03  4.2974357E-03
  4.4781868E-03  4.6552708E-03  4.7803870E-03  4.8507443E-03  4.8721805E-03
  4.8531634E-03  4.8031313E-03  4.7312770E-03  4.6460335E-03  4.5551802E-03
  4.4662040E-03  4.3865144E-03  4.3232157E-03  4.2824210E-03  4.2381817E-03
  2.5177372E-04  5.0175900E-04  6.6272519E-04  7.7392667E-04  8.7936025E-04
  1.0008296E-03  1.1136313E-03  1.1774302E-03  1.1910185E-03  1.1606743E-03
  1.0949844E-03  1.0033853E-03  8.9508470E-04  7.7858521E-04  6.6173909E-04
  5.5202655E-04  4.5671110E-04  3.8261813E-04  3.3552820E-04  2.9353276E-04
 -3.5167013E-03 -3.3160874E-03 -3.1943312E-03 -3.1191723E-03 -3.0543196E-03
 -2.9814225E-03 -2.9199068E-03 -2.9018261E-03 -2.9272388E-03 -2.9900316E-03
 -3.0821662E-03 -3.1948967E-03 -3.3196791E-03 -3.4485862E-03 -3.5742903E-03
 -3.6898633E-03 -3.7886710E-03 -3.8645728E-03 -3.9124340E-03 -3.9498564E-03
 -4.7882830E-05 -1.1339305E-04 -2.1766267E-04 -3.5413244E-04 -5.1490421E-04
 -6.9137244E-04 -8.7448111E-04 -1.0546163E-03 -1.2213812E-03 -1.3635978E-03
 -1.4698319E-03 -1.5295185E-03 -1.5344592E-03 -1.4764890E-03 -1.3177485E-03
 -1.0443049E-03 -6.9397595E-04 -3.2804051E-04 -4.7162426E-05 -1.1168704E-04
 -2.1438791E-04 -3.4880449E-04 -5.0715741E-04 -6.8097067E-04 -8.6132449E-04
 -1.0387495E-03 -1.2030054E-03 -1.3430823E-03 -1.4477182E-03 -1.5065067E-03
 -1.5113731E-03 -1.4542751E-03 -1.2979227E-03 -1.0285932E-03 -6.8353501E-04
 -3.2310508E-04  5.1085539E-03  4.8781382E-03  4.5050522E-03  4.0044873E-03
  3.3957334E-03  2.7010916E-03  1.9452355E-03  1.1550190E-03  3.5939761E-04
 -4.1098078E-04 -1.1249026E-03 -1.7525458E-03 -2.2679232E-03 -2.6461361E-03
 -2.8236350E-03 -2.7709275E-03 -2.5304279E-03 -2.1785086E-03  1.6968671E-02
  1.6437603E-02  1.5573382E-02  1.4405649E-02  1.2973080E-02  1.1321641E-02
  9.5033124E-03  7.5752386E-03  5.5989707E-03  3.6392391E-03  1.7618458E-03
  3.0526891E-05 -1.4967630E-03 -2.7652420E-03 -3.6758860E-03 -4.1740201E-03
 -4.2956490E-03 -4.1219452E-03  2.2431286E-02  2.1824066E-02  2.0835519E-02
  1.9499049E-02  1.7858336E-02  1.5965443E-02  1.3879350E-02  1.1664964E-02
  9.3921777E-03  7.1344660E-03  4.9664993E-03  2.9606877E-03  1.1831219E-03
 -3.0380138E-04 -1.3912291E-03 -2.0178715E-03 -2.2192076E-03 -2.0793120E-03
  2.2698995E-02  2.2137815E-02  2.1224903E-02  1.9991977E-02  1.8480331E-02
  1.6738929E-02  1.4823059E-02  1.2793457E-02  1.0715536E-02  8.6581325E-03
  6.6912309E-03  4.8825406E-03  3.2934479E-03  1.9820319E-03  1.0563987E-03
  5.7529437E-04  4.9616059E-04  7.2629127E-04  2.3837535E-02  2.3300383E-02
  2.2426998E-02  2.1248300E-02  1.9804398E-02  1.8142715E-02  1.6316673E-02
  1.4384893E-02  1.2410520E-02  1.0460045E-02  8.6010844E-03  6.8989624E-03
  5.4126317E-03  4.1979523E-03  3.3632556E-03  2.9661318E-03  2.9595285E-03
  3.2450065E-03  2.4581306E-02  2.4073610E-02  2.3248555E-02  2.2135893E-02
  2.0774106E-02  1.9208560E-02  1.7490238E-02  1.5675008E-02  1.3823077E-02
  1.1997871E-02  1.0263907E-02  8.6834282E-03  7.3123453E-03  6.2037138E-03
  5.4646377E-03  5.1508741E-03  5.2118110E-03  5.5449819E-03  2.4600150E-02
  2.4131095E-02  2.3369314E-02  2.2342898E-02  2.1088047E-02  1.9647285E-02
  1.8068250E-02  1.6403101E-02  1.4708033E-02  1.3042307E-02  1.1466217E-02
  1.0037826E-02  8.8090086E-03  7.8290692E-03  7.2022649E-03  6.9815917E-03
  7.1133925E-03  7.4924058E-03  2.4107408E-02  2.3680929E-02  2.2988802E-02
  2.2057189E-02  2.0919681E-02  1.9615572E-02  1.8188749E-02  1.6687186E-02
  1.5162583E-02  1.3669511E-02  1.2263505E-02  1.0997941E-02  9.9202096E-03
  9.0754442E-03  8.5639646E-03  8.4355064E-03  8.6340904E-03  9.0529555E-03
  2.3324158E-02  2.2940215E-02  2.2317618E-02  2.1480529E-02  2.0459855E-02
  1.9291595E-02  1.8015815E-02  1.6676251E-02  1.5320038E-02  1.3996986E-02
  1.2757789E-02  1.1651075E-02  1.0719726E-02  1.0004679E-02  9.6016806E-03
  9.5570283E-03  9.8132519E-03  1.0263374E-02  2.2089653E-02  2.1750500E-02
  2.1201037E-02  2.0463238E-02  1.9565079E-02  1.8538995E-02  1.7420955E-02
  1.6250141E-02  1.5068801E-02  1.3921625E-02  1.2854110E-02  1.1909794E-02
  1.1126789E-02  1.0541556E-02  1.0244223E-02  1.0277245E-02  1.0582631E-02
  1.1054789E-02  2.0459743E-02  2.0164996E-02  1.9687982E-02  1.9048436E-02
  1.8271359E-02  1.7385572E-02  1.6422920E-02  1.5418013E-02  1.4408180E-02
  1.3432957E-02  1.2532615E-02  1.1745578E-02  1.1105197E-02  1.0643470E-02
  1.0444329E-02  1.0546243E-02  1.0891516E-02  1.1377173E-02  1.8542774E-02
  1.8288886E-02  1.7878508E-02  1.7329264E-02  1.6663365E-02  1.5906280E-02
  1.5086000E-02  1.4232898E-02  1.3379737E-02  1.2561261E-02  1.1812874E-02
  1.1168263E-02  1.0656380E-02  1.0305092E-02  1.0192250E-02  1.0352541E-02
  1.0729046E-02  1.1221965E-02  1.6368356E-02  1.6150819E-02  1.5799696E-02
  1.5330710E-02  1.4763560E-02  1.4120693E-02  1.3426663E-02  1.2708042E-02
  1.1993499E-02  1.1313486E-02  1.0699050E-02  1.0179631E-02  9.7802607E-03
  9.5251184E-03  9.4863884E-03  9.6953306E-03  1.0096040E-02  1.0592042E-02
  1.3873166E-02  1.3689237E-02  1.3392858E-02  1.2997937E-02  1.2521798E-02
  1.1984042E-02  1.1405993E-02  1.0810662E-02  1.0222885E-02  9.6690897E-03
  9.1762319E-03  8.7697757E-03  8.4711118E-03  8.3009796E-03  8.3258664E-03
  8.5737314E-03  8.9902077E-03  9.4828289E-03  1.1015721E-02  1.0864064E-02
  1.0620181E-02  1.0296152E-02  9.9069178E-03  9.4692633E-03  9.0013267E-03
  8.5226223E-03  8.0542210E-03  7.6185861E-03  7.2386414E-03  6.9359560E-03
  6.7283856E-03  6.6333306E-03  6.7110192E-03  6.9860201E-03  7.4064685E-03
  7.8853080E-03  7.7822651E-03  7.6614115E-03  7.4675474E-03  7.2109066E-03
  6.9040451E-03  6.5609482E-03  6.1966204E-03  5.8271466E-03  5.4699001E-03
  5.1434478E-03  4.8667463E-03  4.6575461E-03  4.5302967E-03  4.4991542E-03
  4.6174489E-03  4.9062558E-03  5.3173006E-03  5.7705459E-03  4.1765566E-03
  4.0840758E-03  3.9362023E-03  3.7413561E-03  3.5097816E-03  3.2527791E-03
  2.9823668E-03  2.7113757E-03  2.4536713E-03  2.2241094E-03  2.0378723E-03
  1.9090929E-03  1.8490409E-03  1.8688355E-03  2.0145040E-03  2.3036355E-03
  2.6924987E-03  3.1094186E-03  2.4479261E-04  1.7765249E-04  7.0750888E-05
 -6.9236849E-05 -2.3426663E-04 -4.1556629E-04 -6.0389726E-04 -7.8944804E-04
 -9.6160843E-04 -1.1089740E-03 -1.2198797E-03 -1.2835414E-03 -1.2915742E-03
 -1.2356320E-03 -1.0773290E-03 -8.0250186E-04 -4.4936911E-04 -7.9904537E-05
 -3.9864057E-03 -4.0316703E-03 -4.1033239E-03 -4.1963467E-03 -4.3047569E-03
 -4.4221152E-03 -4.5417203E-03 -4.6564993E-03 -4.7587981E-03 -4.8403563E-03
 -4.8927171E-03 -4.9081268E-03 -4.8807445E-03 -4.8046922E-03 -4.6495055E-03
 -4.4043516E-03 -4.1009630E-03 -3.7902873E-03
  1.8661840E-08  1.3153645E-08  1.1381903E-08  1.2889622E-08  1.5568389E-08
  1.7378397E-08  1.8933207E-08  2.1169900E-08  2.3770863E-08  2.6278681E-08
  2.8254441E-08  2.9373766E-08  2.9442255E-08  2.8344928E-08  2.5986367E-08
  2.2279711E-08  1.7206258E-08  1.0906323E-08  9.4796455E-09 -2.4492056E-07
  3.3951676E-07  6.8988624E-07  7.5902153E-07  5.5831748E-07  1.1938266E-07
 -5.6169421E-07 -1.4549692E-06 -2.4743606E-06 -3.5131204E-06 -4.4574522E-06
 -5.1996544E-06 -5.6488925E-06 -5.7392649E-06 -5.4354682E-06 -4.7367157E-06
 -3.6786287E-06 -2.3322382E-06 -9.3618200E-07  1.2416835E-06  1.8856113E-06
  2.3192238E-06  2.4174078E-06  2.0128502E-06  9.1879770E-07 -8.7914066E-07
 -3.1297736E-06 -5.6194140E-06 -8.1090529E-06 -1.0346453E-05 -1.2090992E-05
 -1.3137034E-05 -1.3335182E-05 -1.2609216E-05 -1.0966362E-05 -8.4995118E-06
 -5.3798103E-06 -1.8906721E-06  9.4513075E-07  7.3179672E-07  5.9266426E-07
  5.1662482E-07  4.0533405E-07  8.7030230E-08 -4.8348102E-07 -1.1393786E-06
 -1.8132873E-06 -2.4476994E-06 -2.9868443E-06 -3.3808096E-06 -3.5887497E-06
 -3.5818985E-06 -3.3466067E-06 -2.8868535E-06 -2.2256309E-06 -1.4043108E-06
 -5.5850433E-07  1.1326192E-06  7.1921022E-07  5.8833939E-07  8.2607357E-07
  1.3731515E-06  1.9994902E-06  2.5763006E-06  3.2607638E-06  4.0209025E-06
  4.7807753E-06  5.4496045E-06  5.9329723E-06  6.1466935E-06  6.0304051E-06
  5.5575829E-06  4.7388385E-06  3.6186486E-06  2.2674462E-06  4.8467359E-07
  1.7520119E-06  1.2883252E-06  1.1445600E-06  1.3881413E-06  1.8914873E-06
  2.3261955E-06  2.5484501E-06  2.8087095E-06  3.1170580E-06  3.4369305E-06
  3.7175557E-06  3.9021793E-06  3.9387733E-06  3.7902462E-06  3.4414529E-06
  2.9006239E-06  2.1956087E-06  1.3675465E-06  1.8259084E-07  2.2751979E-06
  1.7836710E-06  1.6760100E-06  2.0201114E-06  2.6418024E-06  3.1292891E-06
  3.3146807E-06  3.5137141E-06  3.7492457E-06  3.9900633E-06  4.1893295E-06
  4.2933461E-06  4.2526431E-06  4.0327036E-06  3.6204990E-06  3.0257079E-06
  2.2763479E-06  1.4122361E-06  1.7610296E-07  2.8302720E-06  2.3597418E-06
  2.3446300E-06  2.8562822E-06  3.6749323E-06  4.3029249E-06  4.5441202E-06
  4.7764443E-06  5.0293174E-06  5.2693927E-06  5.4460143E-06  5.5011815E-06
  5.3821013E-06  5.0528542E-06  4.5013758E-06  3.7404970E-06  2.8030904E-06
  1.7348218E-06  2.5720590E-07  3.3306842E-06  2.8757008E-06  2.9353373E-06
  3.5809408E-06  4.5494567E-06  5.2663700E-06  5.5126984E-06  5.7242009E-06
  5.9399199E-06  6.1293395E-06  6.2434551E-06  6.2253330E-06  6.0234584E-06
  5.6036361E-06  4.9559776E-06  4.0954992E-06  3.0569090E-06  1.8870314E-06
  2.9041382E-07  3.7461784E-06  3.2817857E-06  3.3787862E-06  4.1067260E-06
  5.1645916E-06  5.9130725E-06  6.1159126E-06  6.2600975E-06  6.3962384E-06
  6.5001877E-06  6.5285531E-06  6.4293231E-06  6.1552960E-06  5.6759568E-06
  4.9839805E-06  4.0953632E-06  3.0439196E-06  1.8737535E-06  2.7444798E-07
  4.1432395E-06  3.6995884E-06  3.8616176E-06  4.6965029E-06  5.8676596E-06
  6.6767807E-06  6.8723266E-06  6.9855519E-06  7.0754841E-06  7.1218001E-06
  7.0842780E-06  6.9138064E-06  6.5661111E-06  6.0134489E-06  5.2508740E-06
  4.2959173E-06  3.1828490E-06  1.9552156E-06  2.9756529E-07  4.4279413E-06
  4.0176328E-06  4.2403758E-06  5.1600509E-06  6.4142400E-06  7.2633075E-06
  7.4454838E-06  7.5234816E-06  7.5635971E-06  7.5500943E-06  7.4470945E-06
  7.2097109E-06  6.7975557E-06  6.1863384E-06  5.3735585E-06  4.3779874E-06
  3.2335784E-06  1.9822660E-06  3.0482443E-07  4.5691804E-06  4.1916110E-06
  4.4547146E-06  5.4188258E-06  6.7080596E-06  7.5626308E-06  7.7161176E-06
  7.7479808E-06  7.7308359E-06  7.6544720E-06  7.4887398E-06  7.1942663E-06
  6.7355631E-06  6.0921548E-06  5.2639512E-06  4.2701759E-06  3.1434779E-06
  1.9226832E-06  2.8257364E-07  4.6162540E-06  4.2725105E-06  4.5652127E-06
  5.5513469E-06  6.8499667E-06  7.6953338E-06  7.8200019E-06  7.8097046E-06
  7.7417562E-06  7.6111064E-06  7.3931478E-06  7.0539145E-06  6.5626168E-06
  5.9023369E-06  5.0750041E-06  4.1000771E-06  3.0086139E-06  1.8361452E-06
  2.5179816E-07  4.6256428E-06  4.3199771E-06  4.6433156E-06  5.6486679E-06
  6.9530984E-06  7.7925097E-06  7.9019737E-06  7.8663088E-06  7.7651457E-06
  7.5970343E-06  7.3415517E-06  6.9689736E-06  6.4524943E-06  5.7781781E-06
  4.9495598E-06  3.9863298E-06  2.9181192E-06  1.7780067E-06  2.4038309E-07
  4.5715074E-06  4.3082318E-06  4.6596688E-06  5.6736544E-06  6.9702114E-06
  7.7988989E-06  7.9027004E-06  7.8550420E-06  7.7352870E-06  7.5443127E-06
  7.2648709E-06  6.8709442E-06  6.3393045E-06  5.6586614E-06  4.8340025E-06
  3.8846983E-06  2.8391341E-06  1.7280308E-06  2.4485598E-07  4.4085346E-06
  4.1989861E-06  4.5754914E-06  5.5797163E-06  6.8440067E-06  7.6497799E-06
  7.7539717E-06  7.7041814E-06  7.5769958E-06  7.3748888E-06  7.0835167E-06
  6.6805806E-06  6.1464616E-06  5.4725033E-06  4.6648593E-06  3.7423415E-06
  2.7317719E-06  1.6613467E-06  2.5185091E-07  4.1192088E-06  3.9722108E-06
  4.3656783E-06  5.3346803E-06  6.5350469E-06  7.2999665E-06  7.4057734E-06
  7.3593383E-06  7.2323137E-06  7.0284232E-06  6.7363217E-06  6.3376237E-06
  5.8164051E-06  5.1666793E-06  4.3953878E-06  3.5205940E-06  2.5668878E-06
  1.5599253E-06  2.5043937E-07  3.7111768E-06  3.6157016E-06  4.0014766E-06
  4.8969669E-06  5.9914619E-06  6.6878765E-06  6.7873334E-06  6.7430719E-06
  6.6198354E-06  6.4221585E-06  6.1418159E-06  5.7642446E-06  5.2772239E-06
  4.6769601E-06  3.9709239E-06  3.1755635E-06  2.3125267E-06  1.4043289E-06
  2.3543907E-07  3.1923100E-06  3.1404597E-06  3.4979057E-06  4.2866632E-06
  5.2389478E-06  5.8439291E-06  5.9329868E-06  5.8929618E-06  5.7797479E-06
  5.5983728E-06  5.3431195E-06  5.0033559E-06  4.5701872E-06  4.0416453E-06
  3.4251225E-06  2.7349597E-06  1.9894251E-06  1.2071814E-06  2.1036612E-07
  1.0864185E-08  1.5022151E-08  2.3941121E-08  3.1449897E-08  3.7341735E-08
  4.1575774E-08  4.4187594E-08  4.5231374E-08  4.4791840E-08  4.3044786E-08
  4.0308215E-08  3.7027462E-08  3.3678504E-08  3.0662370E-08  2.9238699E-08
  2.9964752E-08  3.0588417E-08  2.8932718E-08  2.4809884E-08  4.5028719E-07
  1.7133798E-06  2.6979824E-06  3.4589266E-06  3.9334614E-06  4.0859786E-06
  3.9134452E-06  3.4462878E-06  2.7439592E-06  1.8865030E-06  9.6437566E-07
  6.8933360E-08 -7.1548192E-07 -1.3213067E-06 -1.7444939E-06 -1.9532536E-06
 -1.8706641E-06 -1.4918184E-06 -9.1036748E-07  1.7192215E-06  5.1665411E-06
  8.1654471E-06  1.0539865E-05  1.2124134E-05  1.2827493E-05  1.2643133E-05
  1.1647700E-05  9.9917843E-06  7.8825433E-06  5.5605751E-06  3.2740536E-06
  1.2522174E-06 -3.1347824E-07 -1.2416717E-06 -1.4890368E-06 -1.1629452E-06
 -4.5549103E-07  4.2133468E-07  2.8315935E-07  1.0585154E-06  1.6785998E-06
  2.1775659E-06  2.5217287E-06  2.6918469E-06  2.6860776E-06  2.5210138E-06
  2.2299441E-06  1.8586745E-06  1.4590862E-06  1.0820047E-06  7.7033951E-07
  5.6603267E-07  5.9554850E-07  8.0146901E-07  1.0119900E-06  1.1189995E-06
  1.1020488E-06 -1.4988202E-06 -3.5518024E-06 -5.6566168E-06 -7.3964297E-06
 -8.6782075E-06 -9.4493789E-06 -9.6969825E-06 -9.4438810E-06 -8.7444259E-06
 -7.6800525E-06 -6.3548323E-06 -4.8887896E-06 -3.4075965E-06 -2.0040227E-06
 -5.6513454E-07  6.9431371E-07  1.4724064E-06  1.7101538E-06  1.5471478E-06
 -1.1747888E-06 -2.6214534E-06 -4.1842077E-06 -5.4909542E-06 -6.4769420E-06
 -7.1047148E-06 -7.3619517E-06 -7.2578878E-06 -6.8202608E-06 -6.0936682E-06
 -5.1391530E-06 -4.0327268E-06 -2.8606103E-06 -1.6802876E-06 -3.0503361E-07
  1.0350118E-06  1.9447561E-06  2.2904774E-06  2.1840442E-06 -1.2403896E-06
 -2.7557771E-06 -4.4066896E-06 -5.7993716E-06 -6.8678264E-06 -7.5726684E-06
 -7.8986886E-06 -7.8510357E-06 -7.4520058E-06 -6.7400410E-06 -5.7702355E-06
 -4.6143477E-06 -3.3574483E-06 -2.0536349E-06 -4.6483865E-07  1.1424772E-06
  2.2815548E-06  2.7690480E-06  2.7214255E-06 -1.4176308E-06 -3.1985746E-06
 -5.1237944E-06 -6.7611172E-06 -8.0356403E-06 -8.9012165E-06 -9.3380349E-06
 -9.3482759E-06 -8.9526193E-06 -8.1893813E-06 -7.1153395E-06 -5.8065866E-06
 -4.3556120E-06 -2.8204363E-06 -9.1428865E-07  1.0525696E-06  2.4958595E-06
  3.1841669E-06  3.2446610E-06 -1.5116824E-06 -3.4263180E-06 -5.4970374E-06
 -7.2705279E-06 -8.6684331E-06 -9.6412095E-06 -1.0165523E-05 -1.0239475E-05
 -9.8793953E-06 -9.1189468E-06 -8.0110149E-06 -6.6295665E-06 -5.0678273E-06
 -3.3825349E-06 -1.2413666E-06  1.0108906E-06  2.7048886E-06  3.5632720E-06
  3.7177092E-06 -1.5322748E-06 -3.4579512E-06 -5.5548821E-06 -7.3614965E-06
 -8.8005118E-06 -9.8220153E-06 -1.0400489E-05 -1.0529952E-05 -1.0220761E-05
 -9.4993038E-06 -8.4108860E-06 -7.0229080E-06 -5.4245766E-06 -3.6675040E-06
 -1.3788535E-06  1.0710837E-06  2.9429782E-06  3.9189335E-06  4.1309731E-06
 -1.5676660E-06 -3.5535754E-06 -5.7159355E-06 -7.5897669E-06 -9.0972544E-06
 -1.0186926E-05 -1.0830566E-05 -1.1018356E-05 -1.0755612E-05 -1.0062922E-05
 -8.9796922E-06 -7.5684893E-06 -5.9158019E-06 -4.0697487E-06 -1.6220372E-06
  1.0341864E-06  3.0953920E-06  4.2059219E-06  4.4979838E-06 -1.5785508E-06
 -3.5842445E-06 -5.7721372E-06 -7.6781125E-06 -9.2253185E-06 -1.0361848E-05
 -1.1057479E-05 -1.1298930E-05 -1.1086522E-05 -1.0434912E-05 -9.3771814E-06
 -7.9701940E-06 -6.2964418E-06 -4.3999667E-06 -1.8473584E-06  9.5359928E-07
  3.1553573E-06  4.3747214E-06  4.7415397E-06 -1.5611226E-06 -3.5303283E-06
 -5.6908389E-06 -7.5812868E-06 -9.1275297E-06 -1.0278688E-05 -1.1003703E-05
 -1.1286452E-05 -1.1122831E-05 -1.0521718E-05 -9.5098139E-06 -8.1378394E-06
 -6.4831147E-06 -4.5851089E-06 -1.9973525E-06  8.6674544E-07  3.1396544E-06
  4.4235976E-06  4.8439088E-06 -1.5335836E-06 -3.4477439E-06 -5.5621563E-06
 -7.4190239E-06 -8.9473542E-06 -1.0097823E-05 -1.0839069E-05 -1.1152903E-05
 -1.1031576E-05 -1.0479170E-05 -9.5168725E-06 -8.1898761E-06 -6.5705431E-06
 -4.6941941E-06 -2.1098597E-06  7.6914148E-07  3.0709602E-06  4.3921214E-06
  4.8528118E-06 -1.4917114E-06 -3.3508904E-06 -5.4101993E-06 -7.2249991E-06
 -8.7274057E-06 -9.8696155E-06 -1.0620056E-05 -1.0958973E-05 -1.0875611E-05
 -1.0369968E-05 -9.4584129E-06 -8.1809667E-06 -6.6049279E-06 -4.7618387E-06
 -2.2011877E-06  6.6863322E-07  2.9796383E-06  4.3261075E-06  4.8223465E-06
 -1.4201032E-06 -3.2044891E-06 -5.1782363E-06 -6.9239204E-06 -8.3776049E-06
 -9.4933239E-06 -1.0239835E-05 -1.0596121E-05 -1.0548970E-05 -1.0094776E-05
 -9.2452410E-06 -8.0347554E-06 -6.5246695E-06 -4.7424292E-06 -2.2454328E-06
  5.7057423E-07  2.8548575E-06  4.2048518E-06  4.7272156E-06 -1.3228873E-06
 -3.0060328E-06 -4.8619195E-06 -6.5094164E-06 -7.8894864E-06 -8.9587556E-06
 -9.6868680E-06 -1.0052137E-05 -1.0039575E-05 -9.6425383E-06 -8.8684092E-06
 -7.7458380E-06 -6.3294283E-06 -4.6424266E-06 -2.2613367E-06  4.3992986E-07
  2.6483131E-06  3.9743081E-06  4.5148254E-06 -1.2061164E-06 -2.7591968E-06
 -4.4665376E-06 -5.9877211E-06 -7.2692637E-06 -8.2713414E-06 -8.9650684E-06
 -9.3290337E-06 -9.3470908E-06 -9.0104977E-06 -8.3229070E-06 -7.3075826E-06
 -6.0118709E-06 -4.4551280E-06 -2.2448239E-06  2.7559236E-07  2.3529183E-06
  3.6225119E-06  4.1697531E-06 -1.0596959E-06 -2.4381425E-06 -3.9500046E-06
 -5.3017202E-06 -6.4465676E-06 -7.3493920E-06 -7.9838128E-06 -8.3295063E-06
 -8.3702680E-06 -8.0959499E-06 -7.5071066E-06 -6.6216762E-06 -5.4791417E-06
 -4.0949835E-06 -2.1177711E-06  1.4783291E-07  2.0284606E-06  3.1948493E-06
  3.7197278E-06 -8.9031164E-07 -2.0595508E-06 -3.3394081E-06 -4.4874432E-06
 -5.4648099E-06 -6.2417894E-06 -6.7953952E-06 -7.1072918E-06 -7.1622380E-06
 -6.9496509E-06 -6.4677934E-06 -5.7296202E-06 -4.7666690E-06 -3.5905432E-06
 -1.9007948E-06  4.4257831E-08  1.6697104E-06  2.6916514E-06  3.1693216E-06
 -3.9706350E-08 -3.4371288E-07 -8.9274755E-07 -1.5974314E-06 -2.3476205E-06
 -3.0279330E-06 -3.5377661E-06 -3.8090866E-06 -3.8163703E-06 -3.5762600E-06
 -3.1387008E-06 -2.5737152E-06 -1.9579379E-06 -1.3634888E-06 -8.4947328E-07
 -4.5539613E-07 -1.9622223E-07 -6.0006400E-08 -6.1939431E-09  2.7006823E-08
  2.3378121E-07  6.0720060E-07  1.0865224E-06  1.5967566E-06  2.0594684E-06
  2.4062574E-06  2.5907939E-06  2.5957374E-06  2.4324456E-06  2.1348033E-06
  1.7505423E-06  1.3317173E-06  9.2739629E-07  5.7777629E-07  3.0974513E-07
  1.3346278E-07  4.0812424E-08  4.2132604E-09
  2.5664867E-06  1.6457507E-06  1.1287210E-06  1.0642871E-06  1.2244893E-06
  1.1314341E-06  6.2456962E-07  1.0614006E-07 -3.4684635E-07 -7.1062249E-07
 -9.7643817E-07 -1.1466653E-06 -1.2285841E-06 -1.2289449E-06 -1.1516588E-06
 -9.9906356E-07 -7.7578409E-07 -4.9270380E-07 -4.3456686E-07  3.2689718E-06
  2.6797688E-06  2.5451063E-06  2.9095709E-06  3.4930322E-06  3.7226202E-06
  3.4002455E-06  2.9915552E-06  2.5816430E-06  2.1951146E-06  1.8411201E-06
  1.5180158E-06  1.2205855E-06  9.4636198E-07  6.9822636E-07  4.8267430E-07
  3.0504634E-07  1.6454214E-07 -2.6084126E-07  4.8550169E-06  5.4395491E-06
  6.5499144E-06  8.2081051E-06  1.0023648E-05  1.1235335E-05  1.1565025E-05
  1.1587455E-05  1.1396534E-05  1.1014607E-05  1.0450287E-05  9.7045813E-06
  8.7798653E-06  7.6878750E-06  6.4524575E-06  5.1070347E-06  3.6875826E-06
  2.2256136E-06  3.4465484E-07  5.9689264E-06  7.5995640E-06  9.7834281E-06
  1.2519924E-05  1.5344969E-05  1.7378694E-05  1.8289178E-05  1.8710032E-05
  1.8736382E-05  1.8386892E-05  1.7669001E-05  1.6586091E-05  1.5147452E-05
  1.3377079E-05  1.1316581E-05  9.0218418E-06  6.5546410E-06  3.9741626E-06
  8.8112756E-07  6.2581967E-06  7.8548173E-06  1.0043029E-05  1.2825642E-05
  1.5714097E-05  1.7778952E-05  1.8670948E-05  1.9063447E-05  1.9058702E-05
  1.8677398E-05  1.7927718E-05  1.6812886E-05  1.5341971E-05  1.3538802E-05
  1.1445596E-05  9.1190523E-06  6.6217913E-06  4.0133027E-06  8.6714078E-07
  6.3407842E-06  7.5727012E-06  9.4434581E-06  1.1967601E-05  1.4643349E-05
  1.6505332E-05  1.7195413E-05  1.7426728E-05  1.7311499E-05  1.6874375E-05
  1.6124986E-05  1.5065706E-05  1.3703037E-05  1.2057047E-05  1.0165304E-05
  8.0790669E-06  5.8543128E-06  3.5426137E-06  6.8510235E-07  6.3817442E-06
  7.3482297E-06  8.9856403E-06  1.1316889E-05  1.3832178E-05  1.5543090E-05
  1.6086209E-05  1.6201122E-05  1.6006892E-05  1.5530957E-05  1.4783927E-05
  1.3767640E-05  1.2486586E-05  1.0958256E-05  9.2166347E-06  7.3089527E-06
  5.2862947E-06  3.1944264E-06  5.5240139E-07  6.3311327E-06  7.0200413E-06
  8.4021576E-06  1.0508376E-05  1.2828229E-05  1.4364562E-05  1.4753870E-05
  1.4751484E-05  1.4481526E-05  1.3973826E-05  1.3239864E-05  1.2280781E-05
  1.1099204E-05  9.7096163E-06  8.1421276E-06  6.4391570E-06  4.6462264E-06
  2.8027375E-06  4.1263459E-07  6.2001964E-06  6.5995082E-06  7.7058494E-06
  9.5578089E-06  1.1650664E-05  1.2990977E-05  1.3219699E-05  1.3098647E-05
  1.2755433E-05  1.2221985E-05  1.1510492E-05  1.0621381E-05  9.5553551E-06
  8.3236682E-06  6.9521366E-06  5.4778011E-06  3.9399638E-06  2.3710115E-06
  2.6600605E-07  6.0119455E-06  6.1377355E-06  6.9758198E-06  8.5715401E-06
  1.0430895E-05  1.1574582E-05  1.1651586E-05  1.1421478E-05  1.1013860E-05
  1.0462190E-05  9.7792072E-06  8.9647128E-06  8.0175378E-06  6.9458711E-06
  5.7712332E-06  4.5252868E-06  3.2410708E-06  1.9442148E-06  1.2684450E-07
  5.7651332E-06  5.6418312E-06  6.2265108E-06  7.5700691E-06  9.1944894E-06
  1.0145710E-05  1.0084439E-05  9.7585926E-06  9.2978598E-06  8.7367225E-06
  8.0882410E-06  7.3516048E-06  6.5240424E-06  5.6107942E-06  4.6292535E-06
  3.6058218E-06  2.5674467E-06  1.5332885E-06 -7.0258466E-10  5.4614716E-06
  5.1140455E-06  5.4608763E-06  6.5571885E-06  7.9461079E-06  8.7096432E-06
  8.5238516E-06  8.1157359E-06  7.6132192E-06  7.0513011E-06  6.4430615E-06
  5.7872398E-06  5.0795625E-06  4.3226250E-06  3.5297303E-06  2.7222245E-06
  1.9211416E-06  1.1394623E-06 -1.1632255E-07  5.1351276E-06  4.5946090E-06
  4.7287394E-06  5.5959044E-06  6.7627880E-06  7.3531323E-06  7.0600026E-06
  6.5840386E-06  6.0503480E-06  5.4938564E-06  4.9275945E-06  4.3499249E-06
  3.7552800E-06  3.1438876E-06  2.5254085E-06  1.9163490E-06  1.3324516E-06
  7.8110406E-07 -2.1661890E-07  4.8165380E-06  4.1147164E-06  4.0656228E-06
  4.7299059E-06  5.6977142E-06  6.1352130E-06  5.7523566E-06  5.2218966E-06
  4.6655568E-06  4.1179374E-06  3.5919470E-06  3.0856095E-06  2.5923255E-06
  2.1102569E-06  1.6458725E-06  1.2114433E-06  8.1804683E-07  4.6818968E-07
 -3.0090814E-07  4.5014813E-06  3.6690240E-06  3.4646487E-06  3.9503825E-06
  4.7401104E-06  5.0436743E-06  4.5880702E-06  4.0161822E-06  3.4456903E-06
  2.9106468E-06  2.4237415E-06  1.9826603E-06  1.5800742E-06  1.2123610E-06
  8.8318666E-07  6.0120328E-07  3.7330119E-07  1.9792878E-07 -3.6976780E-07
  4.1587109E-06  3.2303005E-06  2.8984314E-06  3.2252492E-06  3.8512435E-06
  4.0366294E-06  3.5274606E-06  2.9304119E-06  2.3577277E-06  1.8424444E-06
  1.3968447E-06  1.0183558E-06  6.9915677E-07  4.3420005E-07  2.2473068E-07
  7.6139258E-08 -8.2472980E-09 -3.3433935E-08 -4.2152078E-07  3.7679229E-06
  2.7844244E-06  2.3559569E-06  2.5431582E-06  3.0177807E-06  3.1008403E-06
  2.5606805E-06  1.9583622E-06  1.3987383E-06  9.1314541E-07  5.1317420E-07
  1.9617801E-07 -4.5931301E-08 -2.1922096E-07 -3.2446951E-07 -3.5912308E-07
 -3.2287426E-07 -2.2349559E-07 -4.5330125E-07  3.3331189E-06  2.3379789E-06
  1.8466180E-06  1.9164563E-06  2.2549521E-06  2.2537834E-06  1.7066341E-06
  1.1198663E-06  5.8900332E-07  1.4297075E-07 -2.0754487E-07 -4.6516470E-07
 -6.3793232E-07 -7.3252340E-07 -7.5130447E-07 -6.9405542E-07 -5.6292083E-07
 -3.6755591E-07 -4.6375681E-07  2.8631857E-06  1.9016843E-06  1.3838435E-06
  1.3622121E-06  1.5836358E-06  1.5190035E-06  9.8991586E-07  4.3987529E-07
 -4.6678906E-08 -4.4386434E-07 -7.4214768E-07 -9.4401003E-07 -1.0571348E-06
 -1.0883450E-06 -1.0411295E-06 -9.1702532E-07 -7.1993236E-07 -4.6051537E-07
 -4.5186971E-07  2.3611410E-06  1.4814668E-06  9.7652992E-07  8.9229979E-07
  1.0184813E-06  9.1342372E-07  4.2904867E-07 -6.1960236E-08 -4.8804031E-07
 -8.2699808E-07 -1.0706881E-06 -1.2213550E-06 -1.2859291E-06 -1.2709643E-06
 -1.1804968E-06 -1.0172043E-06 -7.8597441E-07 -4.9754453E-07 -4.1614658E-07
 -4.9803702E-07 -6.8138240E-07 -1.0845251E-06 -1.4194442E-06 -1.6722131E-06
 -1.8354746E-06 -1.9045431E-06 -1.8736149E-06 -1.7345492E-06 -1.4792172E-06
 -1.1049589E-06 -6.2080915E-07 -5.1388980E-08  6.0295707E-07  1.6510868E-06
  2.8441302E-06  3.6438278E-06  3.8061539E-06  3.4120021E-06 -8.3608029E-07
 -1.5454862E-06 -2.4931251E-06 -3.3273027E-06 -4.0196392E-06 -4.5507040E-06
 -4.9057389E-06 -5.0704411E-06 -5.0297585E-06 -4.7707863E-06 -4.2892434E-06
 -3.5969024E-06 -2.7260780E-06 -1.6826425E-06 -1.1080783E-07  1.6874747E-06
  3.0683232E-06  3.7327109E-06  3.7628733E-06 -1.7462953E-06 -3.9901788E-06
 -6.4834858E-06 -8.7418812E-06 -1.0696531E-05 -1.2293469E-05 -1.3488727E-05
 -1.4243844E-05 -1.4524701E-05 -1.4305777E-05 -1.3578492E-05 -1.2360963E-05
 -1.0703578E-05 -8.6286673E-06 -5.7018697E-06 -2.3340363E-06  6.2288291E-07
  2.7542646E-06  4.1302192E-06 -2.4622113E-06 -5.9646336E-06 -9.7085031E-06
 -1.3122028E-05 -1.6103997E-05 -1.8572304E-05 -2.0459167E-05 -2.1706492E-05
 -2.2265049E-05 -2.2099408E-05 -2.1197689E-05 -1.9582567E-05 -1.7317445E-05
 -1.4438312E-05 -1.0469897E-05 -5.8938294E-06 -1.6923368E-06  1.6432614E-06
  4.1666417E-06 -2.5424606E-06 -6.1224173E-06 -9.9636463E-06 -1.3463638E-05
 -1.6518366E-05 -1.9043706E-05 -2.0970288E-05 -2.2238499E-05 -2.2797713E-05
 -2.2611206E-05 -2.1666714E-05 -1.9987994E-05 -1.7641294E-05 -1.4663300E-05
 -1.0548441E-05 -5.8045925E-06 -1.4696616E-06  1.9389381E-06  4.4815124E-06
 -2.4426618E-06 -5.7552552E-06 -9.3601984E-06 -1.2636913E-05 -1.5487076E-05
 -1.7832164E-05 -1.9607625E-05 -2.0757641E-05 -2.1234026E-05 -2.1001282E-05
 -2.0047522E-05 -1.8396659E-05 -1.6115220E-05 -1.3236742E-05 -9.2241298E-06
 -4.6019159E-06 -4.4926219E-07  2.7017913E-06  4.9260925E-06 -2.3639254E-06
 -5.4749994E-06 -8.8998268E-06 -1.2006733E-05 -1.4701815E-05 -1.6910679E-05
 -1.8572471E-05 -1.9634334E-05 -2.0049838E-05 -1.9784567E-05 -1.8826931E-05
 -1.7200829E-05 -1.4972849E-05 -1.2174150E-05 -8.2465704E-06 -3.7250502E-06
  2.8470731E-07  3.2417211E-06  5.2310625E-06 -2.2518584E-06 -5.1181742E-06
 -8.3150208E-06 -1.1208773E-05 -1.3711187E-05 -1.5753052E-05 -1.7278153E-05
 -1.8237186E-05 -1.8586281E-05 -1.8292489E-05 -1.7344682E-05 -1.5766478E-05
 -1.3623480E-05 -1.0944113E-05 -7.1572154E-06 -2.8004488E-06  1.0099457E-06
  3.7318459E-06  5.4592460E-06 -2.1101005E-06 -4.6925970E-06 -7.6184801E-06
 -1.0260075E-05 -1.2535964E-05 -1.4383122E-05 -1.5750702E-05 -1.6593567E-05
 -1.6871087E-05 -1.6552101E-05 -1.5626185E-05 -1.4116325E-05 -1.2086318E-05
 -9.5614550E-06 -5.9646086E-06 -1.8294495E-06  1.7312163E-06  4.1808839E-06
  5.6214499E-06 -1.9556830E-06 -4.2466122E-06 -6.8891541E-06 -9.2680029E-06
 -1.1308874E-05 -1.2955215E-05 -1.4161642E-05 -1.4887503E-05 -1.5095480E-05
 -1.4756492E-05 -1.3860866E-05 -1.2430743E-05 -1.0527579E-05 -8.1734188E-06
 -4.7918638E-06 -9.0709909E-07  2.3831922E-06  4.5534944E-06  5.7119305E-06
 -1.7910861E-06 -3.7890218E-06 -6.1415958E-06 -8.2524184E-06 -1.0054680E-05
 -1.1498370E-05 -1.2543615E-05 -1.3154384E-05 -1.3296776E-05 -1.2944001E-05
 -1.2087167E-05 -1.0747405E-05 -8.9832138E-06 -6.8134682E-06 -3.6697365E-06
 -6.0943194E-08  2.9428363E-06  4.8327447E-06  5.7211528E-06 -1.6170316E-06
 -3.3216315E-06 -5.3787435E-06 -7.2172943E-06 -8.7782328E-06 -1.0018207E-05
 -1.0902828E-05 -1.1400782E-05 -1.1481743E-05 -1.1121374E-05 -1.0311571E-05
 -9.0722951E-06 -7.4585387E-06 -5.4860725E-06 -2.6015246E-06  7.0706261E-07
  3.4094546E-06  5.0189460E-06  5.6502404E-06 -1.4464804E-06 -2.8748454E-06
 -4.6499354E-06 -6.2292634E-06 -7.5611970E-06 -8.6086493E-06 -9.3425660E-06
 -9.7359689E-06 -9.7620878E-06 -9.3989865E-06 -8.6393402E-06 -7.5018397E-06
 -6.0378593E-06 -4.2602028E-06 -1.6347904E-06  1.3739520E-06  3.7821160E-06
  5.1277389E-06  5.5262753E-06 -1.2893797E-06 -2.4702640E-06 -3.9902679E-06
 -5.3355197E-06 -6.4611813E-06 -7.3357492E-06 -7.9349848E-06 -8.2358310E-06
 -8.2147726E-06 -7.8520816E-06 -7.1411932E-06 -6.0995148E-06 -4.7749691E-06
 -3.1776974E-06 -7.9423648E-07  1.9347817E-06  4.0726009E-06  5.1819475E-06
  5.3780755E-06 -1.1440152E-06 -2.1036831E-06 -3.3929109E-06 -4.5268680E-06
 -5.4668399E-06 -6.1864639E-06 -6.6656926E-06 -6.8851132E-06 -6.8241602E-06
 -6.4651535E-06 -5.8022215E-06 -4.8515822E-06 -3.6577017E-06 -2.2284385E-06
 -7.2538114E-08  2.3936705E-06  4.2820511E-06  5.1803854E-06  5.2026780E-06
 -1.0018266E-06 -1.7584725E-06 -2.8309732E-06 -3.7672944E-06 -4.5345596E-06
 -5.1111519E-06 -5.4809634E-06 -5.6279478E-06 -5.5343753E-06 -5.1846146E-06
 -4.5734851E-06 -3.7159034E-06 -2.6526686E-06 -1.3895806E-06  5.3749591E-07
  2.7398178E-06  4.3854857E-06  5.0904555E-06  4.9657287E-06 -8.5848660E-07
 -1.4279522E-06 -2.2937984E-06 -3.0427091E-06 -3.6475412E-06 -4.0911391E-06
 -4.3610662E-06 -4.4444550E-06 -4.3263954E-06 -3.9933384E-06 -3.4408267E-06
 -2.6822809E-06 -1.7544562E-06 -6.6127450E-07  1.0269532E-06  2.9543526E-06
  4.3570244E-06  4.8841248E-06  4.6413170E-06 -7.1615978E-07 -1.1178727E-06
 -1.7907059E-06 -2.3657922E-06 -2.8214054E-06 -3.1445197E-06 -3.3260385E-06
 -3.3560364E-06 -3.2223434E-06 -2.9135144E-06 -2.4257979E-06 -1.7710136E-06
 -9.8146029E-07 -5.9461854E-08  1.3831668E-06  3.0283973E-06  4.1915191E-06
  4.5596662E-06  4.2307511E-06 -5.7831494E-07 -8.3641316E-07 -1.3350218E-06
 -1.7545299E-06 -2.0782081E-06 -2.2967015E-06 -2.4038145E-06 -2.3922803E-06
 -2.2524910E-06 -1.9751005E-06 -1.5570276E-06 -1.0083913E-06 -3.5676385E-07
  3.9685983E-07  1.5928108E-06  2.9551438E-06  3.8880589E-06  4.1206549E-06
  3.7408336E-06 -4.4691660E-07 -5.8899968E-07 -9.3562994E-07 -1.2209748E-06
 -1.4328252E-06 -1.5649675E-06 -1.6135855E-06 -1.5737278E-06 -1.4381658E-06
 -1.1995617E-06 -8.5551801E-07 -4.1433304E-07  1.0139229E-07  6.9165253E-07
  1.6426857E-06  2.7247024E-06  3.4401710E-06  3.5639350E-06  3.1715863E-06
  0.0000000E+00  0.0000000E+00  0.0000000E+00  0.0000000E+00  0.0000000E+00
  0.0000000E+00  0.0000000E+00  0.0000000E+00  0.0000000E+00  0.0000000E+00
  0.0000000E+00  0.0000000E+00  0.0000000E+00  0.0000000E+00  0.0000000E+00
  0.0000000E+00  0.0000000E+00  0.0000000E+00  0.0000000E+00  0.0000000E+00
  0.0000000E+00  0.0000000E+00  0.0000000E+00  0.0000000E+00  0.0000000E+00
  0.0000000E+00  0.0000000E+00  0.0000000E+00  0.0000000E+00  0.0000000E+00
  0.0000000E+00  0.0000000E+00  0.0000000E+00  0.0000000E+00  0.0000000E+00
  0.0000000E+00  0.0000000E+00  0.0000000E+00
  1.4370200E-06  4.2718725E-06  6.9901907E-06  9.5178348E-06  1.1785865E-05
  1.3732396E-05  1.5304364E-05  1.6458838E-05  1.7164379E-05  1.7401737E-05
  1.7164370E-05  1.6458836E-05  1.5304358E-05  1.3732410E-05  1.1785854E-05
  9.5178239E-06  6.9901998E-06  4.2718698E-06  1.4370224E-06  2.1372289E-06
  5.3111835E-06  8.4183930E-06  1.1380164E-05  1.4075704E-05  1.6348984E-05
  1.8109637E-05  1.9377225E-05  2.0128169E-05  2.0343992E-05  2.0018502E-05
  1.9159019E-05  1.7786859E-05  1.5937887E-05  1.3661831E-05  1.1020771E-05
  8.0866794E-06  4.9387127E-06  1.6145223E-06  3.9417382E-06  7.5630123E-06
  1.1289460E-05  1.5043589E-05  1.8563505E-05  2.1424385E-05  2.3435008E-05
  2.4810146E-05  2.5555990E-05  2.5660138E-05  2.5118814E-05  2.3940280E-05
  2.2148304E-05  1.9785519E-05  1.6913657E-05  1.3610908E-05  9.9671033E-06
  6.0782113E-06  1.8580031E-06  5.3256990E-06  9.0951298E-06  1.3121507E-05
  1.7334181E-05  2.1359621E-05  2.4554884E-05  2.6649255E-05  2.8022823E-05
  2.8708948E-05  2.8701801E-05  2.8000104E-05  2.6612339E-05  2.4562902E-05
  2.1897511E-05  1.8684419E-05  1.5011139E-05  1.0977348E-05  6.6875746E-06
  1.9469771E-06  5.5243509E-06  9.5610794E-06  1.3851382E-05  1.8318144E-05
  2.2576109E-05  2.5966136E-05  2.8208804E-05  2.9688235E-05  3.0436215E-05
  3.0445488E-05  2.9714307E-05  2.8251656E-05  2.6083851E-05  2.3259610E-05
  1.9851446E-05  1.5952131E-05  1.1667573E-05  7.1089853E-06  2.0831540E-06
  5.3943895E-06  9.7731681E-06  1.4354879E-05  1.9050958E-05  2.3492903E-05
  2.7063861E-05  2.9495845E-05  3.1128911E-05  3.1984437E-05  3.2051004E-05
  3.1325464E-05  2.9817631E-05  2.7556225E-05  2.4593419E-05  2.1005879E-05
  1.6891307E-05  1.2361548E-05  7.5349217E-06  2.2533532E-06  5.2854648E-06
  9.8971814E-06  1.4674881E-05  1.9522038E-05  2.4083221E-05  2.7773784E-05
  3.0334651E-05  3.2073305E-05  3.3003591E-05  3.3111086E-05  3.2391694E-05
  3.0855819E-05  2.8533696E-05  2.5480005E-05  2.1774033E-05  1.7516761E-05
  1.2824084E-05  7.8189860E-06  2.3690300E-06  5.1016068E-06  9.8788096E-06
  1.4782860E-05  1.9710800E-05  2.4325200E-05  2.8081797E-05  3.0734089E-05
  3.2552824E-05  3.3544002E-05  3.3690667E-05  3.2987715E-05  3.1445885E-05
  2.9096727E-05  2.5996342E-05  2.2225757E-05  1.7887651E-05  1.3100185E-05
  7.9893616E-06  2.4500587E-06  4.8512993E-06  9.7358206E-06  1.4706031E-05
  1.9653655E-05  2.4263818E-05  2.8039956E-05  3.0751362E-05  3.2628246E-05
  3.3668588E-05  3.3853077E-05  3.3175558E-05  3.1647123E-05  2.9300209E-05
  2.6191585E-05  2.2403081E-05  1.8037841E-05  1.3214634E-05  8.0611753E-06
  2.5012450E-06  4.5665438E-06  9.4984243E-06  1.4476831E-05  1.9389650E-05
  2.3946423E-05  2.7700211E-05  3.0437495E-05  3.2348260E-05  3.3423195E-05
  3.3640812E-05  3.2994256E-05  3.1494710E-05  2.9174947E-05  2.6092108E-05
  2.2327577E-05  1.7983888E-05  1.3179282E-05  8.0414793E-06  2.5219742E-06
  4.2507891E-06  9.1628172E-06  1.4085290E-05  1.8904142E-05  2.3354649E-05
  2.7040476E-05  2.9766379E-05  3.1683470E-05  3.2776035E-05  3.3020900E-05
  3.2410513E-05  3.0956253E-05  2.8690525E-05  2.5670231E-05  2.1975271E-05
  1.7706285E-05  1.2979744E-05  7.9213496E-06  2.5086192E-06  3.9056067E-06
  8.7315711E-06  1.3535100E-05  1.8202030E-05  2.2494478E-05  2.6067610E-05
  2.8745435E-05  3.0641659E-05  3.1735141E-05  3.2001244E-05  3.1432181E-05
  3.0039042E-05  2.7853837E-05  2.4931966E-05  2.1351314E-05  1.7209333E-05
  1.2618886E-05  7.7026416E-06  2.4618093E-06  3.5597805E-06  8.2574334E-06
  1.2904100E-05  1.7386617E-05  2.1493404E-05  2.4928489E-05  2.7534868E-05
  2.9392149E-05  3.0474386E-05  3.0756306E-05  3.0229758E-05  2.8905406E-05
  2.6814874E-05  2.4011377E-05  2.0570224E-05  1.6584949E-05  1.2164135E-05
  7.4265045E-06  2.3938410E-06  3.2364842E-06  7.7884943E-06  1.2265489E-05
  1.6555921E-05  2.0472460E-05  2.3763230E-05  2.6288522E-05  2.8098351E-05
  2.9162689E-05  2.9456081E-05  2.8969942E-05  2.7714617E-05  2.5720947E-05
  2.3040309E-05  1.9744697E-05  1.5923983E-05  1.1682136E-05  7.1335780E-06
  2.3173598E-06  2.9319453E-06  7.3183583E-06  1.1609911E-05  1.5697740E-05
  1.9416519E-05  2.2554366E-05  2.4987596E-05  2.6740428E-05  2.7779817E-05
  2.8080158E-05  2.7632865E-05  2.6447811E-05  2.4554749E-05  2.2003147E-05
  1.8861549E-05  1.5215861E-05  1.1165117E-05  6.8189511E-06  2.2310778E-06
  2.6248854E-06  6.7966139E-06  1.0858294E-05  1.4705278E-05  1.8193718E-05
  2.1148808E-05  2.3462733E-05  2.5137557E-05  2.6138103E-05  2.6439226E-05
  2.6032219E-05  2.4926772E-05  2.3151068E-05  2.0751802E-05  1.7794049E-05
  1.4358127E-05  1.0538035E-05  6.4368942E-06  2.1201231E-06  2.3033826E-06
  6.1896462E-06  9.9562858E-06  1.3504610E-05  1.6712460E-05  1.9440056E-05
  2.1595482E-05  2.3162389E-05  2.4104957E-05  2.4398898E-05  2.4035780E-05
  2.3024651E-05  2.1391839E-05  1.9180632E-05  1.6451275E-05  1.3277706E-05
  9.7471057E-06  5.9545382E-06  1.9735671E-06  1.9717663E-06  5.5032688E-06
  8.9114292E-06  1.2105535E-05  1.4984580E-05  1.7441667E-05  1.9400199E-05
  2.0829764E-05  2.1695228E-05  2.1973789E-05  2.1657554E-05  2.0754727E-05
  1.9289204E-05  1.7300375E-05  1.4842313E-05  1.1981931E-05  8.7974331E-06
  5.3751719E-06  1.7921411E-06  1.6376543E-06  4.7511348E-06  7.7437107E-06
  1.0534561E-05  1.3042951E-05  1.5191494E-05  1.6917857E-05  1.8182978E-05
  1.8953535E-05  1.9208466E-05  1.8941155E-05  1.8158458E-05  1.6881659E-05
  1.5145037E-05  1.2996450E-05  1.0494157E-05  7.7063123E-06  4.7092908E-06
  1.5788173E-06  1.3048702E-06  3.9373663E-06  6.4579763E-06  8.7978260E-06
  1.0895186E-05  1.2697474E-05  1.4157144E-05  1.5230613E-05  1.5887988E-05
  1.6111149E-05  1.5894002E-05  1.5242797E-05  1.4175333E-05  1.2720353E-05
  1.0918298E-05  8.8179659E-06  6.4765227E-06  3.9581355E-06  1.3341123E-06
 -1.4370224E-06 -4.2718698E-06 -6.9901998E-06 -9.5178239E-06 -1.1785854E-05
 -1.3732410E-05 -1.5304358E-05 -1.6458836E-05 -1.7164370E-05 -1.7401737E-05
 -1.7164379E-05 -1.6458838E-05 -1.5304364E-05 -1.3732396E-05 -1.1785865E-05
 -9.5178348E-06 -6.9901907E-06 -4.2718725E-06 -1.4370200E-06 -1.7769635E-06
 -5.1431980E-06 -8.4107123E-06 -1.1442004E-05 -1.4153678E-05 -1.6471633E-05
 -1.8332568E-05 -1.9685072E-05 -2.0490692E-05 -2.0725407E-05 -2.0381040E-05
 -1.9466868E-05 -1.8009805E-05 -1.6046897E-05 -1.3574850E-05 -1.0699418E-05
 -7.5871335E-06 -4.3616019E-06 -1.0959257E-06 -2.5055488E-06 -6.8934205E-06
 -1.1258784E-05 -1.5290152E-05 -1.8874365E-05 -2.1913253E-05 -2.4323735E-05
 -2.6037364E-05 -2.7001153E-05 -2.7180615E-05 -2.6564026E-05 -2.5167496E-05
 -2.3037033E-05 -2.0220135E-05 -1.6566895E-05 -1.2329843E-05 -7.9757128E-06
 -3.7775706E-06  2.0933112E-07 -2.9969469E-06 -8.0094087E-06 -1.3071771E-05
 -1.7733995E-05 -2.1863661E-05 -2.5347565E-05 -2.8090297E-05 -3.0012719E-05
 -3.1052252E-05 -3.1167216E-05 -3.0343455E-05 -2.8602259E-05 -2.6003943E-05
 -2.2602228E-05 -1.8122177E-05 -1.2933914E-05 -7.7483628E-06 -2.9571347E-06
  1.4051438E-06 -3.1525269E-06 -8.4552776E-06 -1.3800727E-05 -1.8725344E-05
 -2.3089480E-05 -2.6773483E-05 -2.9676487E-05 -3.1714917E-05 -3.2822885E-05
 -3.2956508E-05 -3.2100950E-05 -3.0278388E-05 -2.7551554E-05 -2.3977367E-05
 -1.9278790E-05 -1.3836496E-05 -8.3788691E-06 -3.3095730E-06  1.3309727E-06
 -3.2294374E-06 -8.7638182E-06 -1.4308642E-05 -1.9422649E-05 -2.3961484E-05
 -2.7800817E-05 -3.0835508E-05 -3.2978831E-05 -3.4162917E-05 -3.4343022E-05
 -3.3503966E-05 -3.1667591E-05 -2.8895924E-05 -2.5248555E-05 -2.0483174E-05
 -1.4960200E-05 -9.3596718E-06 -4.0669129E-06  8.6301952E-07 -3.2753305E-06
 -8.9599980E-06 -1.4631960E-05 -1.9867131E-05 -2.4518304E-05 -2.8458036E-05
 -3.1578529E-05 -3.3790981E-05 -3.5026253E-05 -3.5239231E-05 -3.4414468E-05
 -3.2573480E-05 -2.9777621E-05 -2.6088264E-05 -2.1288699E-05 -1.5723776E-05
 -1.0036836E-05 -4.5989382E-06  5.2452560E-07 -3.2740427E-06 -9.0267367E-06
 -1.4743851E-05 -2.0024525E-05 -2.4720792E-05 -2.8703877E-05 -3.1865027E-05
 -3.4114440E-05 -3.5382960E-05 -3.5625511E-05 -3.4826764E-05 -3.3007556E-05
 -3.0227648E-05 -2.6549367E-05 -2.1784497E-05 -1.6257531E-05 -1.0566089E-05
 -5.0617928E-06  1.8067658E-07 -3.2315220E-06 -8.9805908E-06 -1.4671468E-05
 -1.9931726E-05 -2.4614445E-05 -2.8591301E-05 -3.1753745E-05 -3.4012268E-05
 -3.5298493E-05 -3.5567937E-05 -3.4805504E-05 -3.3031254E-05 -3.0302521E-05
 -2.6681755E-05 -2.2011978E-05 -1.6593021E-05 -1.0968692E-05 -5.4664888E-06
 -1.6959166E-07 -3.1573254E-06 -8.8413544E-06 -1.4446789E-05 -1.9631576E-05
 -2.4251460E-05 -2.8179886E-05 -3.1309537E-05 -3.3552402E-05 -3.4841229E-05
 -3.5132769E-05 -3.4412304E-05 -3.2698907E-05 -3.0047006E-05 -2.6518546E-05
 -2.1987313E-05 -1.6726863E-05 -1.1225304E-05 -5.7840662E-06 -4.9341907E-07
 -3.0500050E-06 -8.6029286E-06 -1.4059735E-05 -1.9110241E-05 -2.3614562E-05
 -2.7449176E-05 -3.0509391E-05 -3.2709584E-05 -3.3984274E-05 -3.4292134E-05
 -3.3618853E-05 -3.1982250E-05 -2.9433650E-05 -2.6033586E-05 -2.1685351E-05
 -1.6635233E-05 -1.1314718E-05 -5.9978956E-06 -7.8015728E-07 -2.9104704E-06
 -8.2675288E-06 -1.3513902E-05 -1.8372833E-05 -2.2709944E-05 -2.6406271E-05
 -2.9361212E-05 -3.1492113E-05 -3.2736469E-05 -3.3054748E-05 -3.2433643E-05
 -3.0889278E-05 -2.8469669E-05 -2.5233167E-05 -2.1111038E-05 -1.6321676E-05
 -1.1238979E-05 -6.1086357E-06 -1.0293188E-06 -2.7561400E-06 -7.8826997E-06
 -1.2886943E-05 -1.7524588E-05 -2.1667391E-05 -2.5202013E-05 -2.8032173E-05
 -3.0078902E-05 -3.1283045E-05 -3.1607127E-05 -3.1038453E-05 -2.9592138E-05
 -2.7312162E-05 -2.4254623E-05 -2.0376167E-05 -1.5868078E-05 -1.1049808E-05
 -6.1392020E-06 -1.2369565E-06 -2.6029811E-06 -7.4931486E-06 -1.2251941E-05
 -1.6664711E-05 -2.0609536E-05 -2.3978897E-05 -2.6680533E-05 -2.8639693E-05
 -2.9800187E-05 -3.0126805E-05 -2.9607283E-05 -2.8255996E-05 -2.6113034E-05
 -2.3231998E-05 -1.9591735E-05 -1.5358903E-05 -1.0803753E-05 -6.1187275E-06
 -1.4054167E-06 -2.4489273E-06 -7.0930946E-06 -1.1599604E-05 -1.5780664E-05
 -1.9521070E-05 -2.2718883E-05 -2.5286456E-05 -2.7153204E-05 -2.8265949E-05
 -2.8591592E-05 -2.8118848E-05 -2.6860631E-05 -2.4853765E-05 -2.2149314E-05
 -1.8744933E-05 -1.4784924E-05 -1.0495325E-05 -6.0450766E-06 -1.5356818E-06
 -2.2770291E-06 -6.6343237E-06 -1.0850952E-05 -1.4764937E-05 -1.8269024E-05
 -2.1267297E-05 -2.3678007E-05 -2.5434812E-05 -2.6488218E-05 -2.6807538E-05
 -2.6382342E-05 -2.5224068E-05 -2.3366338E-05 -2.0857093E-05 -1.7710030E-05
 -1.4047830E-05 -1.0055610E-05 -5.8795413E-06 -1.6193044E-06 -2.0761254E-06
 -6.0835337E-06 -9.9515637E-06 -1.3543573E-05 -1.6761609E-05 -1.9517480E-05
 -2.1736185E-05 -2.3356657E-05 -2.4333774E-05 -2.4639543E-05 -2.4264555E-05
 -2.3218923E-05 -2.1532542E-05 -1.9249426E-05 -1.6396341E-05 -1.3075001E-05
 -9.4317729E-06 -5.5903656E-06 -1.6462836E-06 -1.8479695E-06 -5.4454467E-06
 -8.9088535E-06 -1.2126773E-05 -1.5011359E-05 -1.7483908E-05 -1.9476760E-05
 -2.0935684E-05 -2.1819884E-05 -2.2104883E-05 -2.1782136E-05 -2.0860611E-05
 -1.9365925E-05 -1.7337821E-05 -1.4812369E-05 -1.1871485E-05 -8.6256514E-06
 -5.1767674E-06 -1.6138001E-06 -1.5970909E-06 -4.7322428E-06 -7.7428558E-06
 -1.0541549E-05 -1.3051733E-05 -1.5205238E-05 -1.6942955E-05 -1.8217725E-05
 -1.8994291E-05 -1.9251456E-05 -1.8981871E-05 -1.8193165E-05 -1.6906612E-05
 -1.5157417E-05 -1.2986609E-05 -1.0458003E-05 -7.6501346E-06 -4.6442474E-06
 -1.5204932E-06 -1.3250537E-06 -3.9466613E-06 -6.4584819E-06 -8.7943845E-06
 -1.0890733E-05 -1.2690682E-05 -1.4144727E-05 -1.5213438E-05 -1.5867688E-05
 -1.6089831E-05 -1.5873782E-05 -1.5225618E-05 -1.4162684E-05 -1.2714423E-05
 -1.0923060E-05 -8.8359629E-06 -6.5043932E-06 -3.9904262E-06 -1.3630779E-06
  0.0000000E+00  0.0000000E+00  0.0000000E+00  0.0000000E+00  0.0000000E+00
  0.0000000E+00  0.0000000E+00  0.0000000E+00  0.0000000E+00  0.0000000E+00
  0.0000000E+00  0.0000000E+00  0.0000000E+00  0.0000000E+00  0.0000000E+00
  0.0000000E+00  0.0000000E+00  0.0000000E+00  0.0000000E+00  0.0000000E+00
  0.0000000E+00  0.0000000E+00  0.0000000E+00  0.0000000E+00  0.0000000E+00
  0.0000000E+00  0.0000000E+00  0.0000000E+00  0.0000000E+00  0.0000000E+00
  0.0000000E+00  0.0000000E+00  0.0000000E+00  0.0000000E+00  0.0000000E+00
  0.0000000E+00  0.0000000E+00  0.0000000E+00
