42  ! magic number
1 0 ! Version 1.0
Pa                                ! units
CHARM PSU-WOPWOP Blade geometry for rotor  1                                                                                                                                                                                                                                                                                                                                                                                                                                                                                                                                                                                                                                                                                                                                                                                                                                                                                                                                                                                                                    
 1  ! 1:geometry file, 2:data file
 1  ! number of zones
 1  ! 1:structured  2:unstructured
 2  ! 1:constant, 2:periodic, 3:aperiodic
 1  ! Values are 1:node-centered, 2:face-centered
 1  ! 1:single precision, 2:double precision
 0  ! iblank values  0:not included, 1:included
 0  ! reserved for future use
Rotor  1                        
    1.06830E-02  129   50    1  ! period  npsi+1  nspan  nchord
    0.00000E+00   ! Azimuth index:   1 in degrees
  2.7144760E-02  3.0638095E-02  3.4131426E-02  3.7624758E-02  4.1118093E-02
  4.4611424E-02  4.8104759E-02  5.1598094E-02  5.5091426E-02  5.8584761E-02
  6.2078092E-02  6.5571427E-02  6.9064766E-02  7.2558090E-02  7.6051429E-02
  7.9544768E-02  8.3038092E-02  8.6531430E-02  9.0024769E-02  9.3518093E-02
  9.7011432E-02  0.1005048      0.1039981      0.1074914      0.1109848    
  0.1144781      0.1179714      0.1214648      0.1249581      0.1284514    
  0.1328181      0.1380581      0.1432981      0.1485381      0.1537781    
  0.1590181      0.1642581      0.1694981      0.1747381      0.1799781    
  0.1852181      0.1904581      0.1956981      0.2009381      0.2061781    
  0.2114181      0.2166581      0.2218981      0.2271381      0.2323781    
  0.0000000E+00  0.0000000E+00  0.0000000E+00  2.1729549E-05  6.5223212E-05
  1.0833047E-04 -3.4858345E-04 -1.2774649E-03 -2.1360943E-03 -3.4056823E-03
 -4.9988450E-03 -6.4512468E-03 -8.2253711E-03 -1.0104306E-02 -1.1773271E-02
 -1.3700267E-02 -1.5696298E-02 -1.7531034E-02 -1.9566886E-02 -2.1653112E-02
 -2.3607137E-02 -2.5727717E-02 -2.7898613E-02 -2.9970046E-02 -3.2181185E-02
 -3.4449756E-02 -3.6651503E-02 -3.8974240E-02 -4.1366681E-02 -4.3720901E-02
 -4.6801344E-02 -5.0589204E-02 -5.4477774E-02 -5.8487117E-02 -6.2593900E-02
 -6.6813804E-02 -7.1127415E-02 -7.5545445E-02 -8.0056950E-02 -8.4667452E-02
 -8.9371786E-02 -9.4170310E-02 -9.9063419E-02 -0.1040463     -0.1091250    
 -0.1142894     -0.1195511     -0.1248949     -0.1303371     -0.1358577    
 -1.5979919E-03 -1.8070207E-03 -2.0146330E-03 -2.2104210E-03 -2.3904592E-03
 -2.5849317E-03 -2.6682965E-03 -2.5301822E-03 -2.1977953E-03 -2.5337939E-03
 -2.8090300E-03 -2.2229857E-03 -3.0577132E-03 -3.9478135E-03 -3.4851208E-03
 -4.3978002E-03 -5.2765212E-03 -4.7974978E-03 -5.6984667E-03 -6.6111786E-03
 -6.1889938E-03 -7.0887767E-03 -7.9860669E-03 -7.6188277E-03 -8.5257599E-03
 -9.4151078E-03 -9.0914126E-03 -9.9751558E-03 -1.0866465E-02 -1.0630000E-02
 -1.1437796E-02 -1.2233391E-02 -1.3020364E-02 -1.3848682E-02 -1.4646880E-02
 -1.5524473E-02 -1.6345866E-02 -1.7245024E-02 -1.8113324E-02 -1.9033128E-02
 -1.9897133E-02 -2.0855423E-02 -2.1741726E-02 -2.2706943E-02 -2.3624910E-02
 -2.4612073E-02 -2.5546959E-02 -2.6579065E-02 -2.7524000E-02 -2.8549870E-02
 -5.9588734E-02 -5.8789231E-02 -5.8789507E-02  0.1966060      0.2303281    
  0.2520462      0.3818111      0.4433102      0.5048499     -0.3821850    
  4.5273401E-02  5.9285086E-02 -0.7110430     -0.2197112     -0.2327875    
 -0.6780069     -0.1513421     -0.1505982     -0.6741932     -0.1436201    
 -0.1503103     -0.6633418     -0.1464372     -0.1577713     -0.6498197    
 -0.1373373     -0.1518348     -0.6264824     -0.1396419     -0.1463357    
 -0.4776986     -0.1387903     -0.4566749     -0.1256815     -0.4252724    
 -0.1227643     -0.3828122     -0.1177762     -0.3454725     -0.1025591    
 -0.2973833     -0.1024778     -0.2401439     -9.5517136E-02 -0.1878218    
 -8.3709881E-02 -0.1302928     -8.1157818E-02 -5.7257187E-02 -7.1807429E-02
  0.1169522      0.1169578      0.1169578      7.1447946E-02 -1.0062691E-02
 -9.0523198E-02 -0.1733162     -0.2585523     -0.3334676     -0.4048932    
 -0.4505914     -0.4630432     -0.3225530     -0.4250635     -0.4010751    
 -0.2894281     -0.3755100     -0.3617621     -0.2603464     -0.3360649    
 -0.3228881     -0.2342878     -0.2957923     -0.2813118     -0.2057775    
 -0.2541128     -0.2394944     -0.1780671     -0.2128912     -0.1993290    
 -0.1623567     -0.1631690     -0.1289203     -0.1242444     -9.5916048E-02
 -8.6492509E-02 -6.3568518E-02 -5.0632961E-02 -3.1518124E-02 -1.6521920E-02
 -1.0466203E-05  1.6155358E-02  3.1230511E-02  4.7606297E-02  6.2073424E-02
  7.8049988E-02  9.2321813E-02  0.1072464      0.1215395      0.1352104    
 -0.9913483     -0.9913954     -0.9913954     -0.9778759     -0.9730610    
 -0.9634721     -0.9078446     -0.8582698     -0.7961946     -0.8306600    
 -0.8915815     -0.8843508     -0.6248019     -0.8780934     -0.8859734    
 -0.6756760     -0.9143785     -0.9200264     -0.6911464     -0.9308242    
 -0.9344251     -0.7106946     -0.9439613     -0.9465579     -0.7317035    
 -0.9573742     -0.9589519     -0.7588228     -0.9670458     -0.9689447    
 -0.8633912     -0.9767871     -0.8802430     -0.9842598     -0.8999687    
 -0.9886597     -0.9216365     -0.9917485     -0.9378995     -0.9945897    
 -0.9547582     -0.9946041     -0.9702348     -0.9942888     -0.9802398    
 -0.9934288     -0.9871680     -0.9909146     -0.9909338     -0.9882115    
    2.81250E+00   ! Azimuth index:   2 in degrees
  2.7144760E-02  3.0638095E-02  3.4131426E-02  3.7624758E-02  4.1118093E-02
  4.4611424E-02  4.8104759E-02  5.1598094E-02  5.5091426E-02  5.8584761E-02
  6.2078092E-02  6.5571427E-02  6.9064766E-02  7.2558090E-02  7.6051429E-02
  7.9544768E-02  8.3038092E-02  8.6531430E-02  9.0024769E-02  9.3518093E-02
  9.7011432E-02  0.1005048      0.1039981      0.1074914      0.1109848    
  0.1144781      0.1179714      0.1214648      0.1249581      0.1284514    
  0.1328181      0.1380581      0.1432981      0.1485381      0.1537781    
  0.1590181      0.1642581      0.1694981      0.1747381      0.1799781    
  0.1852181      0.1904581      0.1956981      0.2009381      0.2061781    
  0.2114181      0.2166581      0.2218981      0.2271381      0.2323781    
  0.0000000E+00  0.0000000E+00  0.0000000E+00  2.1729549E-05  6.5223212E-05
  1.0833047E-04 -3.4858345E-04 -1.2774649E-03 -2.1360943E-03 -3.4056823E-03
 -4.9988450E-03 -6.4512468E-03 -8.2253711E-03 -1.0104306E-02 -1.1773271E-02
 -1.3700267E-02 -1.5696298E-02 -1.7531034E-02 -1.9566886E-02 -2.1653112E-02
 -2.3607137E-02 -2.5727717E-02 -2.7898613E-02 -2.9970046E-02 -3.2181185E-02
 -3.4449756E-02 -3.6651503E-02 -3.8974240E-02 -4.1366681E-02 -4.3720901E-02
 -4.6801344E-02 -5.0589204E-02 -5.4477774E-02 -5.8487117E-02 -6.2593900E-02
 -6.6813804E-02 -7.1127415E-02 -7.5545445E-02 -8.0056950E-02 -8.4667452E-02
 -8.9371786E-02 -9.4170310E-02 -9.9063419E-02 -0.1040463     -0.1091250    
 -0.1142894     -0.1195511     -0.1248949     -0.1303371     -0.1358577    
 -1.5977416E-03 -1.8067963E-03 -2.0144419E-03 -2.2102622E-03 -2.3903344E-03
 -2.5848595E-03 -2.6682930E-03 -2.5302474E-03 -2.1979297E-03 -2.5340156E-03
 -2.8093637E-03 -2.2234358E-03 -3.0582733E-03 -3.9485064E-03 -3.4859725E-03
 -4.3988144E-03 -5.2777054E-03 -4.7988477E-03 -5.6999861E-03 -6.6128932E-03
 -6.1909272E-03 -7.0909206E-03 -7.9884212E-03 -7.6214205E-03 -8.5286014E-03
 -9.4181970E-03 -9.0947580E-03 -9.9787787E-03 -1.0870371E-02 -1.0634208E-02
 -1.1442382E-02 -1.2238443E-02 -1.3025926E-02 -1.3854765E-02 -1.4653502E-02
 -1.5531668E-02 -1.6353648E-02 -1.7253421E-02 -1.8122371E-02 -1.9042827E-02
 -1.9907512E-02 -2.0866517E-02 -2.1753533E-02 -2.2719493E-02 -2.3638241E-02
 -2.4626188E-02 -2.5561888E-02 -2.6594846E-02 -2.7540635E-02 -2.8567387E-02
 -5.9594013E-02 -5.8798663E-02 -5.8798831E-02  0.1965975      0.2303185    
  0.2520284      0.3817958      0.4432968      0.5048380     -0.3822065    
  4.5243166E-02  5.9255958E-02 -0.7110524     -0.2197495     -0.2328258    
 -0.6780245     -0.1513872     -0.1506387     -0.6742131     -0.1436747    
 -0.1503705     -0.6633636     -0.1464985     -0.1578370     -0.6498501    
 -0.1374033     -0.1519074     -0.6265201     -0.1397191     -0.1464224    
 -0.4777544     -0.1388806     -0.4567456     -0.1257761     -0.4253524    
 -0.1228717     -0.3829017     -0.1178955     -0.3455763     -0.1026801    
 -0.2975015     -0.1026130     -0.2402672     -9.5664226E-02 -0.1879620    
 -8.3857968E-02 -0.1304488     -8.1318580E-02 -5.7417620E-02 -7.1976930E-02
  0.1169521      0.1169577      0.1169577      7.1448073E-02 -1.0062710E-02
 -9.0523638E-02 -0.1733174     -0.2585542     -0.3334703     -0.4048893    
 -0.4505921     -0.4630439     -0.3225486     -0.4250597     -0.4010713    
 -0.2894217     -0.3755074     -0.3617599     -0.2603399     -0.3360622    
 -0.3228851     -0.2342817     -0.2957896     -0.2813088     -0.2057704    
 -0.2541105     -0.2394917     -0.1780602     -0.2128889     -0.1993264    
 -0.1623511     -0.1631669     -0.1289150     -0.1242429     -9.5912047E-02
 -8.6491361E-02 -6.3565955E-02 -5.0632186E-02 -3.1516813E-02 -1.6521711E-02
 -1.0462478E-05  1.6155103E-02  3.1229498E-02  4.7605656E-02  6.2071763E-02
  7.8049019E-02  9.2319913E-02  0.1072450      0.1215384      0.1352086    
 -0.9913480     -0.9913948     -0.9913949     -0.9778776     -0.9730633    
 -0.9634767     -0.9078508     -0.8582760     -0.7962011     -0.8306521    
 -0.8915828     -0.8843523     -0.6247935     -0.8780857     -0.8859649    
 -0.6756611     -0.9143720     -0.9200206     -0.6911294     -0.9308168    
 -0.9344165     -0.7106763     -0.9439527     -0.9465477     -0.7316785    
 -0.9573653     -0.9589410     -0.7587933     -0.9670352     -0.9689322    
 -0.8633614     -0.9767746     -0.8802071     -0.9842480     -0.8999313    
 -0.9886465     -0.9215996     -0.9917344     -0.9378613     -0.9945772    
 -0.9547214     -0.9945902     -0.9702044     -0.9942747     -0.9802130    
 -0.9934165     -0.9871475     -0.9909015     -0.9909247     -0.9881994    
    5.62500E+00   ! Azimuth index:   3 in degrees
  2.7144760E-02  3.0638095E-02  3.4131426E-02  3.7624758E-02  4.1118093E-02
  4.4611424E-02  4.8104759E-02  5.1598094E-02  5.5091426E-02  5.8584761E-02
  6.2078092E-02  6.5571427E-02  6.9064766E-02  7.2558090E-02  7.6051429E-02
  7.9544768E-02  8.3038092E-02  8.6531430E-02  9.0024769E-02  9.3518093E-02
  9.7011432E-02  0.1005048      0.1039981      0.1074914      0.1109848    
  0.1144781      0.1179714      0.1214648      0.1249581      0.1284514    
  0.1328181      0.1380581      0.1432981      0.1485381      0.1537781    
  0.1590181      0.1642581      0.1694981      0.1747381      0.1799781    
  0.1852181      0.1904581      0.1956981      0.2009381      0.2061781    
  0.2114181      0.2166581      0.2218981      0.2271381      0.2323781    
  0.0000000E+00  0.0000000E+00  0.0000000E+00  2.1729549E-05  6.5223212E-05
  1.0833047E-04 -3.4858345E-04 -1.2774649E-03 -2.1360943E-03 -3.4056823E-03
 -4.9988450E-03 -6.4512468E-03 -8.2253711E-03 -1.0104306E-02 -1.1773271E-02
 -1.3700267E-02 -1.5696298E-02 -1.7531034E-02 -1.9566886E-02 -2.1653112E-02
 -2.3607137E-02 -2.5727717E-02 -2.7898613E-02 -2.9970046E-02 -3.2181185E-02
 -3.4449756E-02 -3.6651503E-02 -3.8974240E-02 -4.1366681E-02 -4.3720901E-02
 -4.6801344E-02 -5.0589204E-02 -5.4477774E-02 -5.8487117E-02 -6.2593900E-02
 -6.6813804E-02 -7.1127415E-02 -7.5545445E-02 -8.0056950E-02 -8.4667452E-02
 -8.9371786E-02 -9.4170310E-02 -9.9063419E-02 -0.1040463     -0.1091250    
 -0.1142894     -0.1195511     -0.1248949     -0.1303371     -0.1358577    
 -1.5973878E-03 -1.8064594E-03 -2.0141294E-03 -2.2099740E-03 -2.3900731E-03
 -2.5846451E-03 -2.6681421E-03 -2.5301597E-03 -2.1979068E-03 -2.5340780E-03
 -2.8095359E-03 -2.2237231E-03 -3.0586706E-03 -3.9490373E-03 -3.4866640E-03
 -4.3996703E-03 -5.2787354E-03 -4.8000468E-03 -5.7013594E-03 -6.6144671E-03
 -6.1927270E-03 -7.0929378E-03 -7.9906564E-03 -7.6239053E-03 -8.5313441E-03
 -9.4211958E-03 -9.0980278E-03 -9.9823372E-03 -1.0874227E-02 -1.0638379E-02
 -1.1446950E-02 -1.2243499E-02 -1.3031522E-02 -1.3860910E-02 -1.4660217E-02
 -1.5538987E-02 -1.6361583E-02 -1.7262012E-02 -1.8131651E-02 -1.9052800E-02
 -1.9918203E-02 -2.0877967E-02 -2.1765741E-02 -2.2732493E-02 -2.3652073E-02
 -2.4640853E-02 -2.5577422E-02 -2.6611283E-02 -2.7557986E-02 -2.8585674E-02
 -5.9596598E-02 -5.8805618E-02 -5.8805767E-02  0.1965911      0.2303106    
  0.2520119      0.3817815      0.4432843      0.5048264     -0.3822273    
  4.5212526E-02  5.9227623E-02 -0.7110619     -0.2197881     -0.2328646    
 -0.6780421     -0.1514332     -0.1506801     -0.6742335     -0.1437305    
 -0.1504332     -0.6633863     -0.1465619     -0.1579055     -0.6498814    
 -0.1374728     -0.1519836     -0.6265591     -0.1398001     -0.1465133    
 -0.4778129     -0.1389756     -0.4568201     -0.1258762     -0.4254367    
 -0.1229850     -0.3829963     -0.1180223     -0.3456866     -0.1028085    
 -0.2976269     -0.1027562     -0.2403983     -9.5820814E-02 -0.1881117    
 -8.4015168E-02 -0.1306150     -8.1489436E-02 -5.7588823E-02 -7.2157383E-02
  0.1169521      0.1169576      0.1169576      7.1448177E-02 -1.0062730E-02
 -9.0524033E-02 -0.1733185     -0.2585560     -0.3334729     -0.4048855    
 -0.4505927     -0.4630447     -0.3225442     -0.4250559     -0.4010675    
 -0.2894153     -0.3755047     -0.3617575     -0.2603334     -0.3360594    
 -0.3228820     -0.2342754     -0.2957868     -0.2813057     -0.2057632    
 -0.2541080     -0.2394889     -0.1780530     -0.2128864     -0.1993236    
 -0.1623453     -0.1631647     -0.1289095     -0.1242413     -9.5907852E-02
 -8.6490154E-02 -6.3563257E-02 -5.0631445E-02 -3.1515475E-02 -1.6521493E-02
 -1.0492280E-05  1.6154835E-02  3.1228425E-02  4.7604896E-02  6.2069945E-02
  7.8047983E-02  9.2317872E-02  0.1072435      0.1215373      0.1352069    
 -0.9913478     -0.9913944     -0.9913945     -0.9778789     -0.9730653    
 -0.9634809     -0.9078566     -0.8582819     -0.7962074     -0.8306442    
 -0.8915840     -0.8843538     -0.6247849     -0.8780778     -0.8859565    
 -0.6756462     -0.9143655     -0.9200147     -0.6911120     -0.9308091    
 -0.9344074     -0.7106571     -0.9439437     -0.9465374     -0.7316528    
 -0.9573559     -0.9589297     -0.7587627     -0.9670240     -0.9689190    
 -0.8633301     -0.9767615     -0.8801692     -0.9842353     -0.8998919    
 -0.9886325     -0.9215605     -0.9917194     -0.9378207     -0.9945641    
 -0.9546822     -0.9945754     -0.9701719     -0.9942596     -0.9801843    
 -0.9934033     -0.9871256     -0.9908876     -0.9909148     -0.9881865    
    8.43750E+00   ! Azimuth index:   4 in degrees
  2.7144760E-02  3.0638095E-02  3.4131426E-02  3.7624758E-02  4.1118093E-02
  4.4611424E-02  4.8104759E-02  5.1598094E-02  5.5091426E-02  5.8584761E-02
  6.2078092E-02  6.5571427E-02  6.9064766E-02  7.2558090E-02  7.6051429E-02
  7.9544768E-02  8.3038092E-02  8.6531430E-02  9.0024769E-02  9.3518093E-02
  9.7011432E-02  0.1005048      0.1039981      0.1074914      0.1109848    
  0.1144781      0.1179714      0.1214648      0.1249581      0.1284514    
  0.1328181      0.1380581      0.1432981      0.1485381      0.1537781    
  0.1590181      0.1642581      0.1694981      0.1747381      0.1799781    
  0.1852181      0.1904581      0.1956981      0.2009381      0.2061781    
  0.2114181      0.2166581      0.2218981      0.2271381      0.2323781    
  0.0000000E+00  0.0000000E+00  0.0000000E+00  2.1729549E-05  6.5223212E-05
  1.0833047E-04 -3.4858345E-04 -1.2774649E-03 -2.1360943E-03 -3.4056823E-03
 -4.9988450E-03 -6.4512468E-03 -8.2253711E-03 -1.0104306E-02 -1.1773271E-02
 -1.3700267E-02 -1.5696298E-02 -1.7531034E-02 -1.9566886E-02 -2.1653112E-02
 -2.3607137E-02 -2.5727717E-02 -2.7898613E-02 -2.9970046E-02 -3.2181185E-02
 -3.4449756E-02 -3.6651503E-02 -3.8974240E-02 -4.1366681E-02 -4.3720901E-02
 -4.6801344E-02 -5.0589204E-02 -5.4477774E-02 -5.8487117E-02 -6.2593900E-02
 -6.6813804E-02 -7.1127415E-02 -7.5545445E-02 -8.0056950E-02 -8.4667452E-02
 -8.9371786E-02 -9.4170310E-02 -9.9063419E-02 -0.1040463     -0.1091250    
 -0.1142894     -0.1195511     -0.1248949     -0.1303371     -0.1358577    
 -1.5968934E-03 -1.8059677E-03 -2.0136489E-03 -2.2095051E-03 -2.3896201E-03
 -2.5842283E-03 -2.6677786E-03 -2.5298500E-03 -2.1976545E-03 -2.5339033E-03
 -2.8094649E-03 -2.2237620E-03 -3.0588147E-03 -3.9493120E-03 -3.4870976E-03
 -4.4002663E-03 -5.2795038E-03 -4.8009846E-03 -5.7024718E-03 -6.6157817E-03
 -6.1942702E-03 -7.0947045E-03 -7.9926467E-03 -7.6261479E-03 -8.5338503E-03
 -9.4239675E-03 -9.1010770E-03 -9.9856853E-03 -1.0877881E-02 -1.0642358E-02
 -1.1451341E-02 -1.2248399E-02 -1.3036981E-02 -1.3866942E-02 -1.4666843E-02
 -1.5546245E-02 -1.6369492E-02 -1.7270606E-02 -1.8140968E-02 -1.9062839E-02
 -1.9929001E-02 -2.0889563E-02 -2.1778136E-02 -2.2745725E-02 -2.3666181E-02
 -2.4655841E-02 -2.5593329E-02 -2.6628150E-02 -2.7575817E-02 -2.8604498E-02
 -5.9595011E-02 -5.8808733E-02 -5.8808926E-02  0.1965878      0.2303054    
  0.2519982      0.3817697      0.4432736      0.5048159     -0.3822468    
  4.5184117E-02  5.9200078E-02 -0.7110711     -0.2198267     -0.2329028    
 -0.6780595     -0.1514796     -0.1507213     -0.6742539     -0.1437872    
 -0.1504969     -0.6634096     -0.1466267     -0.1579757     -0.6499133    
 -0.1375446     -0.1520619     -0.6265998     -0.1398834     -0.1466073    
 -0.4778739     -0.1390742     -0.4568977     -0.1259807     -0.4255247    
 -0.1231038     -0.3830953     -0.1181555     -0.3458017     -0.1029442    
 -0.2977583     -0.1029073     -0.2405363     -9.5985785E-02 -0.1882700    
 -8.4181450E-02 -0.1307906     -8.1670389E-02 -5.7770673E-02 -7.2348125E-02
  0.1169521      0.1169576      0.1169576      7.1448214E-02 -1.0062742E-02
 -9.0524361E-02 -0.1733194     -0.2585575     -0.3334753     -0.4048820    
 -0.4505933     -0.4630455     -0.3225399     -0.4250521     -0.4010637    
 -0.2894090     -0.3755019     -0.3617553     -0.2603267     -0.3360566    
 -0.3228788     -0.2342690     -0.2957839     -0.2813026     -0.2057559    
 -0.2541054     -0.2394860     -0.1780455     -0.2128839     -0.1993208    
 -0.1623391     -0.1631624     -0.1289037     -0.1242397     -9.5903493E-02
 -8.6488873E-02 -6.3560434E-02 -5.0630637E-02 -3.1514052E-02 -1.6521258E-02
 -1.0490417E-05  1.6154582E-02  3.1227324E-02  4.7604099E-02  6.2067989E-02
  7.8046881E-02  9.2315711E-02  0.1072418      0.1215359      0.1352050    
 -0.9913479     -0.9913942     -0.9913942     -0.9778795     -0.9730664    
 -0.9634845     -0.9078614     -0.8582869     -0.7962130     -0.8306370    
 -0.8915852     -0.8843553     -0.6247767     -0.8780700     -0.8859482    
 -0.6756315     -0.9143589     -0.9200089     -0.6910945     -0.9308014    
 -0.9343982     -0.7106376     -0.9439345     -0.9465266     -0.7316265    
 -0.9573463     -0.9589180     -0.7587308     -0.9670125     -0.9689053    
 -0.8632974     -0.9767479     -0.8801298     -0.9842222     -0.8998507    
 -0.9886178     -0.9215194     -0.9917035     -0.9377783     -0.9945499    
 -0.9546413     -0.9945598     -0.9701378     -0.9942437     -0.9801541    
 -0.9933892     -0.9871026     -0.9908729     -0.9909044     -0.9881728    
    1.12500E+01   ! Azimuth index:   5 in degrees
  2.7144760E-02  3.0638095E-02  3.4131426E-02  3.7624758E-02  4.1118093E-02
  4.4611424E-02  4.8104759E-02  5.1598094E-02  5.5091426E-02  5.8584761E-02
  6.2078092E-02  6.5571427E-02  6.9064766E-02  7.2558090E-02  7.6051429E-02
  7.9544768E-02  8.3038092E-02  8.6531430E-02  9.0024769E-02  9.3518093E-02
  9.7011432E-02  0.1005048      0.1039981      0.1074914      0.1109848    
  0.1144781      0.1179714      0.1214648      0.1249581      0.1284514    
  0.1328181      0.1380581      0.1432981      0.1485381      0.1537781    
  0.1590181      0.1642581      0.1694981      0.1747381      0.1799781    
  0.1852181      0.1904581      0.1956981      0.2009381      0.2061781    
  0.2114181      0.2166581      0.2218981      0.2271381      0.2323781    
  0.0000000E+00  0.0000000E+00  0.0000000E+00  2.1729549E-05  6.5223212E-05
  1.0833047E-04 -3.4858345E-04 -1.2774649E-03 -2.1360943E-03 -3.4056823E-03
 -4.9988450E-03 -6.4512468E-03 -8.2253711E-03 -1.0104306E-02 -1.1773271E-02
 -1.3700267E-02 -1.5696298E-02 -1.7531034E-02 -1.9566886E-02 -2.1653112E-02
 -2.3607137E-02 -2.5727717E-02 -2.7898613E-02 -2.9970046E-02 -3.2181185E-02
 -3.4449756E-02 -3.6651503E-02 -3.8974240E-02 -4.1366681E-02 -4.3720901E-02
 -4.6801344E-02 -5.0589204E-02 -5.4477774E-02 -5.8487117E-02 -6.2593900E-02
 -6.6813804E-02 -7.1127415E-02 -7.5545445E-02 -8.0056950E-02 -8.4667452E-02
 -8.9371786E-02 -9.4170310E-02 -9.9063419E-02 -0.1040463     -0.1091250    
 -0.1142894     -0.1195511     -0.1248949     -0.1303371     -0.1358577    
 -1.5962797E-03 -1.8053446E-03 -2.0130258E-03 -2.2088829E-03 -2.3890047E-03
 -2.5836406E-03 -2.6672354E-03 -2.5293524E-03 -2.1972074E-03 -2.5335285E-03
 -2.8091881E-03 -2.2235909E-03 -3.0587455E-03 -3.9493712E-03 -3.4873132E-03
 -4.4006435E-03 -5.2800532E-03 -4.8017036E-03 -5.7033664E-03 -6.6168802E-03
 -6.1956011E-03 -7.0962608E-03 -7.9944301E-03 -7.6281903E-03 -8.5361609E-03
 -9.4265491E-03 -9.1039455E-03 -9.9888593E-03 -1.0881370E-02 -1.0646181E-02
 -1.1455590E-02 -1.2253172E-02 -1.3042334E-02 -1.3872890E-02 -1.4673408E-02
 -1.5553464E-02 -1.6377386E-02 -1.7279215E-02 -1.8150328E-02 -1.9072959E-02
 -1.9939911E-02 -2.0901307E-02 -2.1790713E-02 -2.2759175E-02 -2.3680551E-02
 -2.4671134E-02 -2.5609583E-02 -2.6645405E-02 -2.7594084E-02 -2.8623808E-02
 -5.9589859E-02 -5.8808681E-02 -5.8808822E-02  0.1965872      0.2303025    
  0.2519867      0.3817598      0.4432643      0.5048066     -0.3822654    
  4.5156721E-02  5.9173316E-02 -0.7110800     -0.2198642     -0.2329407    
 -0.6780770     -0.1515252     -0.1507633     -0.6742746     -0.1438447    
 -0.1505614     -0.6634332     -0.1466926     -0.1580471     -0.6499460    
 -0.1376184     -0.1521421     -0.6266414     -0.1399688     -0.1467044    
 -0.4779368     -0.1391763     -0.4569777     -0.1260897     -0.4256158    
 -0.1232271     -0.3831989     -0.1182935     -0.3459222     -0.1030852    
 -0.2978961     -0.1030647     -0.2406808     -9.6158035E-02 -0.1884354    
 -8.4355570E-02 -0.1309749     -8.1859201E-02 -5.7961367E-02 -7.2548412E-02
  0.1169522      0.1169576      0.1169576      7.1448222E-02 -1.0062756E-02
 -9.0524644E-02 -0.1733202     -0.2585588     -0.3334774     -0.4048786    
 -0.4505939     -0.4630462     -0.3225358     -0.4250485     -0.4010600    
 -0.2894026     -0.3754993     -0.3617529     -0.2603201     -0.3360538    
 -0.3228756     -0.2342624     -0.2957810     -0.2812993     -0.2057482    
 -0.2541028     -0.2394830     -0.1780379     -0.2128813     -0.1993179    
 -0.1623328     -0.1631601     -0.1288978     -0.1242379     -9.5898926E-02
 -8.6487517E-02 -6.3557476E-02 -5.0629772E-02 -3.1512536E-02 -1.6521016E-02
 -1.0464340E-05  1.6154345E-02  3.1226203E-02  4.7603339E-02  6.2065978E-02
  7.8045771E-02  9.2313491E-02  0.1072403      0.1215346      0.1352029    
 -0.9913482     -0.9913942     -0.9913942     -0.9778797     -0.9730671    
 -0.9634875     -0.9078654     -0.8582914     -0.7962180     -0.8306302    
 -0.8915863     -0.8843567     -0.6247688     -0.8780624     -0.8859400    
 -0.6756165     -0.9143525     -0.9200029     -0.6910769     -0.9307935    
 -0.9343889     -0.7106177     -0.9439252     -0.9465156     -0.7315995    
 -0.9573363     -0.9589060     -0.7586983     -0.9670007     -0.9688912    
 -0.8632638     -0.9767338     -0.8800890     -0.9842085     -0.8998081    
 -0.9886026     -0.9214766     -0.9916871     -0.9377339     -0.9945354    
 -0.9545983     -0.9945435     -0.9701019     -0.9942271     -0.9801224    
 -0.9933745     -0.9870784     -0.9908575     -0.9908935     -0.9881584    
    1.40625E+01   ! Azimuth index:   6 in degrees
  2.7144760E-02  3.0638095E-02  3.4131426E-02  3.7624758E-02  4.1118093E-02
  4.4611424E-02  4.8104759E-02  5.1598094E-02  5.5091426E-02  5.8584761E-02
  6.2078092E-02  6.5571427E-02  6.9064766E-02  7.2558090E-02  7.6051429E-02
  7.9544768E-02  8.3038092E-02  8.6531430E-02  9.0024769E-02  9.3518093E-02
  9.7011432E-02  0.1005048      0.1039981      0.1074914      0.1109848    
  0.1144781      0.1179714      0.1214648      0.1249581      0.1284514    
  0.1328181      0.1380581      0.1432981      0.1485381      0.1537781    
  0.1590181      0.1642581      0.1694981      0.1747381      0.1799781    
  0.1852181      0.1904581      0.1956981      0.2009381      0.2061781    
  0.2114181      0.2166581      0.2218981      0.2271381      0.2323781    
  0.0000000E+00  0.0000000E+00  0.0000000E+00  2.1729549E-05  6.5223212E-05
  1.0833047E-04 -3.4858345E-04 -1.2774649E-03 -2.1360943E-03 -3.4056823E-03
 -4.9988450E-03 -6.4512468E-03 -8.2253711E-03 -1.0104306E-02 -1.1773271E-02
 -1.3700267E-02 -1.5696298E-02 -1.7531034E-02 -1.9566886E-02 -2.1653112E-02
 -2.3607137E-02 -2.5727717E-02 -2.7898613E-02 -2.9970046E-02 -3.2181185E-02
 -3.4449756E-02 -3.6651503E-02 -3.8974240E-02 -4.1366681E-02 -4.3720901E-02
 -4.6801344E-02 -5.0589204E-02 -5.4477774E-02 -5.8487117E-02 -6.2593900E-02
 -6.6813804E-02 -7.1127415E-02 -7.5545445E-02 -8.0056950E-02 -8.4667452E-02
 -8.9371786E-02 -9.4170310E-02 -9.9063419E-02 -0.1040463     -0.1091250    
 -0.1142894     -0.1195511     -0.1248949     -0.1303371     -0.1358577    
 -1.5956440E-03 -1.8046990E-03 -2.0123790E-03 -2.2082366E-03 -2.3883642E-03
 -2.5830278E-03 -2.6666680E-03 -2.5288309E-03 -2.1967371E-03 -2.5331313E-03
 -2.8088908E-03 -2.2234013E-03 -3.0586598E-03 -3.9494163E-03 -3.4875185E-03
 -4.4010133E-03 -5.2805990E-03 -4.8024231E-03 -5.7042651E-03 -6.6179875E-03
 -6.1969450E-03 -7.0978361E-03 -7.9962378E-03 -7.6302625E-03 -8.5385088E-03
 -9.4291754E-03 -9.1068642E-03 -9.9920928E-03 -1.0884923E-02 -1.0650078E-02
 -1.1459921E-02 -1.2258042E-02 -1.3047796E-02 -1.3878961E-02 -1.4680112E-02
 -1.5560839E-02 -1.6385455E-02 -1.7288016E-02 -1.8159896E-02 -1.9083302E-02
 -1.9951064E-02 -2.0913316E-02 -2.1803578E-02 -2.2772936E-02 -2.3695253E-02
 -2.4686782E-02 -2.5626216E-02 -2.6663065E-02 -2.7612779E-02 -2.8643571E-02
 -5.9584379E-02 -5.8808398E-02 -5.8808561E-02  0.1965868      0.2302997    
  0.2519749      0.3817498      0.4432548      0.5047973     -0.3822839    
  4.5128714E-02  5.9146158E-02 -0.7110891     -0.2199030     -0.2329792    
 -0.6780947     -0.1515724     -0.1508059     -0.6742957     -0.1439029    
 -0.1506277     -0.6634573     -0.1467603     -0.1581202     -0.6499796    
 -0.1376938     -0.1522248     -0.6266838     -0.1400563     -0.1468036    
 -0.4780014     -0.1392807     -0.4570599     -0.1262011     -0.4257092    
 -0.1233536     -0.3833050     -0.1184349     -0.3460449     -0.1032304    
 -0.2980369     -0.1032261     -0.2408294     -9.6334539E-02 -0.1886052    
 -8.4533967E-02 -0.1311634     -8.2052968E-02 -5.8156785E-02 -7.2753601E-02
  0.1169522      0.1169576      0.1169576      7.1448222E-02 -1.0062763E-02
 -9.0524942E-02 -0.1733209     -0.2585602     -0.3334795     -0.4048753    
 -0.4505944     -0.4630470     -0.3225316     -0.4250446     -0.4010561    
 -0.2893962     -0.3754965     -0.3617505     -0.2603133     -0.3360509    
 -0.3228723     -0.2342557     -0.2957780     -0.2812960     -0.2057405    
 -0.2541001     -0.2394799     -0.1780301     -0.2128786     -0.1993149    
 -0.1623263     -0.1631576     -0.1288917     -0.1242362     -9.5894270E-02
 -8.6486161E-02 -6.3554466E-02 -5.0628942E-02 -3.1511016E-02 -1.6520767E-02
 -1.0490417E-05  1.6154042E-02  3.1224992E-02  4.7602490E-02  6.2063925E-02
  7.8044549E-02  9.2311129E-02  0.1072385      0.1215332      0.1352010    
 -0.9913486     -0.9913942     -0.9913942     -0.9778798     -0.9730678    
 -0.9634905     -0.9078695     -0.8582959     -0.7962230     -0.8306233    
 -0.8915874     -0.8843580     -0.6247605     -0.8780546     -0.8859315    
 -0.6756015     -0.9143458     -0.9199969     -0.6910589     -0.9307855    
 -0.9343795     -0.7105974     -0.9439157     -0.9465045     -0.7315719    
 -0.9573262     -0.9588937     -0.7586651     -0.9669886     -0.9688768    
 -0.8632294     -0.9767193     -0.8800473     -0.9841944     -0.8997644    
 -0.9885869     -0.9214326     -0.9916703     -0.9376887     -0.9945204    
 -0.9545543     -0.9945267     -0.9700651     -0.9942101     -0.9800898    
 -0.9933594     -0.9870537     -0.9908417     -0.9908822     -0.9881436    
    1.68750E+01   ! Azimuth index:   7 in degrees
  2.7144760E-02  3.0638095E-02  3.4131426E-02  3.7624758E-02  4.1118093E-02
  4.4611424E-02  4.8104759E-02  5.1598094E-02  5.5091426E-02  5.8584761E-02
  6.2078092E-02  6.5571427E-02  6.9064766E-02  7.2558090E-02  7.6051429E-02
  7.9544768E-02  8.3038092E-02  8.6531430E-02  9.0024769E-02  9.3518093E-02
  9.7011432E-02  0.1005048      0.1039981      0.1074914      0.1109848    
  0.1144781      0.1179714      0.1214648      0.1249581      0.1284514    
  0.1328181      0.1380581      0.1432981      0.1485381      0.1537781    
  0.1590181      0.1642581      0.1694981      0.1747381      0.1799781    
  0.1852181      0.1904581      0.1956981      0.2009381      0.2061781    
  0.2114181      0.2166581      0.2218981      0.2271381      0.2323781    
  0.0000000E+00  0.0000000E+00  0.0000000E+00  2.1729549E-05  6.5223212E-05
  1.0833047E-04 -3.4858345E-04 -1.2774649E-03 -2.1360943E-03 -3.4056823E-03
 -4.9988450E-03 -6.4512468E-03 -8.2253711E-03 -1.0104306E-02 -1.1773271E-02
 -1.3700267E-02 -1.5696298E-02 -1.7531034E-02 -1.9566886E-02 -2.1653112E-02
 -2.3607137E-02 -2.5727717E-02 -2.7898613E-02 -2.9970046E-02 -3.2181185E-02
 -3.4449756E-02 -3.6651503E-02 -3.8974240E-02 -4.1366681E-02 -4.3720901E-02
 -4.6801344E-02 -5.0589204E-02 -5.4477774E-02 -5.8487117E-02 -6.2593900E-02
 -6.6813804E-02 -7.1127415E-02 -7.5545445E-02 -8.0056950E-02 -8.4667452E-02
 -8.9371786E-02 -9.4170310E-02 -9.9063419E-02 -0.1040463     -0.1091250    
 -0.1142894     -0.1195511     -0.1248949     -0.1303371     -0.1358577    
 -1.5951454E-03 -1.8042064E-03 -2.0119015E-03 -2.2077742E-03 -2.3879213E-03
 -2.5826267E-03 -2.6663262E-03 -2.5285492E-03 -2.1965187E-03 -2.5329976E-03
 -2.8088698E-03 -2.2234996E-03 -3.0588722E-03 -3.9497698E-03 -3.4880424E-03
 -4.4017122E-03 -5.2814838E-03 -4.8034899E-03 -5.7055191E-03 -6.6194581E-03
 -6.1986605E-03 -7.0997896E-03 -7.9984292E-03 -7.6327259E-03 -8.5412543E-03
 -9.4322022E-03 -9.1101881E-03 -9.9957343E-03 -1.0888891E-02 -1.0654394E-02
 -1.1464676E-02 -1.2263337E-02 -1.3053688E-02 -1.3885464E-02 -1.4687247E-02
 -1.5568646E-02 -1.6393952E-02 -1.7297242E-02 -1.8169889E-02 -1.9094069E-02
 -1.9962635E-02 -2.0925734E-02 -2.1816844E-02 -2.2787089E-02 -2.3710337E-02
 -2.4702800E-02 -2.5643209E-02 -2.6681075E-02 -2.7631814E-02 -2.8663659E-02
 -5.9583660E-02 -5.8812626E-02 -5.8812760E-02  0.1965826      0.2302936    
  0.2519596      0.3817365      0.4432429      0.5047861     -0.3823052    
  4.5097262E-02  5.9116442E-02 -0.7110989     -0.2199443     -0.2330207    
 -0.6781138     -0.1516217     -0.1508507     -0.6743176     -0.1439638    
 -0.1506958     -0.6634822     -0.1468293     -0.1581949     -0.6500138    
 -0.1377703     -0.1523085     -0.6267271     -0.1401450     -0.1469040    
 -0.4780662     -0.1393858     -0.4571424     -0.1263122     -0.4258028    
 -0.1234798     -0.3834104     -0.1185761     -0.3461676     -0.1033742    
 -0.2981768     -0.1033863     -0.2409761     -9.6509553E-02 -0.1887728    
 -8.4710538E-02 -0.1313501     -8.2244664E-02 -5.8349404E-02 -7.2956167E-02
  0.1169522      0.1169576      0.1169576      7.1448296E-02 -1.0062773E-02
 -9.0525307E-02 -0.1733220     -0.2585619     -0.3334820     -0.4048714    
 -0.4505951     -0.4630478     -0.3225271     -0.4250406     -0.4010520    
 -0.2893892     -0.3754936     -0.3617480     -0.2603063     -0.3360479    
 -0.3228689     -0.2342488     -0.2957749     -0.2812925     -0.2057326    
 -0.2540974     -0.2394768     -0.1780221     -0.2128759     -0.1993119    
 -0.1623198     -0.1631552     -0.1288855     -0.1242344     -9.5889628E-02
 -8.6484797E-02 -6.3551463E-02 -5.0628081E-02 -3.1509493E-02 -1.6520519E-02
 -1.0462478E-05  1.6153801E-02  3.1223819E-02  4.7601722E-02  6.2061928E-02
  7.8043416E-02  9.2308864E-02  0.1072369      0.1215318      0.1351989    
 -0.9913486     -0.9913940     -0.9913940     -0.9778806     -0.9730693    
 -0.9634945     -0.9078749     -0.8583015     -0.7962290     -0.8306153    
 -0.8915887     -0.8843597     -0.6247517     -0.8780461     -0.8859224    
 -0.6755853     -0.9143387     -0.9199905     -0.6910400     -0.9307773    
 -0.9343696     -0.7105764     -0.9439059     -0.9464930     -0.7315437    
 -0.9573160     -0.9588812     -0.7586312     -0.9669763     -0.9688622    
 -0.8631947     -0.9767047     -0.8800054     -0.9841804     -0.8997206    
 -0.9885713     -0.9213889     -0.9916534     -0.9376434     -0.9945054    
 -0.9545107     -0.9945101     -0.9700286     -0.9941931     -0.9800578    
 -0.9933446     -0.9870290     -0.9908261     -0.9908710     -0.9881289    
    1.96875E+01   ! Azimuth index:   8 in degrees
  2.7144760E-02  3.0638095E-02  3.4131426E-02  3.7624758E-02  4.1118093E-02
  4.4611424E-02  4.8104759E-02  5.1598094E-02  5.5091426E-02  5.8584761E-02
  6.2078092E-02  6.5571427E-02  6.9064766E-02  7.2558090E-02  7.6051429E-02
  7.9544768E-02  8.3038092E-02  8.6531430E-02  9.0024769E-02  9.3518093E-02
  9.7011432E-02  0.1005048      0.1039981      0.1074914      0.1109848    
  0.1144781      0.1179714      0.1214648      0.1249581      0.1284514    
  0.1328181      0.1380581      0.1432981      0.1485381      0.1537781    
  0.1590181      0.1642581      0.1694981      0.1747381      0.1799781    
  0.1852181      0.1904581      0.1956981      0.2009381      0.2061781    
  0.2114181      0.2166581      0.2218981      0.2271381      0.2323781    
  0.0000000E+00  0.0000000E+00  0.0000000E+00  2.1729549E-05  6.5223212E-05
  1.0833047E-04 -3.4858345E-04 -1.2774649E-03 -2.1360943E-03 -3.4056823E-03
 -4.9988450E-03 -6.4512468E-03 -8.2253711E-03 -1.0104306E-02 -1.1773271E-02
 -1.3700267E-02 -1.5696298E-02 -1.7531034E-02 -1.9566886E-02 -2.1653112E-02
 -2.3607137E-02 -2.5727717E-02 -2.7898613E-02 -2.9970046E-02 -3.2181185E-02
 -3.4449756E-02 -3.6651503E-02 -3.8974240E-02 -4.1366681E-02 -4.3720901E-02
 -4.6801344E-02 -5.0589204E-02 -5.4477774E-02 -5.8487117E-02 -6.2593900E-02
 -6.6813804E-02 -7.1127415E-02 -7.5545445E-02 -8.0056950E-02 -8.4667452E-02
 -8.9371786E-02 -9.4170310E-02 -9.9063419E-02 -0.1040463     -0.1091250    
 -0.1142894     -0.1195511     -0.1248949     -0.1303371     -0.1358577    
 -1.5950014E-03 -1.8041092E-03 -2.0118589E-03 -2.2077847E-03 -2.3879851E-03
 -2.5827650E-03 -2.6665586E-03 -2.5288742E-03 -2.1969355E-03 -2.5335278E-03
 -2.8095418E-03 -2.2243168E-03 -3.0598266E-03 -3.9508869E-03 -3.4893528E-03
 -4.4032196E-03 -5.2831965E-03 -4.8054010E-03 -5.7076332E-03 -6.6218050E-03
 -6.2012663E-03 -7.1026436E-03 -8.0015315E-03 -7.6361084E-03 -8.5449284E-03
 -9.4361641E-03 -9.1144498E-03 -1.0000319E-02 -1.0893807E-02 -1.0659659E-02
 -1.1470377E-02 -1.2269575E-02 -1.3060518E-02 -1.3892892E-02 -1.4695293E-02
 -1.5577348E-02 -1.6403325E-02 -1.7307322E-02 -1.8180713E-02 -1.9105636E-02
 -1.9974971E-02 -2.0938884E-02 -2.1830805E-02 -2.2801895E-02 -2.3726031E-02
 -2.4719384E-02 -2.5660716E-02 -2.6699545E-02 -2.7651250E-02 -2.8684089E-02
 -5.9594501E-02 -5.8828108E-02 -5.8828164E-02  0.1965688      0.2302790    
  0.2519352      0.3817156      0.4432248      0.5047701     -0.3823327    
  4.5059111E-02  5.9080433E-02 -0.7111108     -0.2199906     -0.2330672    
 -0.6781350     -0.1516757     -0.1508987     -0.6743415     -0.1440284    
 -0.1507667     -0.6635080     -0.1469011     -0.1582725     -0.6500491    
 -0.1378473     -0.1523931     -0.6267707     -0.1402354     -0.1470045    
 -0.4781305     -0.1394900     -0.4572239     -0.1264205     -0.4258946    
 -0.1236026     -0.3835126     -0.1187131     -0.3462864     -0.1035116    
 -0.2983111     -0.1035402     -0.2411155     -9.6676759E-02 -0.1889325    
 -8.4877707E-02 -0.1315269     -8.2426734E-02 -5.8530331E-02 -7.3147945E-02
  0.1169521      0.1169575      0.1169575      7.1448490E-02 -1.0062810E-02
 -9.0525910E-02 -0.1733236     -0.2585645     -0.3334857     -0.4048665    
 -0.4505958     -0.4630488     -0.3225215     -0.4250360     -0.4010475    
 -0.2893816     -0.3754905     -0.3617454     -0.2602986     -0.3360447    
 -0.3228654     -0.2342416     -0.2957718     -0.2812890     -0.2057244    
 -0.2540946     -0.2394736     -0.1780141     -0.2128731     -0.1993089    
 -0.1623133     -0.1631528     -0.1288794     -0.1242326     -9.5885046E-02
 -8.6483464E-02 -6.3548505E-02 -5.0627246E-02 -3.1508047E-02 -1.6520282E-02
 -1.0490417E-05  1.6153540E-02  3.1222733E-02  4.7600944E-02  6.2059976E-02
  7.8042254E-02  9.2306651E-02  0.1072352      0.1215305      0.1351970    
 -0.9913480     -0.9913931     -0.9913931     -0.9778833     -0.9730727    
 -0.9635008     -0.9078833     -0.8583101     -0.7962377     -0.8306051    
 -0.8915902     -0.8843616     -0.6247410     -0.8780367     -0.8859123    
 -0.6755674     -0.9143311     -0.9199837     -0.6910197     -0.9307684    
 -0.9343594     -0.7105547     -0.9438958     -0.9464810     -0.7315146    
 -0.9573056     -0.9588684     -0.7585970     -0.9669638     -0.9688476    
 -0.8631603     -0.9766902     -0.8799638     -0.9841666     -0.8996776    
 -0.9885561     -0.9213466     -0.9916371     -0.9375996     -0.9944911    
 -0.9544687     -0.9944941     -0.9699941     -0.9941769     -0.9800270    
 -0.9933304     -0.9870057     -0.9908110     -0.9908605     -0.9881149    
    2.25000E+01   ! Azimuth index:   9 in degrees
  2.7144760E-02  3.0638095E-02  3.4131426E-02  3.7624758E-02  4.1118093E-02
  4.4611424E-02  4.8104759E-02  5.1598094E-02  5.5091426E-02  5.8584761E-02
  6.2078092E-02  6.5571427E-02  6.9064766E-02  7.2558090E-02  7.6051429E-02
  7.9544768E-02  8.3038092E-02  8.6531430E-02  9.0024769E-02  9.3518093E-02
  9.7011432E-02  0.1005048      0.1039981      0.1074914      0.1109848    
  0.1144781      0.1179714      0.1214648      0.1249581      0.1284514    
  0.1328181      0.1380581      0.1432981      0.1485381      0.1537781    
  0.1590181      0.1642581      0.1694981      0.1747381      0.1799781    
  0.1852181      0.1904581      0.1956981      0.2009381      0.2061781    
  0.2114181      0.2166581      0.2218981      0.2271381      0.2323781    
  0.0000000E+00  0.0000000E+00  0.0000000E+00  2.1729549E-05  6.5223212E-05
  1.0833047E-04 -3.4858345E-04 -1.2774649E-03 -2.1360943E-03 -3.4056823E-03
 -4.9988450E-03 -6.4512468E-03 -8.2253711E-03 -1.0104306E-02 -1.1773271E-02
 -1.3700267E-02 -1.5696298E-02 -1.7531034E-02 -1.9566886E-02 -2.1653112E-02
 -2.3607137E-02 -2.5727717E-02 -2.7898613E-02 -2.9970046E-02 -3.2181185E-02
 -3.4449756E-02 -3.6651503E-02 -3.8974240E-02 -4.1366681E-02 -4.3720901E-02
 -4.6801344E-02 -5.0589204E-02 -5.4477774E-02 -5.8487117E-02 -6.2593900E-02
 -6.6813804E-02 -7.1127415E-02 -7.5545445E-02 -8.0056950E-02 -8.4667452E-02
 -8.9371786E-02 -9.4170310E-02 -9.9063419E-02 -0.1040463     -0.1091250    
 -0.1142894     -0.1195511     -0.1248949     -0.1303371     -0.1358577    
 -1.5955670E-03 -1.8048037E-03 -2.0126889E-03 -2.2087439E-03 -2.3890659E-03
 -2.5839885E-03 -2.6679477E-03 -2.5304230E-03 -2.1986356E-03 -2.5354002E-03
 -2.8116158E-03 -2.2265916E-03 -3.0622873E-03 -3.9535570E-03 -3.4922641E-03
 -4.4063749E-03 -5.2866028E-03 -4.8090434E-03 -5.7115117E-03 -6.6259522E-03
 -6.2057055E-03 -7.1073566E-03 -8.0065150E-03 -7.6413974E-03 -8.5505340E-03
 -9.4420761E-03 -9.1206711E-03 -1.0006879E-02 -1.0900714E-02 -1.0666926E-02
 -1.1478085E-02 -1.2277823E-02 -1.3069354E-02 -1.3902314E-02 -1.4705317E-02
 -1.5588010E-02 -1.6414627E-02 -1.7319299E-02 -1.8193398E-02 -1.9119019E-02
 -1.9989073E-02 -2.0953748E-02 -2.1846417E-02 -2.2818282E-02 -2.3743235E-02
 -2.4737392E-02 -2.5679566E-02 -2.6719274E-02 -2.7671849E-02 -2.8705575E-02
 -5.9629224E-02 -5.8866207E-02 -5.8866508E-02  0.1965358      0.2302473    
  0.2518924      0.3816786      0.4431943      0.5047447     -0.3823726    
  4.5006145E-02  5.9031043E-02 -0.7111267     -0.2200489     -0.2331255    
 -0.6781608     -0.1517416     -0.1509551     -0.6743692     -0.1441027    
 -0.1508459     -0.6635364     -0.1469792     -0.1583564     -0.6500878    
 -0.1379264     -0.1524813     -0.6268169     -0.1403300     -0.1471064    
 -0.4781951     -0.1395948     -0.4573048     -0.1265250     -0.4259847    
 -0.1237209     -0.3836095     -0.1188441     -0.3463993     -0.1036393    
 -0.2984365     -0.1036840     -0.2412425     -9.6831329E-02 -0.1890778    
 -8.5029259E-02 -0.1316887     -8.2592212E-02 -5.8691293E-02 -7.3319972E-02
  0.1169519      0.1169572      0.1169572      7.1448974E-02 -1.0062885E-02
 -9.0526946E-02 -0.1733264     -0.2585688     -0.3334914     -0.4048592    
 -0.4505969     -0.4630501     -0.3225141     -0.4250303     -0.4010417    
 -0.2893722     -0.3754867     -0.3617422     -0.2602897     -0.3360410    
 -0.3228615     -0.2342338     -0.2957683     -0.2812852     -0.2057154    
 -0.2540918     -0.2394703     -0.1780056     -0.2128703     -0.1993059    
 -0.1623068     -0.1631503     -0.1288734     -0.1242310     -9.5880531E-02
 -8.6482145E-02 -6.3545763E-02 -5.0626475E-02 -3.1506643E-02 -1.6520061E-02
 -1.0488555E-05  1.6153267E-02  3.1221686E-02  4.7600228E-02  6.2058225E-02
  7.8041241E-02  9.2304647E-02  0.1072337      0.1215293      0.1351953    
 -0.9913459     -0.9913908     -0.9913908     -0.9778899     -0.9730802    
 -0.9635119     -0.9078984     -0.8583245     -0.7962514     -0.8305902    
 -0.8915923     -0.8843642     -0.6247267     -0.8780250     -0.8858996    
 -0.6755455     -0.9143218     -0.9199756     -0.6909961     -0.9307582    
 -0.9343479     -0.7105308     -0.9438847     -0.9464682     -0.7314828    
 -0.9572949     -0.9588553     -0.7585609     -0.9669508     -0.9688327    
 -0.8631257     -0.9766756     -0.8799227     -0.9841534     -0.8996356    
 -0.9885414     -0.9213066     -0.9916215     -0.9375579     -0.9944778    
 -0.9544294     -0.9944791     -0.9699625     -0.9941620     -0.9799992    
 -0.9933174     -0.9869844     -0.9907974     -0.9908511     -0.9881025    
    2.53125E+01   ! Azimuth index:  10 in degrees
  2.7144760E-02  3.0638095E-02  3.4131426E-02  3.7624758E-02  4.1118093E-02
  4.4611424E-02  4.8104759E-02  5.1598094E-02  5.5091426E-02  5.8584761E-02
  6.2078092E-02  6.5571427E-02  6.9064766E-02  7.2558090E-02  7.6051429E-02
  7.9544768E-02  8.3038092E-02  8.6531430E-02  9.0024769E-02  9.3518093E-02
  9.7011432E-02  0.1005048      0.1039981      0.1074914      0.1109848    
  0.1144781      0.1179714      0.1214648      0.1249581      0.1284514    
  0.1328181      0.1380581      0.1432981      0.1485381      0.1537781    
  0.1590181      0.1642581      0.1694981      0.1747381      0.1799781    
  0.1852181      0.1904581      0.1956981      0.2009381      0.2061781    
  0.2114181      0.2166581      0.2218981      0.2271381      0.2323781    
  0.0000000E+00  0.0000000E+00  0.0000000E+00  2.1729549E-05  6.5223212E-05
  1.0833047E-04 -3.4858345E-04 -1.2774649E-03 -2.1360943E-03 -3.4056823E-03
 -4.9988450E-03 -6.4512468E-03 -8.2253711E-03 -1.0104306E-02 -1.1773271E-02
 -1.3700267E-02 -1.5696298E-02 -1.7531034E-02 -1.9566886E-02 -2.1653112E-02
 -2.3607137E-02 -2.5727717E-02 -2.7898613E-02 -2.9970046E-02 -3.2181185E-02
 -3.4449756E-02 -3.6651503E-02 -3.8974240E-02 -4.1366681E-02 -4.3720901E-02
 -4.6801344E-02 -5.0589204E-02 -5.4477774E-02 -5.8487117E-02 -6.2593900E-02
 -6.6813804E-02 -7.1127415E-02 -7.5545445E-02 -8.0056950E-02 -8.4667452E-02
 -8.9371786E-02 -9.4170310E-02 -9.9063419E-02 -0.1040463     -0.1091250    
 -0.1142894     -0.1195511     -0.1248949     -0.1303371     -0.1358577    
 -1.5973290E-03 -1.8068387E-03 -2.0150000E-03 -2.2113174E-03 -2.3918808E-03
 -2.5870674E-03 -2.6713200E-03 -2.5340759E-03 -2.2025472E-03 -2.5395912E-03
 -2.8161206E-03 -2.2314009E-03 -3.0673752E-03 -3.9589447E-03 -3.4979880E-03
 -4.4124373E-03 -5.2930061E-03 -4.8157582E-03 -5.7185343E-03 -6.6333213E-03
 -6.2134392E-03 -7.1154255E-03 -8.0149109E-03 -7.6501593E-03 -8.5596750E-03
 -9.4515700E-03 -9.1305133E-03 -1.0017104E-02 -1.0911336E-02 -1.0677954E-02
 -1.1489591E-02 -1.2289906E-02 -1.3082066E-02 -1.3915630E-02 -1.4719250E-02
 -1.5602593E-02 -1.6429845E-02 -1.7335184E-02 -1.8209986E-02 -1.9136280E-02
 -2.0007014E-02 -2.0972416E-02 -2.1865781E-02 -2.2838362E-02 -2.3764063E-02
 -2.4758952E-02 -2.5701886E-02 -2.6742395E-02 -2.7695738E-02 -2.8730240E-02
 -5.9705265E-02 -5.8944158E-02 -5.8944289E-02  0.1964688      0.2301856    
  0.2518164      0.3816133      0.4431411      0.5047021     -0.3824362    
  4.4924367E-02  5.8956657E-02 -0.7111502     -0.2201300     -0.2332071    
 -0.6781967     -0.1518294     -0.1510284     -0.6744053     -0.1441970    
 -0.1509432     -0.6635706     -0.1470733     -0.1584572     -0.6501337    
 -0.1380148     -0.1525808     -0.6268694     -0.1404379     -0.1472190    
 -0.4782642     -0.1397074     -0.4573902     -0.1266305     -0.4260779    
 -0.1238398     -0.3837044     -0.1189746     -0.3465105     -0.1037596    
 -0.2985561     -0.1038209     -0.2413585     -9.6974716E-02 -0.1892100    
 -8.5166104E-02 -0.1318356     -8.2742505E-02 -5.8829952E-02 -7.3472500E-02
  0.1169514      0.1169567      0.1169567      7.1449950E-02 -1.0063037E-02
 -9.0528794E-02 -0.1733315     -0.2585764     -0.3335010     -0.4048477    
 -0.4505986     -0.4630522     -0.3225032     -0.4250223     -0.4010336    
 -0.2893591     -0.3754816     -0.3617381     -0.2602781     -0.3360364    
 -0.3228566     -0.2342242     -0.2957641     -0.2812805     -0.2057048    
 -0.2540886     -0.2394666     -0.1779959     -0.2128670     -0.1993025    
 -0.1622999     -0.1631477     -0.1288670     -0.1242293     -9.5875889E-02
 -8.6480871E-02 -6.3543022E-02 -5.0625645E-02 -3.1505272E-02 -1.6519852E-02
 -1.0488555E-05  1.6153065E-02  3.1220792E-02  4.7599554E-02  6.2056608E-02
  7.8040332E-02  9.2302829E-02  0.1072323      0.1215283      0.1351939    
 -0.9913414     -0.9913862     -0.9913864     -0.9779033     -0.9730948    
 -0.9635316     -0.9079248     -0.8583497     -0.7962744     -0.8305666    
 -0.8915957     -0.8843681     -0.6247056     -0.8780084     -0.8858817    
 -0.6755151     -0.9143093     -0.9199653     -0.6909651     -0.9307453    
 -0.9343339     -0.7105018     -0.9438713     -0.9464526     -0.7314450    
 -0.9572831     -0.9588404     -0.7585197     -0.9669358     -0.9688163    
 -0.8630887     -0.9766600     -0.8798793     -0.9841402     -0.8995919    
 -0.9885266     -0.9212672     -0.9916058     -0.9375169     -0.9944652    
 -0.9543921     -0.9944648     -0.9699337     -0.9941479     -0.9799737    
 -0.9933059     -0.9869648     -0.9907850     -0.9908431     -0.9880913    
    2.81250E+01   ! Azimuth index:  11 in degrees
  2.7144760E-02  3.0638095E-02  3.4131426E-02  3.7624758E-02  4.1118093E-02
  4.4611424E-02  4.8104759E-02  5.1598094E-02  5.5091426E-02  5.8584761E-02
  6.2078092E-02  6.5571427E-02  6.9064766E-02  7.2558090E-02  7.6051429E-02
  7.9544768E-02  8.3038092E-02  8.6531430E-02  9.0024769E-02  9.3518093E-02
  9.7011432E-02  0.1005048      0.1039981      0.1074914      0.1109848    
  0.1144781      0.1179714      0.1214648      0.1249581      0.1284514    
  0.1328181      0.1380581      0.1432981      0.1485381      0.1537781    
  0.1590181      0.1642581      0.1694981      0.1747381      0.1799781    
  0.1852181      0.1904581      0.1956981      0.2009381      0.2061781    
  0.2114181      0.2166581      0.2218981      0.2271381      0.2323781    
  0.0000000E+00  0.0000000E+00  0.0000000E+00  2.1729549E-05  6.5223212E-05
  1.0833047E-04 -3.4858345E-04 -1.2774649E-03 -2.1360943E-03 -3.4056823E-03
 -4.9988450E-03 -6.4512468E-03 -8.2253711E-03 -1.0104306E-02 -1.1773271E-02
 -1.3700267E-02 -1.5696298E-02 -1.7531034E-02 -1.9566886E-02 -2.1653112E-02
 -2.3607137E-02 -2.5727717E-02 -2.7898613E-02 -2.9970046E-02 -3.2181185E-02
 -3.4449756E-02 -3.6651503E-02 -3.8974240E-02 -4.1366681E-02 -4.3720901E-02
 -4.6801344E-02 -5.0589204E-02 -5.4477774E-02 -5.8487117E-02 -6.2593900E-02
 -6.6813804E-02 -7.1127415E-02 -7.5545445E-02 -8.0056950E-02 -8.4667452E-02
 -8.9371786E-02 -9.4170310E-02 -9.9063419E-02 -0.1040463     -0.1091250    
 -0.1142894     -0.1195511     -0.1248949     -0.1303371     -0.1358577    
 -1.6007735E-03 -1.8107600E-03 -2.0193984E-03 -2.2161687E-03 -2.3971451E-03
 -2.5927690E-03 -2.6774989E-03 -2.5407099E-03 -2.2095942E-03 -2.5470743E-03
 -2.8240816E-03 -2.2398192E-03 -3.0762074E-03 -3.9682118E-03 -3.5077333E-03
 -4.4226609E-03 -5.3037060E-03 -4.8268866E-03 -5.7300795E-03 -6.6453316E-03
 -6.2259277E-03 -7.1283448E-03 -8.0282455E-03 -7.6639578E-03 -8.5739531E-03
 -9.4662812E-03 -9.1456408E-03 -1.0032693E-02 -1.0927404E-02 -1.0694503E-02
 -1.1506688E-02 -1.2307659E-02 -1.3100524E-02 -1.3934746E-02 -1.4739025E-02
 -1.5623066E-02 -1.6450975E-02 -1.7356995E-02 -1.8232521E-02 -1.9159481E-02
 -2.0030875E-02 -2.0996984E-02 -2.1891009E-02 -2.2864254E-02 -2.3790652E-02
 -2.4786202E-02 -2.5729824E-02 -2.6771056E-02 -2.7725067E-02 -2.8760232E-02
 -5.9839785E-02 -5.9078764E-02 -5.9078977E-02  0.1963537      0.2300808    
  0.2516929      0.3815070      0.4430552      0.5046347     -0.3825339    
  4.4801790E-02  5.8845472E-02 -0.7111851     -0.2202453     -0.2333224    
 -0.6782470     -0.1519515     -0.1511275     -0.6744542     -0.1443229    
 -0.1510688     -0.6636145     -0.1471922     -0.1585844     -0.6501921    
 -0.1381191     -0.1527007     -0.6269328     -0.1405687     -0.1473496    
 -0.4783426     -0.1398350     -0.4574853     -0.1267415     -0.4261794    
 -0.1239646     -0.3838010     -0.1191097     -0.3466240     -0.1038746    
 -0.2986730     -0.1039545     -0.2414638     -9.7110748E-02 -0.1893306    
 -8.5288443E-02 -0.1319693     -8.2878299E-02 -5.8944818E-02 -7.3605612E-02
  0.1169504      0.1169557      0.1169557      7.1451634E-02 -1.0063298E-02
 -9.0531804E-02 -0.1733398     -0.2585887     -0.3335162     -0.4048300    
 -0.4506010     -0.4630552     -0.3224871     -0.4250110     -0.4010222    
 -0.2893409     -0.3754745     -0.3617326     -0.2602623     -0.3360302    
 -0.3228503     -0.2342121     -0.2957588     -0.2812747     -0.2056913    
 -0.2540849     -0.2394621     -0.1779843     -0.2128630     -0.1992986    
 -0.1622920     -0.1631448     -0.1288600     -0.1242275     -9.5870838E-02
 -8.6479515E-02 -6.3540287E-02 -5.0624851E-02 -3.1503860E-02 -1.6519651E-02
 -1.0460615E-05  1.6152868E-02  3.1219982E-02  4.7598921E-02  6.2055100E-02
  7.8039467E-02  9.2301145E-02  0.1072311      0.1215275      0.1351925    
 -0.9913334     -0.9913785     -0.9913784     -0.9779263     -0.9731196    
 -0.9635635     -0.9079679     -0.8583905     -0.7963107     -0.8305303    
 -0.8916005     -0.8843739     -0.6246743     -0.8779850     -0.8858565    
 -0.6754724     -0.9142920     -0.9199512     -0.6909233     -0.9307281    
 -0.9343157     -0.7104650     -0.9438545     -0.9464330     -0.7313969    
 -0.9572690     -0.9588224     -0.7584701     -0.9669177     -0.9687972    
 -0.8630468     -0.9766423     -0.8798309     -0.9841260     -0.8995444    
 -0.9885110     -0.9212272     -0.9915897     -0.9374750     -0.9944533    
 -0.9543555     -0.9944509     -0.9699075     -0.9941347     -0.9799505    
 -0.9932954     -0.9869471     -0.9907738     -0.9908363     -0.9880816    
    3.09375E+01   ! Azimuth index:  12 in degrees
  2.7144760E-02  3.0638095E-02  3.4131426E-02  3.7624758E-02  4.1118093E-02
  4.4611424E-02  4.8104759E-02  5.1598094E-02  5.5091426E-02  5.8584761E-02
  6.2078092E-02  6.5571427E-02  6.9064766E-02  7.2558090E-02  7.6051429E-02
  7.9544768E-02  8.3038092E-02  8.6531430E-02  9.0024769E-02  9.3518093E-02
  9.7011432E-02  0.1005048      0.1039981      0.1074914      0.1109848    
  0.1144781      0.1179714      0.1214648      0.1249581      0.1284514    
  0.1328181      0.1380581      0.1432981      0.1485381      0.1537781    
  0.1590181      0.1642581      0.1694981      0.1747381      0.1799781    
  0.1852181      0.1904581      0.1956981      0.2009381      0.2061781    
  0.2114181      0.2166581      0.2218981      0.2271381      0.2323781    
  0.0000000E+00  0.0000000E+00  0.0000000E+00  2.1729549E-05  6.5223212E-05
  1.0833047E-04 -3.4858345E-04 -1.2774649E-03 -2.1360943E-03 -3.4056823E-03
 -4.9988450E-03 -6.4512468E-03 -8.2253711E-03 -1.0104306E-02 -1.1773271E-02
 -1.3700267E-02 -1.5696298E-02 -1.7531034E-02 -1.9566886E-02 -2.1653112E-02
 -2.3607137E-02 -2.5727717E-02 -2.7898613E-02 -2.9970046E-02 -3.2181185E-02
 -3.4449756E-02 -3.6651503E-02 -3.8974240E-02 -4.1366681E-02 -4.3720901E-02
 -4.6801344E-02 -5.0589204E-02 -5.4477774E-02 -5.8487117E-02 -6.2593900E-02
 -6.6813804E-02 -7.1127415E-02 -7.5545445E-02 -8.0056950E-02 -8.4667452E-02
 -8.9371786E-02 -9.4170310E-02 -9.9063419E-02 -0.1040463     -0.1091250    
 -0.1142894     -0.1195511     -0.1248949     -0.1303371     -0.1358577    
 -1.6062607E-03 -1.8169661E-03 -2.0263186E-03 -2.2237662E-03 -2.4053571E-03
 -2.6016203E-03 -2.6870405E-03 -2.5509079E-03 -2.2203838E-03 -2.5584775E-03
 -2.8361471E-03 -2.2525121E-03 -3.0894638E-03 -3.9820499E-03 -3.5222033E-03
 -4.4377595E-03 -5.3194240E-03 -4.8431545E-03 -5.7468768E-03 -6.6627143E-03
 -6.2439013E-03 -7.1468404E-03 -8.0472408E-03 -7.6835072E-03 -8.5940743E-03
 -9.4869025E-03 -9.1667306E-03 -1.0054310E-02 -1.0949570E-02 -1.0717206E-02
 -1.1529980E-02 -1.2331651E-02 -1.3125259E-02 -1.3960143E-02 -1.4765076E-02
 -1.5649805E-02 -1.6478334E-02 -1.7384991E-02 -1.8261191E-02 -1.9188743E-02
 -2.0060694E-02 -2.1027412E-02 -2.1921972E-02 -2.2895740E-02 -2.3822684E-02
 -2.4818722E-02 -2.5762854E-02 -2.6804630E-02 -2.7759096E-02 -2.8794684E-02
 -6.0043953E-02 -5.9280258E-02 -5.9280511E-02  0.1961816      0.2299255    
  0.2515143      0.3813531      0.4429317      0.5045388     -0.3826703    
  4.4632744E-02  5.8693543E-02 -0.7112324     -0.2203976     -0.2334753    
 -0.6783128     -0.1521090     -0.1512537     -0.6745163     -0.1444801    
 -0.1512216     -0.6636675     -0.1473346     -0.1587364     -0.6502615    
 -0.1382351     -0.1528366     -0.6270054     -0.1407177     -0.1474930    
 -0.4784261     -0.1399711     -0.4575845     -0.1268483     -0.4262822    
 -0.1240849     -0.3838896     -0.1192370     -0.3467296     -0.1039705    
 -0.2987734     -0.1040697     -0.2415435     -9.7221263E-02 -0.1894215    
 -8.5377157E-02 -0.1320703     -8.2979508E-02 -5.9013814E-02 -7.3696062E-02
  0.1169490      0.1169543      0.1169543      7.1454138E-02 -1.0063678E-02
 -9.0536132E-02 -0.1733516     -0.2586063     -0.3335379     -0.4048052    
 -0.4506045     -0.4630593     -0.3224651     -0.4249960     -0.4010071    
 -0.2893169     -0.3754652     -0.3617255     -0.2602424     -0.3360223    
 -0.3228427     -0.2341974     -0.2957525     -0.2812678     -0.2056752    
 -0.2540808     -0.2394570     -0.1779710     -0.2128584     -0.1992943    
 -0.1622836     -0.1631416     -0.1288526     -0.1242258     -9.5865682E-02
 -8.6478211E-02 -6.3537747E-02 -5.0624073E-02 -3.1502549E-02 -1.6519487E-02
 -1.0460615E-05  1.6152643E-02  3.1219311E-02  4.7598403E-02  6.2053993E-02
  7.8038916E-02  9.2299916E-02  0.1072302      0.1215270      0.1351916    
 -0.9913212     -0.9913665     -0.9913665     -0.9779607     -0.9731563    
 -0.9636098     -0.9080303     -0.8584488     -0.7963625     -0.8304794    
 -0.8916073     -0.8843818     -0.6246317     -0.8779539     -0.8858231    
 -0.6754165     -0.9142696     -0.9199332     -0.6908703     -0.9307064    
 -0.9342936     -0.7104203     -0.9438342     -0.9464096     -0.7313398    
 -0.9572533     -0.9588020     -0.7584133     -0.9668970     -0.9687763    
 -0.8630021     -0.9766233     -0.8797804     -0.9841125     -0.8994961    
 -0.9884961     -0.9211904     -0.9915744     -0.9374360     -0.9944432    
 -0.9543241     -0.9944388     -0.9698877     -0.9941240     -0.9799331    
 -0.9932878     -0.9869338     -0.9907654     -0.9908323     -0.9880750    
    3.37500E+01   ! Azimuth index:  13 in degrees
  2.7144760E-02  3.0638095E-02  3.4131426E-02  3.7624758E-02  4.1118093E-02
  4.4611424E-02  4.8104759E-02  5.1598094E-02  5.5091426E-02  5.8584761E-02
  6.2078092E-02  6.5571427E-02  6.9064766E-02  7.2558090E-02  7.6051429E-02
  7.9544768E-02  8.3038092E-02  8.6531430E-02  9.0024769E-02  9.3518093E-02
  9.7011432E-02  0.1005048      0.1039981      0.1074914      0.1109848    
  0.1144781      0.1179714      0.1214648      0.1249581      0.1284514    
  0.1328181      0.1380581      0.1432981      0.1485381      0.1537781    
  0.1590181      0.1642581      0.1694981      0.1747381      0.1799781    
  0.1852181      0.1904581      0.1956981      0.2009381      0.2061781    
  0.2114181      0.2166581      0.2218981      0.2271381      0.2323781    
  0.0000000E+00  0.0000000E+00  0.0000000E+00  2.1729549E-05  6.5223212E-05
  1.0833047E-04 -3.4858345E-04 -1.2774649E-03 -2.1360943E-03 -3.4056823E-03
 -4.9988450E-03 -6.4512468E-03 -8.2253711E-03 -1.0104306E-02 -1.1773271E-02
 -1.3700267E-02 -1.5696298E-02 -1.7531034E-02 -1.9566886E-02 -2.1653112E-02
 -2.3607137E-02 -2.5727717E-02 -2.7898613E-02 -2.9970046E-02 -3.2181185E-02
 -3.4449756E-02 -3.6651503E-02 -3.8974240E-02 -4.1366681E-02 -4.3720901E-02
 -4.6801344E-02 -5.0589204E-02 -5.4477774E-02 -5.8487117E-02 -6.2593900E-02
 -6.6813804E-02 -7.1127415E-02 -7.5545445E-02 -8.0056950E-02 -8.4667452E-02
 -8.9371786E-02 -9.4170310E-02 -9.9063419E-02 -0.1040463     -0.1091250    
 -0.1142894     -0.1195511     -0.1248949     -0.1303371     -0.1358577    
 -1.6137523E-03 -1.8254049E-03 -2.0356940E-03 -2.2340296E-03 -2.4164231E-03
 -2.6135119E-03 -2.6998161E-03 -2.5645224E-03 -2.2347497E-03 -2.5736138E-03
 -2.8521046E-03 -2.2692417E-03 -3.1068851E-03 -4.0001720E-03 -3.5410780E-03
 -4.4573820E-03 -5.3397766E-03 -4.8641460E-03 -5.7684779E-03 -6.6849859E-03
 -6.2668361E-03 -7.1703512E-03 -8.0712978E-03 -7.7081672E-03 -8.6193569E-03
 -9.5127113E-03 -9.1930144E-03 -1.0081137E-02 -1.0976966E-02 -1.0745145E-02
 -1.1558492E-02 -1.2360825E-02 -1.3155132E-02 -1.3990598E-02 -1.4796093E-02
 -1.5681408E-02 -1.6510427E-02 -1.7417574E-02 -1.8294301E-02 -1.9222261E-02
 -2.0094566E-02 -2.1061685E-02 -2.1956544E-02 -2.2930577E-02 -2.3857798E-02
 -2.4854034E-02 -2.5798373E-02 -2.6840381E-02 -2.7794953E-02 -2.8830603E-02
 -6.0314149E-02 -5.9544537E-02 -5.9544764E-02  0.1959559      0.2297233    
  0.2512855      0.3811561      0.4427741      0.5044174     -0.3828405    
  4.4424113E-02  5.8507174E-02 -0.7112905     -0.2205790     -0.2336569    
 -0.6783910     -0.1522940     -0.1513987     -0.6745878     -0.1446590    
 -0.1513912     -0.6637256     -0.1474900     -0.1589014     -0.6503369    
 -0.1383517     -0.1529761     -0.6270806     -0.1408729     -0.1476345    
 -0.4785050     -0.1401008     -0.4576760     -0.1269367     -0.4263732    
 -0.1241835     -0.3839565     -0.1193373     -0.3468103     -0.1040282    
 -0.2988394     -0.1041454     -0.2415780     -9.7283363E-02 -0.1894614    
 -8.5410036E-02 -0.1321147     -8.3021209E-02 -5.9012417E-02 -7.3719501E-02
  0.1169471      0.1169525      0.1169525      7.1457431E-02 -1.0064168E-02
 -9.0541698E-02 -0.1733669     -0.2586287     -0.3335653     -0.4047743    
 -0.4506087     -0.4630644     -0.3224381     -0.4249781     -0.4009891    
 -0.2892885     -0.3754544     -0.3617174     -0.2602193     -0.3360135    
 -0.3228343     -0.2341812     -0.2957455     -0.2812602     -0.2056577    
 -0.2540766     -0.2394518     -0.1779571     -0.2128537     -0.1992900    
 -0.1622756     -0.1631386     -0.1288458     -0.1242244     -9.5861144E-02
 -8.6477123E-02 -6.3535810E-02 -5.0623428E-02 -3.1501547E-02 -1.6519386E-02
 -1.0490417E-05  1.6152482E-02  3.1219002E-02  4.7598079E-02  6.2053513E-02
  7.8038700E-02  9.2299372E-02  0.1072299      0.1215270      0.1351912    
 -0.9913049     -0.9913509     -0.9913509     -0.9780057     -0.9732040    
 -0.9636689     -0.9081101     -0.8585233     -0.7964279     -0.8304161    
 -0.8916156     -0.8843914     -0.6245795     -0.8779171     -0.8857834    
 -0.6753502     -0.9142432     -0.9199126     -0.6908092     -0.9306818    
 -0.9342691     -0.7103714     -0.9438121     -0.9463842     -0.7312776    
 -0.9572377     -0.9587811     -0.7583543     -0.9668755     -0.9687557    
 -0.8629597     -0.9766051     -0.8797338     -0.9841012     -0.8994535    
 -0.9884838     -0.9211627     -0.9915624     -0.9374062     -0.9944372    
 -0.9543034     -0.9944308     -0.9698792     -0.9941179     -0.9799253    
 -0.9932850     -0.9869279     -0.9907619     -0.9908323     -0.9880733    
    3.65625E+01   ! Azimuth index:  14 in degrees
  2.7144760E-02  3.0638095E-02  3.4131426E-02  3.7624758E-02  4.1118093E-02
  4.4611424E-02  4.8104759E-02  5.1598094E-02  5.5091426E-02  5.8584761E-02
  6.2078092E-02  6.5571427E-02  6.9064766E-02  7.2558090E-02  7.6051429E-02
  7.9544768E-02  8.3038092E-02  8.6531430E-02  9.0024769E-02  9.3518093E-02
  9.7011432E-02  0.1005048      0.1039981      0.1074914      0.1109848    
  0.1144781      0.1179714      0.1214648      0.1249581      0.1284514    
  0.1328181      0.1380581      0.1432981      0.1485381      0.1537781    
  0.1590181      0.1642581      0.1694981      0.1747381      0.1799781    
  0.1852181      0.1904581      0.1956981      0.2009381      0.2061781    
  0.2114181      0.2166581      0.2218981      0.2271381      0.2323781    
  0.0000000E+00  0.0000000E+00  0.0000000E+00  2.1729549E-05  6.5223212E-05
  1.0833047E-04 -3.4858345E-04 -1.2774649E-03 -2.1360943E-03 -3.4056823E-03
 -4.9988450E-03 -6.4512468E-03 -8.2253711E-03 -1.0104306E-02 -1.1773271E-02
 -1.3700267E-02 -1.5696298E-02 -1.7531034E-02 -1.9566886E-02 -2.1653112E-02
 -2.3607137E-02 -2.5727717E-02 -2.7898613E-02 -2.9970046E-02 -3.2181185E-02
 -3.4449756E-02 -3.6651503E-02 -3.8974240E-02 -4.1366681E-02 -4.3720901E-02
 -4.6801344E-02 -5.0589204E-02 -5.4477774E-02 -5.8487117E-02 -6.2593900E-02
 -6.6813804E-02 -7.1127415E-02 -7.5545445E-02 -8.0056950E-02 -8.4667452E-02
 -8.9371786E-02 -9.4170310E-02 -9.9063419E-02 -0.1040463     -0.1091250    
 -0.1142894     -0.1195511     -0.1248949     -0.1303371     -0.1358577    
 -1.6227725E-03 -1.8355418E-03 -2.0469320E-03 -2.2463109E-03 -2.4296460E-03
 -2.6276954E-03 -2.7150237E-03 -2.5807002E-03 -2.2517929E-03 -2.5915375E-03
 -2.8709597E-03 -2.2889678E-03 -3.1273882E-03 -4.0214546E-03 -3.5631908E-03
 -4.4803177E-03 -5.3635109E-03 -4.8885723E-03 -5.7935598E-03 -6.7107850E-03
 -6.2933345E-03 -7.1974490E-03 -8.0989581E-03 -7.7364459E-03 -8.6482726E-03
 -9.5421532E-03 -9.2229145E-03 -1.0111569E-02 -1.1007959E-02 -1.0776661E-02
 -1.1590529E-02 -1.2393462E-02 -1.3188386E-02 -1.4024330E-02 -1.4830271E-02
 -1.5716052E-02 -1.6545407E-02 -1.7452884E-02 -1.8329967E-02 -1.9258147E-02
 -2.0130591E-02 -2.1097889E-02 -2.1992814E-02 -2.2966856E-02 -2.3894083E-02
 -2.4890231E-02 -2.5834478E-02 -2.6876409E-02 -2.7830759E-02 -2.8866112E-02
 -6.0633536E-02 -5.9855226E-02 -5.9855506E-02  0.1956910      0.2294863    
  0.2510205      0.3809279      0.4425921      0.5042778     -0.3830342    
  4.4188894E-02  5.8296986E-02 -0.7113553     -0.2207793     -0.2338575    
 -0.6784766     -0.1524952     -0.1515546     -0.6746647     -0.1448493    
 -0.1515684     -0.6637857     -0.1476495     -0.1590703     -0.6504143    
 -0.1384633     -0.1531118     -0.6271547     -0.1410254     -0.1477669    
 -0.4785761     -0.1402177     -0.4577557     -0.1270027     -0.4264484    
 -0.1242566     -0.3839990     -0.1194072     -0.3468634     -0.1040478    
 -0.2988686     -0.1041795     -0.2415690     -9.7296439E-02 -0.1894508    
 -8.5387863E-02 -0.1321028     -8.3004646E-02 -5.8945030E-02 -7.3676556E-02
  0.1169448      0.1169503      0.1169503      7.1461290E-02 -1.0064745E-02
 -9.0548135E-02 -0.1733845     -0.2586547     -0.3335968     -0.4047391    
 -0.4506134     -0.4630701     -0.3224081     -0.4249583     -0.4009692    
 -0.2892573     -0.3754426     -0.3617086     -0.2601945     -0.3360040    
 -0.3228254     -0.2341645     -0.2957385     -0.2812525     -0.2056397    
 -0.2540726     -0.2394467     -0.1779435     -0.2128490     -0.1992860    
 -0.1622685     -0.1631358     -0.1288398     -0.1242233     -9.5857382E-02
 -8.6476326E-02 -6.3534595E-02 -5.0623000E-02 -3.1500891E-02 -1.6519353E-02
 -1.0460615E-05  1.6152456E-02  3.1219073E-02  4.7598056E-02  6.2053673E-02
  7.8038797E-02  9.2299476E-02  0.1072300      0.1215274      0.1351918    
 -0.9912857     -0.9913324     -0.9913324     -0.9780585     -0.9732599    
 -0.9637374     -0.9082025     -0.8586094     -0.7965030     -0.8303439    
 -0.8916249     -0.8844024     -0.6245212     -0.8778763     -0.8857393    
 -0.6752775     -0.9142145     -0.9198903     -0.6907434     -0.9306558    
 -0.9342435     -0.7103208     -0.9437894     -0.9463581     -0.7312137    
 -0.9572225     -0.9587607     -0.7582963     -0.9668543     -0.9687362    
 -0.8629217     -0.9765888     -0.8796932     -0.9840928     -0.8994182    
 -0.9884747     -0.9211450     -0.9915540     -0.9373866     -0.9944351    
 -0.9542943     -0.9944273     -0.9698814     -0.9941167     -0.9799274    
 -0.9932869     -0.9869295     -0.9907633     -0.9908363     -0.9880764    
    3.93750E+01   ! Azimuth index:  15 in degrees
  2.7144760E-02  3.0638095E-02  3.4131426E-02  3.7624758E-02  4.1118093E-02
  4.4611424E-02  4.8104759E-02  5.1598094E-02  5.5091426E-02  5.8584761E-02
  6.2078092E-02  6.5571427E-02  6.9064766E-02  7.2558090E-02  7.6051429E-02
  7.9544768E-02  8.3038092E-02  8.6531430E-02  9.0024769E-02  9.3518093E-02
  9.7011432E-02  0.1005048      0.1039981      0.1074914      0.1109848    
  0.1144781      0.1179714      0.1214648      0.1249581      0.1284514    
  0.1328181      0.1380581      0.1432981      0.1485381      0.1537781    
  0.1590181      0.1642581      0.1694981      0.1747381      0.1799781    
  0.1852181      0.1904581      0.1956981      0.2009381      0.2061781    
  0.2114181      0.2166581      0.2218981      0.2271381      0.2323781    
  0.0000000E+00  0.0000000E+00  0.0000000E+00  2.1729549E-05  6.5223212E-05
  1.0833047E-04 -3.4858345E-04 -1.2774649E-03 -2.1360943E-03 -3.4056823E-03
 -4.9988450E-03 -6.4512468E-03 -8.2253711E-03 -1.0104306E-02 -1.1773271E-02
 -1.3700267E-02 -1.5696298E-02 -1.7531034E-02 -1.9566886E-02 -2.1653112E-02
 -2.3607137E-02 -2.5727717E-02 -2.7898613E-02 -2.9970046E-02 -3.2181185E-02
 -3.4449756E-02 -3.6651503E-02 -3.8974240E-02 -4.1366681E-02 -4.3720901E-02
 -4.6801344E-02 -5.0589204E-02 -5.4477774E-02 -5.8487117E-02 -6.2593900E-02
 -6.6813804E-02 -7.1127415E-02 -7.5545445E-02 -8.0056950E-02 -8.4667452E-02
 -8.9371786E-02 -9.4170310E-02 -9.9063419E-02 -0.1040463     -0.1091250    
 -0.1142894     -0.1195511     -0.1248949     -0.1303371     -0.1358577    
 -1.6327291E-03 -1.8467176E-03 -2.0593083E-03 -2.2598244E-03 -2.4441844E-03
 -2.6432755E-03 -2.7317111E-03 -2.5984356E-03 -2.2704615E-03 -2.6111519E-03
 -2.8915699E-03 -2.3105061E-03 -3.1497525E-03 -4.0446431E-03 -3.5872534E-03
 -4.5052441E-03 -5.3892722E-03 -4.9150544E-03 -5.8207219E-03 -6.7386879E-03
 -6.3219527E-03 -7.2266744E-03 -8.1287511E-03 -7.7668619E-03 -8.6793285E-03
 -9.5737278E-03 -9.2549324E-03 -1.0144105E-02 -1.1041041E-02 -1.0810247E-02
 -1.1624598E-02 -1.2428076E-02 -1.3223560E-02 -1.4059905E-02 -1.4866208E-02
 -1.5752360E-02 -1.6581949E-02 -1.7489640E-02 -1.8366959E-02 -1.9295227E-02
 -2.0167666E-02 -2.1134991E-02 -2.2029817E-02 -2.3003694E-02 -2.3930740E-02
 -2.4926607E-02 -2.5870562E-02 -2.6912207E-02 -2.7866108E-02 -2.8900933E-02
 -6.0982700E-02 -6.0193922E-02 -6.0194157E-02  0.1954022      0.2292287    
  0.2507338      0.3806810      0.4423956      0.5041276     -0.3832416    
  4.3937836E-02  5.8073010E-02 -0.7114242     -0.2209898     -0.2340687    
 -0.6785664     -0.1527050     -0.1517164     -0.6747444     -0.1450451    
 -0.1517482     -0.6638464     -0.1478101     -0.1592404     -0.6504918    
 -0.1385704     -0.1532435     -0.6272270     -0.1411742     -0.1478918    
 -0.4786409     -0.1403246     -0.4578266     -0.1270526     -0.4265122    
 -0.1243109     -0.3840247     -0.1194557     -0.3468972     -0.1040397    
 -0.2988735     -0.1041845     -0.2415298     -9.7275823E-02 -0.1894062    
 -8.5328855E-02 -0.1320527     -8.2948379E-02 -5.8832549E-02 -7.3590130E-02
  0.1169423      0.1169479      0.1169479      7.1465492E-02 -1.0065373E-02
 -9.0555079E-02 -0.1734036     -0.2586826     -0.3336307     -0.4047014    
 -0.4506184     -0.4630762     -0.3223761     -0.4249376     -0.4009483    
 -0.2892247     -0.3754303     -0.3616995     -0.2601689     -0.3359943    
 -0.3228163     -0.2341476     -0.2957312     -0.2812446     -0.2056218    
 -0.2540688     -0.2394417     -0.1779302     -0.2128445     -0.1992823    
 -0.1622619     -0.1631333     -0.1288345     -0.1242225     -9.5854208E-02
 -8.6475745E-02 -6.3533872E-02 -5.0622679E-02 -3.1500440E-02 -1.6519364E-02
 -1.0460615E-05  1.6152479E-02  3.1219419E-02  4.7598153E-02  6.2054213E-02
  7.8039244E-02  9.2300132E-02  0.1072306      0.1215283      0.1351926    
 -0.9912646     -0.9913122     -0.9913122     -0.9781159     -0.9733205    
 -0.9638114     -0.9083024     -0.8587023     -0.7965839     -0.8302667    
 -0.8916348     -0.8844139     -0.6244592     -0.8778335     -0.8856932    
 -0.6752012     -0.9141845     -0.9198672     -0.6906753     -0.9306288    
 -0.9342173     -0.7102696     -0.9437665     -0.9463319     -0.7311499    
 -0.9572081     -0.9587409     -0.7582396     -0.9668336     -0.9687180    
 -0.8628870     -0.9765739     -0.8796570     -0.9840866     -0.8993883    
 -0.9884679     -0.9211343     -0.9915482     -0.9373741     -0.9944360    
 -0.9542927     -0.9944268     -0.9698911     -0.9941187     -0.9799359    
 -0.9932919     -0.9869361     -0.9907680     -0.9908429     -0.9880827    
    4.21875E+01   ! Azimuth index:  16 in degrees
  2.7144760E-02  3.0638095E-02  3.4131426E-02  3.7624758E-02  4.1118093E-02
  4.4611424E-02  4.8104759E-02  5.1598094E-02  5.5091426E-02  5.8584761E-02
  6.2078092E-02  6.5571427E-02  6.9064766E-02  7.2558090E-02  7.6051429E-02
  7.9544768E-02  8.3038092E-02  8.6531430E-02  9.0024769E-02  9.3518093E-02
  9.7011432E-02  0.1005048      0.1039981      0.1074914      0.1109848    
  0.1144781      0.1179714      0.1214648      0.1249581      0.1284514    
  0.1328181      0.1380581      0.1432981      0.1485381      0.1537781    
  0.1590181      0.1642581      0.1694981      0.1747381      0.1799781    
  0.1852181      0.1904581      0.1956981      0.2009381      0.2061781    
  0.2114181      0.2166581      0.2218981      0.2271381      0.2323781    
  0.0000000E+00  0.0000000E+00  0.0000000E+00  2.1729549E-05  6.5223212E-05
  1.0833047E-04 -3.4858345E-04 -1.2774649E-03 -2.1360943E-03 -3.4056823E-03
 -4.9988450E-03 -6.4512468E-03 -8.2253711E-03 -1.0104306E-02 -1.1773271E-02
 -1.3700267E-02 -1.5696298E-02 -1.7531034E-02 -1.9566886E-02 -2.1653112E-02
 -2.3607137E-02 -2.5727717E-02 -2.7898613E-02 -2.9970046E-02 -3.2181185E-02
 -3.4449756E-02 -3.6651503E-02 -3.8974240E-02 -4.1366681E-02 -4.3720901E-02
 -4.6801344E-02 -5.0589204E-02 -5.4477774E-02 -5.8487117E-02 -6.2593900E-02
 -6.6813804E-02 -7.1127415E-02 -7.5545445E-02 -8.0056950E-02 -8.4667452E-02
 -8.9371786E-02 -9.4170310E-02 -9.9063419E-02 -0.1040463     -0.1091250    
 -0.1142894     -0.1195511     -0.1248949     -0.1303371     -0.1358577    
 -1.6431361E-03 -1.8583928E-03 -2.0722316E-03 -2.2739298E-03 -2.4593554E-03
 -2.6595271E-03 -2.7491094E-03 -2.6169200E-03 -2.2899122E-03 -2.6315788E-03
 -2.9130229E-03 -2.3329144E-03 -3.1730114E-03 -4.0687467E-03 -3.6122510E-03
 -4.5311265E-03 -5.4160086E-03 -4.9425238E-03 -5.8488818E-03 -6.7675994E-03
 -6.3515874E-03 -7.2569214E-03 -8.1595676E-03 -7.7983020E-03 -8.7114098E-03
 -9.6063232E-03 -9.2879627E-03 -1.0177648E-02 -1.1075124E-02 -1.0844823E-02
 -1.1659639E-02 -1.2463639E-02 -1.3259649E-02 -1.4096357E-02 -1.4902981E-02
 -1.5789464E-02 -1.6619232E-02 -1.7527085E-02 -1.8404584E-02 -1.9332873E-02
 -2.0205233E-02 -2.1172514E-02 -2.2067163E-02 -2.3040786E-02 -2.3967564E-02
 -2.4963055E-02 -2.5906619E-02 -2.6947878E-02 -2.7901221E-02 -2.8935403E-02
 -6.1346214E-02 -6.0545910E-02 -6.0546227E-02  0.1951020      0.2289609    
  0.2504368      0.3804251      0.4421919      0.5039723     -0.3834554    
  4.3679256E-02  5.7842731E-02 -0.7114952     -0.2212054     -0.2342846    
 -0.6786583     -0.1529196     -0.1518806     -0.6748253     -0.1452437    
 -0.1519296     -0.6639074     -0.1479711     -0.1594104     -0.6505698    
 -0.1386750     -0.1533735     -0.6272984     -0.1413214     -0.1480130    
 -0.4787027     -0.1404265     -0.4578928     -0.1270950     -0.4265704    
 -0.1243567     -0.3840421     -0.1194939     -0.3469216     -0.1040184    
 -0.2988666     -0.1041756     -0.2414763     -9.7238950E-02 -0.1893447    
 -8.5251860E-02 -0.1319839     -8.2873203E-02 -5.8698922E-02 -7.3481910E-02
  0.1169397      0.1169454      0.1169454      7.1469828E-02 -1.0066023E-02
 -9.0562269E-02 -0.1734233     -0.2587116     -0.3336657     -0.4046626    
 -0.4506235     -0.4630824     -0.3223431     -0.4249163     -0.4009268    
 -0.2891913     -0.3754177     -0.3616903     -0.2601427     -0.3359843    
 -0.3228073     -0.2341307     -0.2957241     -0.2812368     -0.2056037    
 -0.2540650     -0.2394369     -0.1779171     -0.2128399     -0.1992787    
 -0.1622557     -0.1631310     -0.1288296     -0.1242219     -9.5851302E-02
 -8.6475253E-02 -6.3533366E-02 -5.0622441E-02 -3.1500138E-02 -1.6519403E-02
 -1.0488555E-05  1.6152464E-02  3.1219849E-02  4.7598291E-02  6.2054940E-02
  7.8039750E-02  9.2300989E-02  0.1072312      0.1215293      0.1351938    
 -0.9912425     -0.9912911     -0.9912911     -0.9781755     -0.9733836    
 -0.9638879     -0.9084058     -0.8587984     -0.7966676     -0.8301868    
 -0.8916449     -0.8844258     -0.6243954     -0.8777895     -0.8856458    
 -0.6751232     -0.9141539     -0.9198437     -0.6906059     -0.9306013    
 -0.9341910     -0.7102181     -0.9437435     -0.9463055     -0.7310855    
 -0.9571939     -0.9587213     -0.7581835     -0.9668130     -0.9687002    
 -0.8628539     -0.9765596     -0.8796232     -0.9840812     -0.8993611    
 -0.9884622     -0.9211271     -0.9915436     -0.9373650     -0.9944383    
 -0.9542949     -0.9944277     -0.9699044     -0.9941223     -0.9799479    
 -0.9932985     -0.9869452     -0.9907742     -0.9908507     -0.9880906    
    4.50000E+01   ! Azimuth index:  17 in degrees
  2.7144760E-02  3.0638095E-02  3.4131426E-02  3.7624758E-02  4.1118093E-02
  4.4611424E-02  4.8104759E-02  5.1598094E-02  5.5091426E-02  5.8584761E-02
  6.2078092E-02  6.5571427E-02  6.9064766E-02  7.2558090E-02  7.6051429E-02
  7.9544768E-02  8.3038092E-02  8.6531430E-02  9.0024769E-02  9.3518093E-02
  9.7011432E-02  0.1005048      0.1039981      0.1074914      0.1109848    
  0.1144781      0.1179714      0.1214648      0.1249581      0.1284514    
  0.1328181      0.1380581      0.1432981      0.1485381      0.1537781    
  0.1590181      0.1642581      0.1694981      0.1747381      0.1799781    
  0.1852181      0.1904581      0.1956981      0.2009381      0.2061781    
  0.2114181      0.2166581      0.2218981      0.2271381      0.2323781    
  0.0000000E+00  0.0000000E+00  0.0000000E+00  2.1729549E-05  6.5223212E-05
  1.0833047E-04 -3.4858345E-04 -1.2774649E-03 -2.1360943E-03 -3.4056823E-03
 -4.9988450E-03 -6.4512468E-03 -8.2253711E-03 -1.0104306E-02 -1.1773271E-02
 -1.3700267E-02 -1.5696298E-02 -1.7531034E-02 -1.9566886E-02 -2.1653112E-02
 -2.3607137E-02 -2.5727717E-02 -2.7898613E-02 -2.9970046E-02 -3.2181185E-02
 -3.4449756E-02 -3.6651503E-02 -3.8974240E-02 -4.1366681E-02 -4.3720901E-02
 -4.6801344E-02 -5.0589204E-02 -5.4477774E-02 -5.8487117E-02 -6.2593900E-02
 -6.6813804E-02 -7.1127415E-02 -7.5545445E-02 -8.0056950E-02 -8.4667452E-02
 -8.9371786E-02 -9.4170310E-02 -9.9063419E-02 -0.1040463     -0.1091250    
 -0.1142894     -0.1195511     -0.1248949     -0.1303371     -0.1358577    
 -1.6536596E-03 -1.8701976E-03 -2.0852969E-03 -2.2881890E-03 -2.4746901E-03
 -2.6759524E-03 -2.7666923E-03 -2.6355986E-03 -2.3095650E-03 -2.6522167E-03
 -2.9346950E-03 -2.3555495E-03 -3.1965026E-03 -4.0930891E-03 -3.6374936E-03
 -4.5572584E-03 -5.4429988E-03 -4.9702516E-03 -5.8773034E-03 -6.7967759E-03
 -6.3814889E-03 -7.2874357E-03 -8.1906524E-03 -7.8300117E-03 -8.7437630E-03
 -9.6391886E-03 -9.3212612E-03 -1.0211457E-02 -1.1109472E-02 -1.0879662E-02
 -1.1694939E-02 -1.2499453E-02 -1.3295984E-02 -1.4133047E-02 -1.4939982E-02
 -1.5826784E-02 -1.6656721E-02 -1.7564720E-02 -1.8442385E-02 -1.9370679E-02
 -2.0242944E-02 -2.1210160E-02 -2.2104613E-02 -2.3077965E-02 -2.4004452E-02
 -2.4999544E-02 -2.5942694E-02 -2.6983541E-02 -2.7936302E-02 -2.8969809E-02
 -6.1713394E-02 -6.0901552E-02 -6.0901813E-02  0.1947987      0.2286906    
  0.2501369      0.3801667      0.4419864      0.5038152     -0.3836707    
  4.3418437E-02  5.7610668E-02 -0.7115664     -0.2214221     -0.2345020    
 -0.6787506     -0.1531353     -0.1520457     -0.6749066     -0.1454426    
 -0.1521111     -0.6639684     -0.1481322     -0.1595810     -0.6506476    
 -0.1387786     -0.1535030     -0.6273696     -0.1414684     -0.1481332    
 -0.4787637     -0.1405274     -0.4579582     -0.1271354     -0.4266269    
 -0.1244005     -0.3840574     -0.1195294     -0.3469436     -0.1039950    
 -0.2988555     -0.1041641     -0.2414190     -9.7198188E-02 -0.1892789    
 -8.5170440E-02 -0.1319111     -8.2792901E-02 -5.8559749E-02 -7.3368408E-02
  0.1169370      0.1169429      0.1169429      7.1474232E-02 -1.0066682E-02
 -9.0569519E-02 -0.1734432     -0.2587408     -0.3337010     -0.4046234    
 -0.4506286     -0.4630886     -0.3223100     -0.4248949     -0.4009052    
 -0.2891577     -0.3754050     -0.3616810     -0.2601165     -0.3359744    
 -0.3227981     -0.2341137     -0.2957168     -0.2812290     -0.2055857    
 -0.2540613     -0.2394320     -0.1779040     -0.2128355     -0.1992750    
 -0.1622496     -0.1631286     -0.1288247     -0.1242212     -9.5848441E-02
 -8.6474746E-02 -6.3532926E-02 -5.0622225E-02 -3.1499863E-02 -1.6519442E-02
 -1.0488555E-05  1.6152484E-02  3.1220332E-02  4.7598511E-02  6.2055729E-02
  7.8040339E-02  9.2301935E-02  0.1072319      0.1215303      0.1351948    
 -0.9912201     -0.9912696     -0.9912696     -0.9782357     -0.9734471    
 -0.9639651     -0.9085101     -0.8588954     -0.7967520     -0.8301064    
 -0.8916550     -0.8844377     -0.6243312     -0.8777452     -0.8855980    
 -0.6750448     -0.9141229     -0.9198201     -0.6905363     -0.9305738    
 -0.9341646     -0.7101666     -0.9437206     -0.9462791     -0.7310214    
 -0.9571798     -0.9587018     -0.7581276     -0.9667926     -0.9686826    
 -0.8628212     -0.9765455     -0.8795900     -0.9840761     -0.8993345    
 -0.9884567     -0.9211207     -0.9915394     -0.9373569     -0.9944406    
 -0.9542985     -0.9944289     -0.9699186     -0.9941263     -0.9799605    
 -0.9933054     -0.9869549     -0.9907808     -0.9908587     -0.9880989    
    4.78125E+01   ! Azimuth index:  18 in degrees
  2.7144760E-02  3.0638095E-02  3.4131426E-02  3.7624758E-02  4.1118093E-02
  4.4611424E-02  4.8104759E-02  5.1598094E-02  5.5091426E-02  5.8584761E-02
  6.2078092E-02  6.5571427E-02  6.9064766E-02  7.2558090E-02  7.6051429E-02
  7.9544768E-02  8.3038092E-02  8.6531430E-02  9.0024769E-02  9.3518093E-02
  9.7011432E-02  0.1005048      0.1039981      0.1074914      0.1109848    
  0.1144781      0.1179714      0.1214648      0.1249581      0.1284514    
  0.1328181      0.1380581      0.1432981      0.1485381      0.1537781    
  0.1590181      0.1642581      0.1694981      0.1747381      0.1799781    
  0.1852181      0.1904581      0.1956981      0.2009381      0.2061781    
  0.2114181      0.2166581      0.2218981      0.2271381      0.2323781    
  0.0000000E+00  0.0000000E+00  0.0000000E+00  2.1729549E-05  6.5223212E-05
  1.0833047E-04 -3.4858345E-04 -1.2774649E-03 -2.1360943E-03 -3.4056823E-03
 -4.9988450E-03 -6.4512468E-03 -8.2253711E-03 -1.0104306E-02 -1.1773271E-02
 -1.3700267E-02 -1.5696298E-02 -1.7531034E-02 -1.9566886E-02 -2.1653112E-02
 -2.3607137E-02 -2.5727717E-02 -2.7898613E-02 -2.9970046E-02 -3.2181185E-02
 -3.4449756E-02 -3.6651503E-02 -3.8974240E-02 -4.1366681E-02 -4.3720901E-02
 -4.6801344E-02 -5.0589204E-02 -5.4477774E-02 -5.8487117E-02 -6.2593900E-02
 -6.6813804E-02 -7.1127415E-02 -7.5545445E-02 -8.0056950E-02 -8.4667452E-02
 -8.9371786E-02 -9.4170310E-02 -9.9063419E-02 -0.1040463     -0.1091250    
 -0.1142894     -0.1195511     -0.1248949     -0.1303371     -0.1358577    
 -1.6640814E-03 -1.8818893E-03 -2.0982381E-03 -2.3023142E-03 -2.4898816E-03
 -2.6922259E-03 -2.7841139E-03 -2.6541073E-03 -2.3290408E-03 -2.6726695E-03
 -2.9561752E-03 -2.3779860E-03 -3.2197898E-03 -4.1172220E-03 -3.6625215E-03
 -4.5831711E-03 -5.4697655E-03 -4.9977521E-03 -5.9054950E-03 -6.8257190E-03
 -6.4111557E-03 -7.3177135E-03 -8.2215015E-03 -7.8614838E-03 -8.7758759E-03
 -9.6718166E-03 -9.3543231E-03 -1.0245030E-02 -1.1143586E-02 -1.0914268E-02
 -1.1730008E-02 -1.2535041E-02 -1.3332101E-02 -1.4169525E-02 -1.4976779E-02
 -1.5863908E-02 -1.6694024E-02 -1.7602181E-02 -1.8480022E-02 -1.9408336E-02
 -2.0280521E-02 -2.1247691E-02 -2.2141963E-02 -2.3115057E-02 -2.4041273E-02
 -2.5035987E-02 -2.5978742E-02 -2.7019199E-02 -2.7971400E-02 -2.9004257E-02
 -6.2077317E-02 -6.1254084E-02 -6.1254270E-02  0.1944980      0.2284224    
  0.2498394      0.3799105      0.4417824      0.5036597     -0.3838847    
  4.3159440E-02  5.7380371E-02 -0.7116374     -0.2216380     -0.2347177    
 -0.6788423     -0.1533493     -0.1522099     -0.6749875     -0.1456414    
 -0.1522922     -0.6640295     -0.1482932     -0.1597513     -0.6507254    
 -0.1388832     -0.1536327     -0.6274412     -0.1416152     -0.1482539    
 -0.4788253     -0.1406293     -0.4580244     -0.1271774     -0.4266848    
 -0.1244458     -0.3840745     -0.1195671     -0.3469673     -0.1039736    
 -0.2988480     -0.1041546     -0.2413647     -9.7160771E-02 -0.1892170    
 -8.5092612E-02 -0.1318418     -8.2717173E-02 -5.8425274E-02 -7.3259115E-02
  0.1169344      0.1169404      0.1169404      7.1478568E-02 -1.0067336E-02
 -9.0576716E-02 -0.1734630     -0.2587698     -0.3337361     -0.4045844    
 -0.4506337     -0.4630948     -0.3222770     -0.4248735     -0.4008837    
 -0.2891243     -0.3753925     -0.3616717     -0.2600905     -0.3359645    
 -0.3227890     -0.2340968     -0.2957096     -0.2812212     -0.2055676    
 -0.2540575     -0.2394271     -0.1778908     -0.2128309     -0.1992714    
 -0.1622434     -0.1631262     -0.1288197     -0.1242205     -9.5845558E-02
 -8.6474255E-02 -6.3532457E-02 -5.0622016E-02 -3.1499568E-02 -1.6519481E-02
 -1.0488555E-05  1.6152499E-02  3.1220743E-02  4.7598697E-02  6.2056519E-02
  7.8040823E-02  9.2302755E-02  0.1072326      0.1215313      0.1351959    
 -0.9911977     -0.9912482     -0.9912482     -0.9782951     -0.9735100    
 -0.9640415     -0.9086136     -0.8589917     -0.7968357     -0.8300266    
 -0.8916651     -0.8844495     -0.6242675     -0.8777010     -0.8855506    
 -0.6749669     -0.9140922     -0.9197965     -0.6904672     -0.9305463    
 -0.9341383     -0.7101152     -0.9436975     -0.9462528     -0.7309572    
 -0.9571657     -0.9586822     -0.7580715     -0.9667720     -0.9686649    
 -0.8627882     -0.9765313     -0.8795562     -0.9840707     -0.8993073    
 -0.9884511     -0.9211136     -0.9915348     -0.9373481     -0.9944429    
 -0.9543007     -0.9944299     -0.9699323     -0.9941299     -0.9799724    
 -0.9933121     -0.9869640     -0.9907871     -0.9908667     -0.9881069    
    5.06250E+01   ! Azimuth index:  19 in degrees
  2.7144760E-02  3.0638095E-02  3.4131426E-02  3.7624758E-02  4.1118093E-02
  4.4611424E-02  4.8104759E-02  5.1598094E-02  5.5091426E-02  5.8584761E-02
  6.2078092E-02  6.5571427E-02  6.9064766E-02  7.2558090E-02  7.6051429E-02
  7.9544768E-02  8.3038092E-02  8.6531430E-02  9.0024769E-02  9.3518093E-02
  9.7011432E-02  0.1005048      0.1039981      0.1074914      0.1109848    
  0.1144781      0.1179714      0.1214648      0.1249581      0.1284514    
  0.1328181      0.1380581      0.1432981      0.1485381      0.1537781    
  0.1590181      0.1642581      0.1694981      0.1747381      0.1799781    
  0.1852181      0.1904581      0.1956981      0.2009381      0.2061781    
  0.2114181      0.2166581      0.2218981      0.2271381      0.2323781    
  0.0000000E+00  0.0000000E+00  0.0000000E+00  2.1729549E-05  6.5223212E-05
  1.0833047E-04 -3.4858345E-04 -1.2774649E-03 -2.1360943E-03 -3.4056823E-03
 -4.9988450E-03 -6.4512468E-03 -8.2253711E-03 -1.0104306E-02 -1.1773271E-02
 -1.3700267E-02 -1.5696298E-02 -1.7531034E-02 -1.9566886E-02 -2.1653112E-02
 -2.3607137E-02 -2.5727717E-02 -2.7898613E-02 -2.9970046E-02 -3.2181185E-02
 -3.4449756E-02 -3.6651503E-02 -3.8974240E-02 -4.1366681E-02 -4.3720901E-02
 -4.6801344E-02 -5.0589204E-02 -5.4477774E-02 -5.8487117E-02 -6.2593900E-02
 -6.6813804E-02 -7.1127415E-02 -7.5545445E-02 -8.0056950E-02 -8.4667452E-02
 -8.9371786E-02 -9.4170310E-02 -9.9063419E-02 -0.1040463     -0.1091250    
 -0.1142894     -0.1195511     -0.1248949     -0.1303371     -0.1358577    
 -1.6742458E-03 -1.8932952E-03 -2.1108664E-03 -2.3161001E-03 -2.5047110E-03
 -2.7081142E-03 -2.8011277E-03 -2.6721861E-03 -2.3480677E-03 -2.6926564E-03
 -2.9771712E-03 -2.3999223E-03 -3.2425635E-03 -4.1408283E-03 -3.6870101E-03
 -4.6085333E-03 -5.4959701E-03 -5.0246827E-03 -5.9331097E-03 -6.8540797E-03
 -6.4402344E-03 -7.3474003E-03 -8.2517555E-03 -7.8923609E-03 -8.8073928E-03
 -9.7038485E-03 -9.3867937E-03 -1.0278014E-02 -1.1177113E-02 -1.0948293E-02
 -1.1764509E-02 -1.2570075E-02 -1.3367675E-02 -1.4205483E-02 -1.5013077E-02
 -1.5900558E-02 -1.6730879E-02 -1.7639223E-02 -1.8517274E-02 -1.9445643E-02
 -2.0317785E-02 -2.1284947E-02 -2.2179082E-02 -2.3151968E-02 -2.4077961E-02
 -2.5072347E-02 -2.6014764E-02 -2.7054885E-02 -2.8006583E-02 -2.9038854E-02
 -6.2432922E-02 -6.1598737E-02 -6.1598998E-02  0.1942037      0.2281599    
  0.2495479      0.3796593      0.4415823      0.5035069     -0.3840947    
  4.2904899E-02  5.7153605E-02 -0.7117071     -0.2218504     -0.2349309    
 -0.6789330     -0.1535610     -0.1523730     -0.6750675     -0.1458382    
 -0.1524722     -0.6640902     -0.1484539     -0.1599210     -0.6508030    
 -0.1389884     -0.1537634     -0.6275128     -0.1417632     -0.1483771    
 -0.4788885     -0.1407335     -0.4580928     -0.1272235     -0.4267457    
 -0.1244957     -0.3840960     -0.1196109     -0.3469965     -0.1039589    
 -0.2988468     -0.1041531     -0.2413185     -9.7132437E-02 -0.1891640    
 -8.5024856E-02 -0.1317827     -8.2651541E-02 -5.8302466E-02 -7.3162019E-02
  0.1169318      0.1169379      0.1169379      7.1482815E-02 -1.0067973E-02
 -9.0583749E-02 -0.1734823     -0.2587982     -0.3337705     -0.4045462    
 -0.4506386     -0.4631008     -0.3222446     -0.4248525     -0.4008625    
 -0.2890913     -0.3753799     -0.3616626     -0.2600647     -0.3359547    
 -0.3227800     -0.2340799     -0.2957024     -0.2812133     -0.2055496    
 -0.2540538     -0.2394222     -0.1778776     -0.2128264     -0.1992677    
 -0.1622370     -0.1631238     -0.1288146     -0.1242198     -9.5842518E-02
 -8.6473733E-02 -6.3531823E-02 -5.0621752E-02 -3.1499233E-02 -1.6519506E-02
 -1.0488555E-05  1.6152471E-02  3.1221081E-02  4.7598820E-02  6.2057171E-02
  7.8041308E-02  9.2303529E-02  0.1072332      0.1215322      0.1351970    
 -0.9911757     -0.9912270     -0.9912271     -0.9783533     -0.9735717    
 -0.9641164     -0.9087148     -0.8590860     -0.7969178     -0.8299480    
 -0.8916749     -0.8844610     -0.6242047     -0.8776577     -0.8855036    
 -0.6748898     -0.9140617     -0.9197731     -0.6903986     -0.9305190    
 -0.9341121     -0.7100641     -0.9436745     -0.9462264     -0.7308933    
 -0.9571515     -0.9586625     -0.7580154     -0.9667515     -0.9686469    
 -0.8627544     -0.9765167     -0.8795213     -0.9840649     -0.8992788    
 -0.9884448     -0.9211048     -0.9915295     -0.9373373     -0.9944444    
 -0.9543011     -0.9944301     -0.9699436     -0.9941326     -0.9799826    
 -0.9933178     -0.9869718     -0.9907925     -0.9908738     -0.9881139    
    5.34375E+01   ! Azimuth index:  20 in degrees
  2.7144760E-02  3.0638095E-02  3.4131426E-02  3.7624758E-02  4.1118093E-02
  4.4611424E-02  4.8104759E-02  5.1598094E-02  5.5091426E-02  5.8584761E-02
  6.2078092E-02  6.5571427E-02  6.9064766E-02  7.2558090E-02  7.6051429E-02
  7.9544768E-02  8.3038092E-02  8.6531430E-02  9.0024769E-02  9.3518093E-02
  9.7011432E-02  0.1005048      0.1039981      0.1074914      0.1109848    
  0.1144781      0.1179714      0.1214648      0.1249581      0.1284514    
  0.1328181      0.1380581      0.1432981      0.1485381      0.1537781    
  0.1590181      0.1642581      0.1694981      0.1747381      0.1799781    
  0.1852181      0.1904581      0.1956981      0.2009381      0.2061781    
  0.2114181      0.2166581      0.2218981      0.2271381      0.2323781    
  0.0000000E+00  0.0000000E+00  0.0000000E+00  2.1729549E-05  6.5223212E-05
  1.0833047E-04 -3.4858345E-04 -1.2774649E-03 -2.1360943E-03 -3.4056823E-03
 -4.9988450E-03 -6.4512468E-03 -8.2253711E-03 -1.0104306E-02 -1.1773271E-02
 -1.3700267E-02 -1.5696298E-02 -1.7531034E-02 -1.9566886E-02 -2.1653112E-02
 -2.3607137E-02 -2.5727717E-02 -2.7898613E-02 -2.9970046E-02 -3.2181185E-02
 -3.4449756E-02 -3.6651503E-02 -3.8974240E-02 -4.1366681E-02 -4.3720901E-02
 -4.6801344E-02 -5.0589204E-02 -5.4477774E-02 -5.8487117E-02 -6.2593900E-02
 -6.6813804E-02 -7.1127415E-02 -7.5545445E-02 -8.0056950E-02 -8.4667452E-02
 -8.9371786E-02 -9.4170310E-02 -9.9063419E-02 -0.1040463     -0.1091250    
 -0.1142894     -0.1195511     -0.1248949     -0.1303371     -0.1358577    
 -1.6840146E-03 -1.9042622E-03 -2.1230134E-03 -2.3293649E-03 -2.5189838E-03
 -2.7234119E-03 -2.8175148E-03 -2.6896053E-03 -2.3664061E-03 -2.7119261E-03
 -2.9974226E-03 -2.4210890E-03 -3.2645459E-03 -4.1636252E-03 -3.7106706E-03
 -4.6330481E-03 -5.5213119E-03 -5.0507374E-03 -5.9598377E-03 -6.8815416E-03
 -6.4684069E-03 -7.3761777E-03 -8.2810968E-03 -7.9223216E-03 -8.8379923E-03
 -9.7349659E-03 -9.4183553E-03 -1.0310095E-02 -1.1209741E-02 -1.0981425E-02
 -1.1798128E-02 -1.2604248E-02 -1.3402415E-02 -1.4240636E-02 -1.5048604E-02
 -1.5936472E-02 -1.6767042E-02 -1.7675620E-02 -1.8553928E-02 -1.9482404E-02
 -2.0354563E-02 -2.1321777E-02 -2.2215843E-02 -2.3188591E-02 -2.4114436E-02
 -2.5108574E-02 -2.6050732E-02 -2.7090602E-02 -2.8041892E-02 -2.9073674E-02
 -6.2775791E-02 -6.1931662E-02 -6.1931822E-02  0.1939197      0.2279063    
  0.2492655      0.3794158      0.4413883      0.5033588     -0.3842986    
  4.2657040E-02  5.6933127E-02 -0.7117751     -0.2220584     -0.2351394    
 -0.6790218     -0.1537690     -0.1525331     -0.6751463     -0.1460323    
 -0.1526511     -0.6641505     -0.1486133     -0.1600902     -0.6508802    
 -0.1390959     -0.1538957     -0.6275851     -0.1419119     -0.1485026    
 -0.4789541     -0.1408416     -0.4581649     -0.1272760     -0.4268111    
 -0.1245532     -0.3841244     -0.1196626     -0.3470334     -0.1039558    
 -0.2988556     -0.1041632     -0.2412842     -9.7117253E-02 -0.1891253    
 -8.4972069E-02 -0.1317391     -8.2602173E-02 -5.8198199E-02 -7.3082924E-02
  0.1169293      0.1169355      0.1169355      7.1486920E-02 -1.0068584E-02
 -9.0590551E-02 -0.1735010     -0.2588257     -0.3338039     -0.4045089    
 -0.4506434     -0.4631066     -0.3222130     -0.4248319     -0.4008417    
 -0.2890590     -0.3753676     -0.3616535     -0.2600392     -0.3359450    
 -0.3227710     -0.2340631     -0.2956952     -0.2812055     -0.2055317    
 -0.2540498     -0.2394172     -0.1778643     -0.2128218     -0.1992639    
 -0.1622304     -0.1631212     -0.1288092     -0.1242189     -9.5839262E-02
 -8.6473107E-02 -6.3531041E-02 -5.0621457E-02 -3.1498775E-02 -1.6519511E-02
 -1.0460615E-05  1.6152518E-02  3.1221384E-02  4.7598865E-02  6.2057599E-02
  7.8041583E-02  9.2303984E-02  0.1072336      0.1215328      0.1351978    
 -0.9911543     -0.9912066     -0.9912066     -0.9784093     -0.9736310    
 -0.9641889     -0.9088129     -0.8591773     -0.7969975     -0.8298717    
 -0.8916843     -0.8844721     -0.6241435     -0.8776150     -0.8854577    
 -0.6748144     -0.9140319     -0.9197502     -0.6903310     -0.9304921    
 -0.9340860     -0.7100131     -0.9436517     -0.9462001     -0.7308295    
 -0.9571369     -0.9586425     -0.7579587     -0.9667305     -0.9686284    
 -0.8627192     -0.9765014     -0.8794846     -0.9840582     -0.8992481    
 -0.9884376     -0.9210930     -0.9915233     -0.9373236     -0.9944448    
 -0.9542984     -0.9944291     -0.9699522     -0.9941341     -0.9799901    
 -0.9933223     -0.9869776     -0.9907966     -0.9908798     -0.9881198    
    5.62500E+01   ! Azimuth index:  21 in degrees
  2.7144760E-02  3.0638095E-02  3.4131426E-02  3.7624758E-02  4.1118093E-02
  4.4611424E-02  4.8104759E-02  5.1598094E-02  5.5091426E-02  5.8584761E-02
  6.2078092E-02  6.5571427E-02  6.9064766E-02  7.2558090E-02  7.6051429E-02
  7.9544768E-02  8.3038092E-02  8.6531430E-02  9.0024769E-02  9.3518093E-02
  9.7011432E-02  0.1005048      0.1039981      0.1074914      0.1109848    
  0.1144781      0.1179714      0.1214648      0.1249581      0.1284514    
  0.1328181      0.1380581      0.1432981      0.1485381      0.1537781    
  0.1590181      0.1642581      0.1694981      0.1747381      0.1799781    
  0.1852181      0.1904581      0.1956981      0.2009381      0.2061781    
  0.2114181      0.2166581      0.2218981      0.2271381      0.2323781    
  0.0000000E+00  0.0000000E+00  0.0000000E+00  2.1729549E-05  6.5223212E-05
  1.0833047E-04 -3.4858345E-04 -1.2774649E-03 -2.1360943E-03 -3.4056823E-03
 -4.9988450E-03 -6.4512468E-03 -8.2253711E-03 -1.0104306E-02 -1.1773271E-02
 -1.3700267E-02 -1.5696298E-02 -1.7531034E-02 -1.9566886E-02 -2.1653112E-02
 -2.3607137E-02 -2.5727717E-02 -2.7898613E-02 -2.9970046E-02 -3.2181185E-02
 -3.4449756E-02 -3.6651503E-02 -3.8974240E-02 -4.1366681E-02 -4.3720901E-02
 -4.6801344E-02 -5.0589204E-02 -5.4477774E-02 -5.8487117E-02 -6.2593900E-02
 -6.6813804E-02 -7.1127415E-02 -7.5545445E-02 -8.0056950E-02 -8.4667452E-02
 -8.9371786E-02 -9.4170310E-02 -9.9063419E-02 -0.1040463     -0.1091250    
 -0.1142894     -0.1195511     -0.1248949     -0.1303371     -0.1358577    
 -1.6932231E-03 -1.9146071E-03 -2.1344784E-03 -2.3418914E-03 -2.5324677E-03
 -2.7378714E-03 -2.8330137E-03 -2.7060886E-03 -2.3837672E-03 -2.7301791E-03
 -3.0166176E-03 -2.4411646E-03 -3.2854062E-03 -4.1852714E-03 -3.7331530E-03
 -4.6563586E-03 -5.5454262E-03 -5.0755469E-03 -5.9853047E-03 -6.9077271E-03
 -6.4952914E-03 -7.4036596E-03 -8.3091389E-03 -7.9509793E-03 -8.8672834E-03
 -9.7647766E-03 -9.4486177E-03 -1.0340882E-02 -1.1241081E-02 -1.1013280E-02
 -1.1830492E-02 -1.2637191E-02 -1.3435956E-02 -1.4274631E-02 -1.5083021E-02
 -1.5971325E-02 -1.6802203E-02 -1.7711079E-02 -1.8589707E-02 -1.9518364E-02
 -2.0390626E-02 -2.1357980E-02 -2.2252064E-02 -2.3224775E-02 -2.4150576E-02
 -2.5144573E-02 -2.6086587E-02 -2.7126327E-02 -2.8077334E-02 -2.9108761E-02
 -6.3100941E-02 -6.2247436E-02 -6.2247802E-02  0.1936498      0.2276652    
  0.2489959      0.3791836      0.4412033      0.5032170     -0.3844944    
  4.2419128E-02  5.6720521E-02 -0.7118404     -0.2222597     -0.2353412    
 -0.6791076     -0.1539713     -0.1526895     -0.6752234     -0.1462229    
 -0.1528275     -0.6642103     -0.1487720     -0.1602582     -0.6509569    
 -0.1392055     -0.1540295     -0.6276579     -0.1420625     -0.1486323    
 -0.4790229     -0.1409552     -0.4582415     -0.1273373     -0.4268829    
 -0.1246208     -0.3841622     -0.1197267     -0.3470806     -0.1039677    
 -0.2988784     -0.1041894     -0.2412670     -9.7121447E-02 -0.1891055    
 -8.4940217E-02 -0.1317174     -8.2575098E-02 -5.8118954E-02 -7.3028684E-02
  0.1169269      0.1169332      0.1169332      7.1490794E-02 -1.0069166E-02
 -9.0597026E-02 -0.1735189     -0.2588519     -0.3338358     -0.4044732    
 -0.4506480     -0.4631122     -0.3221827     -0.4248118     -0.4008215    
 -0.2890277     -0.3753557     -0.3616447     -0.2600144     -0.3359354    
 -0.3227620     -0.2340465     -0.2956881     -0.2811978     -0.2055138    
 -0.2540459     -0.2394121     -0.1778509     -0.2128172     -0.1992600    
 -0.1622234     -0.1631186     -0.1288035     -0.1242180     -9.5835678E-02
 -8.6472362E-02 -6.3529924E-02 -5.0621040E-02 -3.1498186E-02 -1.6519491E-02
 -1.0460615E-05  1.6152469E-02  3.1221520E-02  4.7598839E-02  6.2057845E-02
  7.8041792E-02  9.2304260E-02  0.1072339      0.1215335      0.1351983    
 -0.9911338     -0.9911870     -0.9911870     -0.9784626     -0.9736874    
 -0.9642578     -0.9089065     -0.8592643     -0.7970737     -0.8297984    
 -0.8916934     -0.8844828     -0.6240845     -0.8775736     -0.8854132    
 -0.6747413     -0.9140027     -0.9197277     -0.6902652     -0.9304656    
 -0.9340602     -0.7099627     -0.9436288     -0.9461740     -0.7307661    
 -0.9571220     -0.9586223     -0.7579015     -0.9667095     -0.9686093    
 -0.8626822     -0.9764855     -0.8794456     -0.9840504     -0.8992144    
 -0.9884292     -0.9210773     -0.9915156     -0.9373062     -0.9944435    
 -0.9542912     -0.9944263     -0.9699565     -0.9941337     -0.9799938    
 -0.9933250     -0.9869805     -0.9907988     -0.9908843     -0.9881237    
    5.90625E+01   ! Azimuth index:  22 in degrees
  2.7144760E-02  3.0638095E-02  3.4131426E-02  3.7624758E-02  4.1118093E-02
  4.4611424E-02  4.8104759E-02  5.1598094E-02  5.5091426E-02  5.8584761E-02
  6.2078092E-02  6.5571427E-02  6.9064766E-02  7.2558090E-02  7.6051429E-02
  7.9544768E-02  8.3038092E-02  8.6531430E-02  9.0024769E-02  9.3518093E-02
  9.7011432E-02  0.1005048      0.1039981      0.1074914      0.1109848    
  0.1144781      0.1179714      0.1214648      0.1249581      0.1284514    
  0.1328181      0.1380581      0.1432981      0.1485381      0.1537781    
  0.1590181      0.1642581      0.1694981      0.1747381      0.1799781    
  0.1852181      0.1904581      0.1956981      0.2009381      0.2061781    
  0.2114181      0.2166581      0.2218981      0.2271381      0.2323781    
  0.0000000E+00  0.0000000E+00  0.0000000E+00  2.1729549E-05  6.5223212E-05
  1.0833047E-04 -3.4858345E-04 -1.2774649E-03 -2.1360943E-03 -3.4056823E-03
 -4.9988450E-03 -6.4512468E-03 -8.2253711E-03 -1.0104306E-02 -1.1773271E-02
 -1.3700267E-02 -1.5696298E-02 -1.7531034E-02 -1.9566886E-02 -2.1653112E-02
 -2.3607137E-02 -2.5727717E-02 -2.7898613E-02 -2.9970046E-02 -3.2181185E-02
 -3.4449756E-02 -3.6651503E-02 -3.8974240E-02 -4.1366681E-02 -4.3720901E-02
 -4.6801344E-02 -5.0589204E-02 -5.4477774E-02 -5.8487117E-02 -6.2593900E-02
 -6.6813804E-02 -7.1127415E-02 -7.5545445E-02 -8.0056950E-02 -8.4667452E-02
 -8.9371786E-02 -9.4170310E-02 -9.9063419E-02 -0.1040463     -0.1091250    
 -0.1142894     -0.1195511     -0.1248949     -0.1303371     -0.1358577    
 -1.7017451E-03 -1.9241902E-03 -2.1451088E-03 -2.3535138E-03 -2.5449861E-03
 -2.7513062E-03 -2.8474261E-03 -2.7214277E-03 -2.3999342E-03 -2.7471902E-03
 -3.0345237E-03 -2.4599084E-03 -3.3048983E-03 -4.2055165E-03 -3.7542023E-03
 -4.6782051E-03 -5.5680471E-03 -5.0988421E-03 -6.0092397E-03 -6.9323624E-03
 -6.5206122E-03 -7.4295709E-03 -8.3356071E-03 -7.9780594E-03 -8.8949930E-03
 -9.7930115E-03 -9.4773155E-03 -1.0370115E-02 -1.1270874E-02 -1.1043601E-02
 -1.1861349E-02 -1.2668665E-02 -1.3468072E-02 -1.4307255E-02 -1.5116123E-02
 -1.6004927E-02 -1.6836191E-02 -1.7745446E-02 -1.8624481E-02 -1.9553417E-02
 -2.0425884E-02 -2.1393485E-02 -2.2287708E-02 -2.3260504E-02 -2.4186393E-02
 -2.5180392E-02 -2.6122408E-02 -2.7162168E-02 -2.8113054E-02 -2.9144296E-02
 -6.3403949E-02 -6.2542833E-02 -6.2543020E-02  0.1933974      0.2274393    
  0.2487424      0.3789651      0.4410288      0.5030833     -0.3846796    
  4.2192779E-02  5.6518145E-02 -0.7119027     -0.2224533     -0.2355351    
 -0.6791904     -0.1541666     -0.1528416     -0.6752982     -0.1464088    
 -0.1530016     -0.6642695     -0.1489299     -0.1604254     -0.6510333    
 -0.1393184     -0.1541659     -0.6277320     -0.1422151     -0.1487672    
 -0.4790963     -0.1410754     -0.4583247     -0.1274100     -0.4269624    
 -0.1247016     -0.3842120     -0.1198060     -0.3471420     -0.1039988    
 -0.2989191     -0.1042361     -0.2412716     -9.7149581E-02 -0.1891103    
 -8.4935442E-02 -0.1317227     -8.2576610E-02 -5.8072153E-02 -7.3006362E-02
  0.1169246      0.1169310      0.1169310      7.1494423E-02 -1.0069717E-02
 -9.0603121E-02 -0.1735357     -0.2588767     -0.3338659     -0.4044395    
 -0.4506523     -0.4631176     -0.3221537     -0.4247926     -0.4008021    
 -0.2889976     -0.3753441     -0.3616361     -0.2599902     -0.3359261    
 -0.3227533     -0.2340300     -0.2956810     -0.2811900     -0.2054961    
 -0.2540419     -0.2394070     -0.1778372     -0.2128124     -0.1992558    
 -0.1622160     -0.1631158     -0.1287973     -0.1242168     -9.5831662E-02
 -8.6471446E-02 -6.3528523E-02 -5.0620552E-02 -3.1497397E-02 -1.6519438E-02
 -1.0488555E-05  1.6152361E-02  3.1221487E-02  4.7598742E-02  6.2057812E-02
  7.8041866E-02  9.2304237E-02  0.1072339      0.1215338      0.1351985    
 -0.9911147     -0.9911687     -0.9911688     -0.9785121     -0.9737402    
 -0.9643227     -0.9089944     -0.8593465     -0.7971455     -0.8297291    
 -0.8917019     -0.8844930     -0.6240284     -0.8775339     -0.8853704    
 -0.6746710     -0.9139745     -0.9197057     -0.6902010     -0.9304398    
 -0.9340348     -0.7099127     -0.9436061     -0.9461479     -0.7307031    
 -0.9571066     -0.9586017     -0.7578433     -0.9666880     -0.9685894    
 -0.8626429     -0.9764686     -0.8794031     -0.9840411     -0.8991771    
 -0.9884191     -0.9210566     -0.9915060     -0.9372835     -0.9944403    
 -0.9542785     -0.9944214     -0.9699553     -0.9941310     -0.9799929    
 -0.9933254     -0.9869798     -0.9907987     -0.9908871     -0.9881253    
    6.18750E+01   ! Azimuth index:  23 in degrees
  2.7144760E-02  3.0638095E-02  3.4131426E-02  3.7624758E-02  4.1118093E-02
  4.4611424E-02  4.8104759E-02  5.1598094E-02  5.5091426E-02  5.8584761E-02
  6.2078092E-02  6.5571427E-02  6.9064766E-02  7.2558090E-02  7.6051429E-02
  7.9544768E-02  8.3038092E-02  8.6531430E-02  9.0024769E-02  9.3518093E-02
  9.7011432E-02  0.1005048      0.1039981      0.1074914      0.1109848    
  0.1144781      0.1179714      0.1214648      0.1249581      0.1284514    
  0.1328181      0.1380581      0.1432981      0.1485381      0.1537781    
  0.1590181      0.1642581      0.1694981      0.1747381      0.1799781    
  0.1852181      0.1904581      0.1956981      0.2009381      0.2061781    
  0.2114181      0.2166581      0.2218981      0.2271381      0.2323781    
  0.0000000E+00  0.0000000E+00  0.0000000E+00  2.1729549E-05  6.5223212E-05
  1.0833047E-04 -3.4858345E-04 -1.2774649E-03 -2.1360943E-03 -3.4056823E-03
 -4.9988450E-03 -6.4512468E-03 -8.2253711E-03 -1.0104306E-02 -1.1773271E-02
 -1.3700267E-02 -1.5696298E-02 -1.7531034E-02 -1.9566886E-02 -2.1653112E-02
 -2.3607137E-02 -2.5727717E-02 -2.7898613E-02 -2.9970046E-02 -3.2181185E-02
 -3.4449756E-02 -3.6651503E-02 -3.8974240E-02 -4.1366681E-02 -4.3720901E-02
 -4.6801344E-02 -5.0589204E-02 -5.4477774E-02 -5.8487117E-02 -6.2593900E-02
 -6.6813804E-02 -7.1127415E-02 -7.5545445E-02 -8.0056950E-02 -8.4667452E-02
 -8.9371786E-02 -9.4170310E-02 -9.9063419E-02 -0.1040463     -0.1091250    
 -0.1142894     -0.1195511     -0.1248949     -0.1303371     -0.1358577    
 -1.7095222E-03 -1.9329474E-03 -2.1548346E-03 -2.3641577E-03 -2.5564600E-03
 -2.7636320E-03 -2.8606639E-03 -2.7355305E-03 -2.4148114E-03 -2.7628606E-03
 -3.0510386E-03 -2.4772165E-03 -3.3229161E-03 -4.2242529E-03 -3.7737095E-03
 -4.6984777E-03 -5.5890661E-03 -5.1205130E-03 -6.0315323E-03 -6.9553386E-03
 -6.5442631E-03 -7.4538067E-03 -8.3603961E-03 -8.0034584E-03 -8.9210216E-03
 -9.8195719E-03 -9.5043536E-03 -1.0397700E-02 -1.1299033E-02 -1.1072304E-02
 -1.1890621E-02 -1.2698598E-02 -1.3498697E-02 -1.4338453E-02 -1.5147873E-02
 -1.6037254E-02 -1.6868986E-02 -1.7778713E-02 -1.8658258E-02 -1.9587580E-02
 -2.0460371E-02 -2.1428345E-02 -2.2322837E-02 -2.3295866E-02 -2.4221998E-02
 -2.5216155E-02 -2.6158337E-02 -2.7198287E-02 -2.8149236E-02 -2.9180486E-02
 -6.3683532E-02 -6.2815942E-02 -6.2816173E-02  0.1931638      0.2272299    
  0.2485059      0.3787612      0.4408659      0.5029576     -0.3848541    
  4.1978400E-02  5.6326587E-02 -0.7119621     -0.2226389     -0.2357209    
 -0.6792700     -0.1543555     -0.1529895     -0.6753709     -0.1465911    
 -0.1531738     -0.6643282     -0.1490869     -0.1605923     -0.6511096    
 -0.1394355     -0.1543062     -0.6278076     -0.1423711     -0.1489083    
 -0.4791748     -0.1412045     -0.4584152     -0.1274959     -0.4270522    
 -0.1247970     -0.3842761     -0.1199030     -0.3472199     -0.1040513    
 -0.2989807     -0.1043061     -0.2413004     -9.7205520E-02 -0.1891436    
 -8.4960647E-02 -0.1317596     -8.2610346E-02 -5.8061399E-02 -7.3020421E-02
  0.1169225      0.1169290      0.1169290      7.1497783E-02 -1.0070221E-02
 -9.0608791E-02 -0.1735514     -0.2588998     -0.3338941     -0.4044076    
 -0.4506564     -0.4631226     -0.3221261     -0.4247742     -0.4007836    
 -0.2889686     -0.3753329     -0.3616277     -0.2599668     -0.3359169    
 -0.3227445     -0.2340137     -0.2956739     -0.2811823     -0.2054784    
 -0.2540376     -0.2394017     -0.1778233     -0.2128076     -0.1992516    
 -0.1622081     -0.1631127     -0.1287906     -0.1242154     -9.5827177E-02
 -8.6470410E-02 -6.3526660E-02 -5.0619952E-02 -3.1496454E-02 -1.6519345E-02
 -1.0458753E-05  1.6152274E-02  3.1221258E-02  4.7598481E-02  6.2057409E-02
  7.8041703E-02  9.2303775E-02  0.1072336      0.1215338      0.1351983    
 -0.9910972     -0.9911518     -0.9911518     -0.9785579     -0.9737892    
 -0.9643831     -0.9090765     -0.8594232     -0.7972129     -0.8296636    
 -0.8917099     -0.8845026     -0.6239750     -0.8774958     -0.8853294    
 -0.6746032     -0.9139473     -0.9196845     -0.6901387     -0.9304144    
 -0.9340096     -0.7098631     -0.9435836     -0.9461219     -0.7306401    
 -0.9570907     -0.9585805     -0.7577839     -0.9666662     -0.9685686    
 -0.8626007     -0.9764504     -0.8793569     -0.9840301     -0.8991349    
 -0.9884071     -0.9210300     -0.9914942     -0.9372547     -0.9944348    
 -0.9542592     -0.9944140     -0.9699482     -0.9941255     -0.9799865    
 -0.9933233     -0.9869749     -0.9907960     -0.9908878     -0.9881243    
    6.46875E+01   ! Azimuth index:  24 in degrees
  2.7144760E-02  3.0638095E-02  3.4131426E-02  3.7624758E-02  4.1118093E-02
  4.4611424E-02  4.8104759E-02  5.1598094E-02  5.5091426E-02  5.8584761E-02
  6.2078092E-02  6.5571427E-02  6.9064766E-02  7.2558090E-02  7.6051429E-02
  7.9544768E-02  8.3038092E-02  8.6531430E-02  9.0024769E-02  9.3518093E-02
  9.7011432E-02  0.1005048      0.1039981      0.1074914      0.1109848    
  0.1144781      0.1179714      0.1214648      0.1249581      0.1284514    
  0.1328181      0.1380581      0.1432981      0.1485381      0.1537781    
  0.1590181      0.1642581      0.1694981      0.1747381      0.1799781    
  0.1852181      0.1904581      0.1956981      0.2009381      0.2061781    
  0.2114181      0.2166581      0.2218981      0.2271381      0.2323781    
  0.0000000E+00  0.0000000E+00  0.0000000E+00  2.1729549E-05  6.5223212E-05
  1.0833047E-04 -3.4858345E-04 -1.2774649E-03 -2.1360943E-03 -3.4056823E-03
 -4.9988450E-03 -6.4512468E-03 -8.2253711E-03 -1.0104306E-02 -1.1773271E-02
 -1.3700267E-02 -1.5696298E-02 -1.7531034E-02 -1.9566886E-02 -2.1653112E-02
 -2.3607137E-02 -2.5727717E-02 -2.7898613E-02 -2.9970046E-02 -3.2181185E-02
 -3.4449756E-02 -3.6651503E-02 -3.8974240E-02 -4.1366681E-02 -4.3720901E-02
 -4.6801344E-02 -5.0589204E-02 -5.4477774E-02 -5.8487117E-02 -6.2593900E-02
 -6.6813804E-02 -7.1127415E-02 -7.5545445E-02 -8.0056950E-02 -8.4667452E-02
 -8.9371786E-02 -9.4170310E-02 -9.9063419E-02 -0.1040463     -0.1091250    
 -0.1142894     -0.1195511     -0.1248949     -0.1303371     -0.1358577    
 -1.7165036E-03 -1.9408220E-03 -2.1635937E-03 -2.3737559E-03 -2.5668172E-03
 -2.7747736E-03 -2.8726473E-03 -2.7483134E-03 -2.4283116E-03 -2.7770996E-03
 -3.0660683E-03 -2.4929917E-03 -3.3393600E-03 -4.2413785E-03 -3.7915702E-03
 -4.7170697E-03 -5.6083743E-03 -5.1404508E-03 -6.0520731E-03 -6.9765439E-03
 -6.5661306E-03 -7.4762539E-03 -8.3833933E-03 -8.0270655E-03 -8.9452583E-03
 -9.8443478E-03 -9.5296213E-03 -1.0423528E-02 -1.1325447E-02 -1.1099285E-02
 -1.1918206E-02 -1.2726890E-02 -1.3527738E-02 -1.4368135E-02 -1.5178181E-02
 -1.6068218E-02 -1.6900513E-02 -1.7810818E-02 -1.8690974E-02 -1.9620799E-02
 -2.0494046E-02 -2.1462524E-02 -2.2357430E-02 -2.3330845E-02 -2.4257379E-02
 -2.5251867E-02 -2.6194392E-02 -2.7234714E-02 -2.8185923E-02 -2.9217388E-02
 -6.3937701E-02 -6.3065439E-02 -6.3065641E-02  0.1929504      0.2270379    
  0.2482874      0.3785729      0.4407153      0.5028412     -0.3850171    
  4.1777212E-02  5.6145851E-02 -0.7120180     -0.2228160     -0.2358980    
 -0.6793461     -0.1545366     -0.1531329     -0.6754414     -0.1467685    
 -0.1533438     -0.6643867     -0.1492435     -0.1607593     -0.6511856    
 -0.1395570     -0.1544500     -0.6278849     -0.1425303     -0.1490568    
 -0.4792590     -0.1413425     -0.4585138     -0.1275962     -0.4271519    
 -0.1249092     -0.3843549     -0.1200194     -0.3473143     -0.1041278    
 -0.2990637     -0.1044019     -0.2413559     -9.7290345E-02 -0.1892071    
 -8.5018419E-02 -0.1318294     -8.2679339E-02 -5.8090113E-02 -7.3072799E-02
  0.1169207      0.1169272      0.1169272      7.1500845E-02 -1.0070684E-02
 -9.0614036E-02 -0.1735658     -0.2589211     -0.3339203     -0.4043778    
 -0.4506602     -0.4631274     -0.3221000     -0.4247565     -0.4007659    
 -0.2889407     -0.3753222     -0.3616196     -0.2599440     -0.3359080    
 -0.3227359     -0.2339974     -0.2956669     -0.2811745     -0.2054608    
 -0.2540332     -0.2393962     -0.1778091     -0.2128027     -0.1992471    
 -0.1621996     -0.1631095     -0.1287832     -0.1242138     -9.5822185E-02
 -8.6469181E-02 -6.3524410E-02 -5.0619230E-02 -3.1495284E-02 -1.6519213E-02
 -1.0460615E-05  1.6152110E-02  3.1220809E-02  4.7598049E-02  6.2056608E-02
  7.8041315E-02  9.2302904E-02  0.1072329      0.1215336      0.1351978    
 -0.9910810     -0.9911361     -0.9911361     -0.9785999     -0.9738339    
 -0.9644389     -0.9091520     -0.8594940     -0.7972754     -0.8296026    
 -0.8917175     -0.8845116     -0.6239246     -0.8774593     -0.8852903    
 -0.6745383     -0.9139212     -0.9196638     -0.6900783     -0.9303896    
 -0.9339846     -0.7098138     -0.9435611     -0.9460958     -0.7305773    
 -0.9570742     -0.9585587     -0.7577232     -0.9666438     -0.9685467    
 -0.8625555     -0.9764310     -0.8793066     -0.9840174     -0.8990881    
 -0.9883930     -0.9209973     -0.9914802     -0.9372198     -0.9944268    
 -0.9542331     -0.9944040     -0.9699344     -0.9941173     -0.9799742    
 -0.9933184     -0.9869657     -0.9907902     -0.9908860     -0.9881204    
    6.75000E+01   ! Azimuth index:  25 in degrees
  2.7144760E-02  3.0638095E-02  3.4131426E-02  3.7624758E-02  4.1118093E-02
  4.4611424E-02  4.8104759E-02  5.1598094E-02  5.5091426E-02  5.8584761E-02
  6.2078092E-02  6.5571427E-02  6.9064766E-02  7.2558090E-02  7.6051429E-02
  7.9544768E-02  8.3038092E-02  8.6531430E-02  9.0024769E-02  9.3518093E-02
  9.7011432E-02  0.1005048      0.1039981      0.1074914      0.1109848    
  0.1144781      0.1179714      0.1214648      0.1249581      0.1284514    
  0.1328181      0.1380581      0.1432981      0.1485381      0.1537781    
  0.1590181      0.1642581      0.1694981      0.1747381      0.1799781    
  0.1852181      0.1904581      0.1956981      0.2009381      0.2061781    
  0.2114181      0.2166581      0.2218981      0.2271381      0.2323781    
  0.0000000E+00  0.0000000E+00  0.0000000E+00  2.1729549E-05  6.5223212E-05
  1.0833047E-04 -3.4858345E-04 -1.2774649E-03 -2.1360943E-03 -3.4056823E-03
 -4.9988450E-03 -6.4512468E-03 -8.2253711E-03 -1.0104306E-02 -1.1773271E-02
 -1.3700267E-02 -1.5696298E-02 -1.7531034E-02 -1.9566886E-02 -2.1653112E-02
 -2.3607137E-02 -2.5727717E-02 -2.7898613E-02 -2.9970046E-02 -3.2181185E-02
 -3.4449756E-02 -3.6651503E-02 -3.8974240E-02 -4.1366681E-02 -4.3720901E-02
 -4.6801344E-02 -5.0589204E-02 -5.4477774E-02 -5.8487117E-02 -6.2593900E-02
 -6.6813804E-02 -7.1127415E-02 -7.5545445E-02 -8.0056950E-02 -8.4667452E-02
 -8.9371786E-02 -9.4170310E-02 -9.9063419E-02 -0.1040463     -0.1091250    
 -0.1142894     -0.1195511     -0.1248949     -0.1303371     -0.1358577    
 -1.7226181E-03 -1.9477349E-03 -2.1712994E-03 -2.3822132E-03 -2.5759568E-03
 -2.7846219E-03 -2.8832608E-03 -2.7596538E-03 -2.4403068E-03 -2.7897735E-03
 -3.0794740E-03 -2.5070901E-03 -3.3540810E-03 -4.2567402E-03 -3.8076276E-03
 -4.7338195E-03 -5.6258058E-03 -5.1584863E-03 -6.0706902E-03 -6.9958037E-03
 -6.5860376E-03 -7.4967332E-03 -8.4044188E-03 -8.0486974E-03 -8.9675151E-03
 -9.8671503E-03 -9.5529333E-03 -1.0447414E-02 -1.1349930E-02 -1.1124353E-02
 -1.1943913E-02 -1.2753354E-02 -1.3555007E-02 -1.4396118E-02 -1.5206869E-02
 -1.6097646E-02 -1.6930606E-02 -1.7841589E-02 -1.8722467E-02 -1.9652922E-02
 -2.0526759E-02 -2.1495886E-02 -2.2391357E-02 -2.3365319E-02 -2.4292424E-02
 -2.5287423E-02 -2.6230481E-02 -2.7271368E-02 -2.8223041E-02 -2.9254945E-02
 -6.4164430E-02 -6.3288920E-02 -6.3289225E-02  0.1927589      0.2268653    
  0.2480889      0.3784018      0.4405779      0.5027347     -0.3851675    
  4.1590434E-02  5.5978101E-02 -0.7120700     -0.2229834     -0.2360659    
 -0.6794184     -0.1547098     -0.1532710     -0.6755094     -0.1469409    
 -0.1535112     -0.6644444     -0.1493992     -0.1609247     -0.6512613    
 -0.1396831     -0.1545977     -0.6279638     -0.1426930     -0.1492121    
 -0.4793491     -0.1414899     -0.4586207     -0.1277112     -0.4272626    
 -0.1250380     -0.3844498     -0.1201555     -0.3474271     -0.1042289    
 -0.2991706     -0.1045240     -0.2414390     -9.7406596E-02 -0.1893021    
 -8.5111015E-02 -0.1319349     -8.2784519E-02 -5.8159593E-02 -7.3166683E-02
  0.1169190      0.1169255      0.1169255      7.1503587E-02 -1.0071095E-02
 -9.0618804E-02 -0.1735789     -0.2589405     -0.3339442     -0.4043503    
 -0.4506636     -0.4631317     -0.3220758     -0.4247399     -0.4007490    
 -0.2889144     -0.3753119     -0.3616118     -0.2599221     -0.3358993    
 -0.3227274     -0.2339813     -0.2956599     -0.2811669     -0.2054432    
 -0.2540287     -0.2393906     -0.1777945     -0.2127977     -0.1992423    
 -0.1621905     -0.1631060     -0.1287752     -0.1242120     -9.5816657E-02
 -8.6467765E-02 -6.3521713E-02 -5.0618425E-02 -3.1493880E-02 -1.6519036E-02
 -1.0462478E-05  1.6151872E-02  3.1220149E-02  4.7597542E-02  6.2055446E-02
  7.8040659E-02  9.2301562E-02  0.1072320      0.1215332      0.1351970    
 -0.9910665     -0.9911220     -0.9911221     -0.9786375     -0.9738741    
 -0.9644896     -0.9092208     -0.8595585     -0.7973325     -0.8295461    
 -0.8917245     -0.8845199     -0.6238777     -0.8774250     -0.8852531    
 -0.6744769     -0.9138960     -0.9196439     -0.6900200     -0.9303656    
 -0.9339601     -0.7097651     -0.9435386     -0.9460701     -0.7305148    
 -0.9570571     -0.9585363     -0.7576612     -0.9666209     -0.9685237    
 -0.8625072     -0.9764103     -0.8792519     -0.9840027     -0.8990361    
 -0.9883769     -0.9209579     -0.9914638     -0.9371780     -0.9944161    
 -0.9541996     -0.9943912     -0.9699137     -0.9941059     -0.9799560    
 -0.9933105     -0.9869516     -0.9907815     -0.9908820     -0.9881136    
    7.03125E+01   ! Azimuth index:  26 in degrees
  2.7144760E-02  3.0638095E-02  3.4131426E-02  3.7624758E-02  4.1118093E-02
  4.4611424E-02  4.8104759E-02  5.1598094E-02  5.5091426E-02  5.8584761E-02
  6.2078092E-02  6.5571427E-02  6.9064766E-02  7.2558090E-02  7.6051429E-02
  7.9544768E-02  8.3038092E-02  8.6531430E-02  9.0024769E-02  9.3518093E-02
  9.7011432E-02  0.1005048      0.1039981      0.1074914      0.1109848    
  0.1144781      0.1179714      0.1214648      0.1249581      0.1284514    
  0.1328181      0.1380581      0.1432981      0.1485381      0.1537781    
  0.1590181      0.1642581      0.1694981      0.1747381      0.1799781    
  0.1852181      0.1904581      0.1956981      0.2009381      0.2061781    
  0.2114181      0.2166581      0.2218981      0.2271381      0.2323781    
  0.0000000E+00  0.0000000E+00  0.0000000E+00  2.1729549E-05  6.5223212E-05
  1.0833047E-04 -3.4858345E-04 -1.2774649E-03 -2.1360943E-03 -3.4056823E-03
 -4.9988450E-03 -6.4512468E-03 -8.2253711E-03 -1.0104306E-02 -1.1773271E-02
 -1.3700267E-02 -1.5696298E-02 -1.7531034E-02 -1.9566886E-02 -2.1653112E-02
 -2.3607137E-02 -2.5727717E-02 -2.7898613E-02 -2.9970046E-02 -3.2181185E-02
 -3.4449756E-02 -3.6651503E-02 -3.8974240E-02 -4.1366681E-02 -4.3720901E-02
 -4.6801344E-02 -5.0589204E-02 -5.4477774E-02 -5.8487117E-02 -6.2593900E-02
 -6.6813804E-02 -7.1127415E-02 -7.5545445E-02 -8.0056950E-02 -8.4667452E-02
 -8.9371786E-02 -9.4170310E-02 -9.9063419E-02 -0.1040463     -0.1091250    
 -0.1142894     -0.1195511     -0.1248949     -0.1303371     -0.1358577    
 -1.7277717E-03 -1.9535813E-03 -2.1778364E-03 -2.3894052E-03 -2.5837445E-03
 -2.7930350E-03 -2.8923524E-03 -2.7693915E-03 -2.4506287E-03 -2.8007065E-03
 -3.0910717E-03 -2.5193205E-03 -3.3668820E-03 -4.2701354E-03 -3.8216722E-03
 -4.7485121E-03 -5.6411400E-03 -5.1743938E-03 -6.0871532E-03 -7.0128832E-03
 -6.6037457E-03 -7.5150020E-03 -8.4232278E-03 -8.0681052E-03 -8.9875432E-03
 -9.8877307E-03 -9.5740352E-03 -1.0469100E-02 -1.1372225E-02 -1.1147251E-02
 -1.1967488E-02 -1.2777735E-02 -1.3580250E-02 -1.4422148E-02 -1.5233682E-02
 -1.6125288E-02 -1.6959015E-02 -1.7870789E-02 -1.8752504E-02 -1.9683719E-02
 -2.0558294E-02 -2.1528216E-02 -2.2424411E-02 -2.3399094E-02 -2.4326956E-02
 -2.5322657E-02 -2.6266444E-02 -2.7308106E-02 -2.8260469E-02 -2.9293042E-02
 -6.4360313E-02 -6.3483648E-02 -6.3483872E-02  0.1925920      0.2267140    
  0.2479129      0.3782499      0.4404556      0.5026393     -0.3853039    
  4.1420300E-02  5.5824723E-02 -0.7121178     -0.2231396     -0.2362227    
 -0.6794862     -0.1548736     -0.1534033     -0.6755742     -0.1471066    
 -0.1536751     -0.6645012     -0.1495532     -0.1610893     -0.6513364    
 -0.1398136     -0.1547490     -0.6280440     -0.1428587     -0.1493747    
 -0.4794451     -0.1416466     -0.4587363     -0.1278413     -0.4273843    
 -0.1251850     -0.3845609     -0.1203124     -0.3475585     -0.1043569    
 -0.2993017     -0.1046745     -0.2415518     -9.7555898E-02 -0.1894310    
 -8.5239947E-02 -0.1320782     -8.2929030E-02 -5.8273483E-02 -7.3303953E-02
  0.1169175      0.1169240      0.1169240      7.1505986E-02 -1.0071462E-02
 -9.0623021E-02 -0.1735906     -0.2589579     -0.3339656     -0.4043253    
 -0.4506668     -0.4631357     -0.3220536     -0.4247243     -0.4007334    
 -0.2888897     -0.3753021     -0.3616042     -0.2599011     -0.3358909    
 -0.3227191     -0.2339655     -0.2956529     -0.2811592     -0.2054257    
 -0.2540239     -0.2393849     -0.1777797     -0.2127925     -0.1992374    
 -0.1621808     -0.1631023     -0.1287665     -0.1242099     -9.5810547E-02
 -8.6466156E-02 -6.3518539E-02 -5.0617427E-02 -3.1492218E-02 -1.6518813E-02
 -1.0488555E-05  1.6151585E-02  3.1219214E-02  4.7596835E-02  6.2053911E-02
  7.8039832E-02  9.2299834E-02  0.1072307      0.1215323      0.1351954    
 -0.9910540     -0.9911098     -0.9911097     -0.9786701     -0.9739094    
 -0.9645345     -0.9092817     -0.8596160     -0.7973837     -0.8294950    
 -0.8917307     -0.8845275     -0.6238347     -0.8773928     -0.8852184    
 -0.6744192     -0.9138723     -0.9196249     -0.6899645     -0.9303424    
 -0.9339359     -0.7097171     -0.9435164     -0.9460444     -0.7304527    
 -0.9570392     -0.9585133     -0.7575983     -0.9665976     -0.9684997    
 -0.8624557     -0.9763882     -0.8791929     -0.9839860     -0.8989789    
 -0.9883584     -0.9209117     -0.9914448     -0.9371294     -0.9944027    
 -0.9541585     -0.9943753     -0.9698857     -0.9940912     -0.9799311    
 -0.9932995     -0.9869327     -0.9907696     -0.9908754     -0.9881036    
    7.31250E+01   ! Azimuth index:  27 in degrees
  2.7144760E-02  3.0638095E-02  3.4131426E-02  3.7624758E-02  4.1118093E-02
  4.4611424E-02  4.8104759E-02  5.1598094E-02  5.5091426E-02  5.8584761E-02
  6.2078092E-02  6.5571427E-02  6.9064766E-02  7.2558090E-02  7.6051429E-02
  7.9544768E-02  8.3038092E-02  8.6531430E-02  9.0024769E-02  9.3518093E-02
  9.7011432E-02  0.1005048      0.1039981      0.1074914      0.1109848    
  0.1144781      0.1179714      0.1214648      0.1249581      0.1284514    
  0.1328181      0.1380581      0.1432981      0.1485381      0.1537781    
  0.1590181      0.1642581      0.1694981      0.1747381      0.1799781    
  0.1852181      0.1904581      0.1956981      0.2009381      0.2061781    
  0.2114181      0.2166581      0.2218981      0.2271381      0.2323781    
  0.0000000E+00  0.0000000E+00  0.0000000E+00  2.1729549E-05  6.5223212E-05
  1.0833047E-04 -3.4858345E-04 -1.2774649E-03 -2.1360943E-03 -3.4056823E-03
 -4.9988450E-03 -6.4512468E-03 -8.2253711E-03 -1.0104306E-02 -1.1773271E-02
 -1.3700267E-02 -1.5696298E-02 -1.7531034E-02 -1.9566886E-02 -2.1653112E-02
 -2.3607137E-02 -2.5727717E-02 -2.7898613E-02 -2.9970046E-02 -3.2181185E-02
 -3.4449756E-02 -3.6651503E-02 -3.8974240E-02 -4.1366681E-02 -4.3720901E-02
 -4.6801344E-02 -5.0589204E-02 -5.4477774E-02 -5.8487117E-02 -6.2593900E-02
 -6.6813804E-02 -7.1127415E-02 -7.5545445E-02 -8.0056950E-02 -8.4667452E-02
 -8.9371786E-02 -9.4170310E-02 -9.9063419E-02 -0.1040463     -0.1091250    
 -0.1142894     -0.1195511     -0.1248949     -0.1303371     -0.1358577    
 -1.7319154E-03 -1.9583059E-03 -2.1831430E-03 -2.3952646E-03 -2.5901084E-03
 -2.7999352E-03 -2.8998398E-03 -2.7774381E-03 -2.4591847E-03 -2.8098016E-03
 -3.1007593E-03 -2.5295764E-03 -3.3776532E-03 -4.2814496E-03 -3.8335854E-03
 -4.7610244E-03 -5.6542503E-03 -5.1880432E-03 -6.1013279E-03 -7.0276451E-03
 -6.6191135E-03 -7.5309169E-03 -8.4396722E-03 -8.0851410E-03 -9.0051899E-03
 -9.9059325E-03 -9.5927715E-03 -1.0488431E-02 -1.1392172E-02 -1.1167816E-02
 -1.1988762E-02 -1.2799860E-02 -1.3603292E-02 -1.4446050E-02 -1.5258450E-02
 -1.6150970E-02 -1.6985562E-02 -1.7898241E-02 -1.8780911E-02 -1.9713014E-02
 -2.0588469E-02 -2.1559335E-02 -2.2456415E-02 -2.3431994E-02 -2.4360795E-02
 -2.5357388E-02 -2.6302107E-02 -2.7344752E-02 -2.8298028E-02 -2.9331505E-02
 -6.4523958E-02 -6.3647754E-02 -6.3647918E-02  0.1924510      0.2265856    
  0.2477605      0.3781186      0.4403496      0.5025558     -0.3854243    
  4.1267626E-02  5.5686306E-02 -0.7121611     -0.2232838     -0.2363669    
 -0.6795489     -0.1550265     -0.1535283     -0.6756357     -0.1472657    
 -0.1538342     -0.6645568     -0.1497049     -0.1612511     -0.6514103    
 -0.1399478     -0.1549026     -0.6281251     -0.1430261     -0.1495433    
 -0.4795467     -0.1418121     -0.4588599     -0.1279872     -0.4275166    
 -0.1253493     -0.3846888     -0.1204904     -0.3477088     -0.1045111    
 -0.2994573     -0.1048527     -0.2416945     -9.7738259E-02 -0.1895942    
 -8.5405834E-02 -0.1322592     -8.3113343E-02 -5.8432054E-02 -7.3485404E-02
  0.1169163      0.1169228      0.1169228      7.1507983E-02 -1.0071771E-02
 -9.0626657E-02 -0.1736006     -0.2589729     -0.3339843     -0.4043033    
 -0.4506698     -0.4631393     -0.3220335     -0.4247099     -0.4007189    
 -0.2888668     -0.3752930     -0.3615972     -0.2598813     -0.3358829    
 -0.3227110     -0.2339500     -0.2956460     -0.2811517     -0.2054086    
 -0.2540191     -0.2393791     -0.1777648     -0.2127873     -0.1992323    
 -0.1621706     -0.1630984     -0.1287573     -0.1242075     -9.5803924E-02
 -8.6464375E-02 -6.3514866E-02 -5.0616324E-02 -3.1490348E-02 -1.6518544E-02
 -1.0486692E-05  1.6151279E-02  3.1218072E-02  4.7595955E-02  6.2051892E-02
  7.8038722E-02  9.2297569E-02  0.1072290      0.1215312      0.1351937    
 -0.9910435     -0.9910994     -0.9910994     -0.9786977     -0.9739392    
 -0.9645733     -0.9093345     -0.8596658     -0.7974284     -0.8294497    
 -0.8917365     -0.8845344     -0.6237957     -0.8773631     -0.8851866    
 -0.6743658     -0.9138501     -0.9196068     -0.6899118     -0.9303201    
 -0.9339125     -0.7096701     -0.9434945     -0.9460191     -0.7303916    
 -0.9570208     -0.9584900     -0.7575345     -0.9665740     -0.9684747    
 -0.8624011     -0.9763649     -0.8791298     -0.9839674     -0.8989167    
 -0.9883378     -0.9208585     -0.9914232     -0.9370736     -0.9943865    
 -0.9541098     -0.9943566     -0.9698501     -0.9940733     -0.9798999    
 -0.9932854     -0.9869087     -0.9907543     -0.9908662     -0.9880903    
    7.59375E+01   ! Azimuth index:  28 in degrees
  2.7144760E-02  3.0638095E-02  3.4131426E-02  3.7624758E-02  4.1118093E-02
  4.4611424E-02  4.8104759E-02  5.1598094E-02  5.5091426E-02  5.8584761E-02
  6.2078092E-02  6.5571427E-02  6.9064766E-02  7.2558090E-02  7.6051429E-02
  7.9544768E-02  8.3038092E-02  8.6531430E-02  9.0024769E-02  9.3518093E-02
  9.7011432E-02  0.1005048      0.1039981      0.1074914      0.1109848    
  0.1144781      0.1179714      0.1214648      0.1249581      0.1284514    
  0.1328181      0.1380581      0.1432981      0.1485381      0.1537781    
  0.1590181      0.1642581      0.1694981      0.1747381      0.1799781    
  0.1852181      0.1904581      0.1956981      0.2009381      0.2061781    
  0.2114181      0.2166581      0.2218981      0.2271381      0.2323781    
  0.0000000E+00  0.0000000E+00  0.0000000E+00  2.1729549E-05  6.5223212E-05
  1.0833047E-04 -3.4858345E-04 -1.2774649E-03 -2.1360943E-03 -3.4056823E-03
 -4.9988450E-03 -6.4512468E-03 -8.2253711E-03 -1.0104306E-02 -1.1773271E-02
 -1.3700267E-02 -1.5696298E-02 -1.7531034E-02 -1.9566886E-02 -2.1653112E-02
 -2.3607137E-02 -2.5727717E-02 -2.7898613E-02 -2.9970046E-02 -3.2181185E-02
 -3.4449756E-02 -3.6651503E-02 -3.8974240E-02 -4.1366681E-02 -4.3720901E-02
 -4.6801344E-02 -5.0589204E-02 -5.4477774E-02 -5.8487117E-02 -6.2593900E-02
 -6.6813804E-02 -7.1127415E-02 -7.5545445E-02 -8.0056950E-02 -8.4667452E-02
 -8.9371786E-02 -9.4170310E-02 -9.9063419E-02 -0.1040463     -0.1091250    
 -0.1142894     -0.1195511     -0.1248949     -0.1303371     -0.1358577    
 -1.7350336E-03 -1.9618915E-03 -2.1872004E-03 -2.3997703E-03 -2.5950256E-03
 -2.8052980E-03 -2.9056957E-03 -2.7837656E-03 -2.4659447E-03 -2.8170266E-03
 -3.1085033E-03 -2.5378224E-03 -3.3863559E-03 -4.2906422E-03 -3.8433250E-03
 -4.7713136E-03 -5.6650909E-03 -5.1993867E-03 -6.1131669E-03 -7.0400396E-03
 -6.6320905E-03 -7.5444267E-03 -8.4536988E-03 -8.0997478E-03 -9.0203974E-03
 -9.9216951E-03 -9.6090809E-03 -1.0505341E-02 -1.1409704E-02 -1.1185979E-02
 -1.2007667E-02 -1.2819661E-02 -1.3624065E-02 -1.4467751E-02 -1.5281094E-02
 -1.6174609E-02 -1.7010169E-02 -1.7923860E-02 -1.8807597E-02 -1.9740716E-02
 -2.0617194E-02 -2.1589154E-02 -2.2487277E-02 -2.3463923E-02 -2.4393845E-02
 -2.5391527E-02 -2.6337378E-02 -2.7381208E-02 -2.8335618E-02 -2.9370241E-02
 -6.4654440E-02 -6.3780695E-02 -6.3780963E-02  0.1923365      0.2264803    
  0.2476325      0.3780082      0.4402599      0.5024844     -0.3855292    
  4.1133419E-02  5.5563834E-02 -0.7121994     -0.2234155     -0.2364987    
 -0.6796066     -0.1551688     -0.1536458     -0.6756934     -0.1474165    
 -0.1539887     -0.6646112     -0.1498533     -0.1614105     -0.6514829    
 -0.1400856     -0.1550587     -0.6282071     -0.1431951     -0.1497181    
 -0.4796535     -0.1419862     -0.4589914     -0.1281478     -0.4276597    
 -0.1255303     -0.3848326     -0.1206888     -0.3478774     -0.1046915    
 -0.2996373     -0.1050589     -0.2418665     -9.7953588E-02 -0.1897912    
 -8.5608333E-02 -0.1324782     -8.3336152E-02 -5.8635317E-02 -7.3710956E-02
  0.1169153      0.1169218      0.1169218      7.1509622E-02 -1.0072029E-02
 -9.0629727E-02 -0.1736091     -0.2589856     -0.3340004     -0.4042841    
 -0.4506721     -0.4631425     -0.3220156     -0.4246967     -0.4007057    
 -0.2888458     -0.3752845     -0.3615905     -0.2598626     -0.3358752    
 -0.3227032     -0.2339348     -0.2956393     -0.2811443     -0.2053917    
 -0.2540141     -0.2393731     -0.1777496     -0.2127821     -0.1992269    
 -0.1621598     -0.1630943     -0.1287474     -0.1242049     -9.5796749E-02
 -8.6462341E-02 -6.3510709E-02 -5.0615098E-02 -3.1488273E-02 -1.6518230E-02
 -1.0484830E-05  1.6150922E-02  3.1216724E-02  4.7595005E-02  6.2049523E-02
  7.8037322E-02  9.2294827E-02  0.1072271      0.1215298      0.1351915    
 -0.9910352     -0.9910909     -0.9910910     -0.9787201     -0.9739636    
 -0.9646059     -0.9093787     -0.8597080     -0.7974668     -0.8294104    
 -0.8917413     -0.8845404     -0.6237611     -0.8773358     -0.8851572    
 -0.6743167     -0.9138294     -0.9195898     -0.6898621     -0.9302990    
 -0.9338898     -0.7096241     -0.9434731     -0.9459941     -0.7303317    
 -0.9570020     -0.9584661     -0.7574701     -0.9665501     -0.9684488    
 -0.8623438     -0.9763402     -0.8790627     -0.9839467     -0.8988495    
 -0.9883149     -0.9207987     -0.9913992     -0.9370112     -0.9943675    
 -0.9540532     -0.9943349     -0.9698073     -0.9940522     -0.9798619    
 -0.9932680     -0.9868796     -0.9907358     -0.9908544     -0.9880739    
    7.87500E+01   ! Azimuth index:  29 in degrees
  2.7144760E-02  3.0638095E-02  3.4131426E-02  3.7624758E-02  4.1118093E-02
  4.4611424E-02  4.8104759E-02  5.1598094E-02  5.5091426E-02  5.8584761E-02
  6.2078092E-02  6.5571427E-02  6.9064766E-02  7.2558090E-02  7.6051429E-02
  7.9544768E-02  8.3038092E-02  8.6531430E-02  9.0024769E-02  9.3518093E-02
  9.7011432E-02  0.1005048      0.1039981      0.1074914      0.1109848    
  0.1144781      0.1179714      0.1214648      0.1249581      0.1284514    
  0.1328181      0.1380581      0.1432981      0.1485381      0.1537781    
  0.1590181      0.1642581      0.1694981      0.1747381      0.1799781    
  0.1852181      0.1904581      0.1956981      0.2009381      0.2061781    
  0.2114181      0.2166581      0.2218981      0.2271381      0.2323781    
  0.0000000E+00  0.0000000E+00  0.0000000E+00  2.1729549E-05  6.5223212E-05
  1.0833047E-04 -3.4858345E-04 -1.2774649E-03 -2.1360943E-03 -3.4056823E-03
 -4.9988450E-03 -6.4512468E-03 -8.2253711E-03 -1.0104306E-02 -1.1773271E-02
 -1.3700267E-02 -1.5696298E-02 -1.7531034E-02 -1.9566886E-02 -2.1653112E-02
 -2.3607137E-02 -2.5727717E-02 -2.7898613E-02 -2.9970046E-02 -3.2181185E-02
 -3.4449756E-02 -3.6651503E-02 -3.8974240E-02 -4.1366681E-02 -4.3720901E-02
 -4.6801344E-02 -5.0589204E-02 -5.4477774E-02 -5.8487117E-02 -6.2593900E-02
 -6.6813804E-02 -7.1127415E-02 -7.5545445E-02 -8.0056950E-02 -8.4667452E-02
 -8.9371786E-02 -9.4170310E-02 -9.9063419E-02 -0.1040463     -0.1091250    
 -0.1142894     -0.1195511     -0.1248949     -0.1303371     -0.1358577    
 -1.7371087E-03 -1.9643183E-03 -2.1899864E-03 -2.4028982E-03 -2.5984701E-03
 -2.8090957E-03 -2.9098908E-03 -2.7883425E-03 -2.4708756E-03 -2.8223470E-03
 -3.1142670E-03 -2.5440198E-03 -3.3929520E-03 -4.2976746E-03 -3.8508507E-03
 -4.7793365E-03 -5.6736181E-03 -5.2083810E-03 -6.1226236E-03 -7.0500206E-03
 -6.6426285E-03 -7.5554801E-03 -8.4652584E-03 -8.1118764E-03 -9.0331156E-03
 -9.9349683E-03 -9.6229091E-03 -1.0519777E-02 -1.1424768E-02 -1.1201690E-02
 -1.2024150E-02 -1.2837083E-02 -1.3642509E-02 -1.4487196E-02 -1.5301559E-02
 -1.6196154E-02 -1.7032783E-02 -1.7947592E-02 -1.8832512E-02 -1.9766774E-02
 -2.0644419E-02 -2.1617619E-02 -2.2516947E-02 -2.3494836E-02 -2.4426058E-02
 -2.5425019E-02 -2.6372202E-02 -2.7417429E-02 -2.8373200E-02 -2.9409206E-02
 -6.4751454E-02 -6.3882075E-02 -6.3882127E-02  0.1922490      0.2263987    
  0.2475293      0.3779192      0.4401869      0.5024255     -0.3856180    
  4.1017484E-02  5.5457309E-02 -0.7122331     -0.2235340     -0.2366176    
 -0.6796590     -0.1552988     -0.1537558     -0.6757475     -0.1475599    
 -0.1541378     -0.6646640     -0.1499989     -0.1615666     -0.6515540    
 -0.1402266     -0.1552169     -0.6282899     -0.1433659     -0.1498988    
 -0.4797655     -0.1421686     -0.4591306     -0.1283234     -0.4278128    
 -0.1257292     -0.3849927     -0.1209069     -0.3480648     -0.1048978    
 -0.2998417     -0.1052929     -0.2420684     -9.8202154E-02 -0.1900216    
 -8.5848384E-02 -0.1327348     -8.3598830E-02 -5.8883544E-02 -7.3981076E-02
  0.1169145      0.1169211      0.1169211      7.1510874E-02 -1.0072216E-02
 -9.0632200E-02 -0.1736159     -0.2589959     -0.3340136     -0.4042678    
 -0.4506744     -0.4631452     -0.3219999     -0.4246849     -0.4006937    
 -0.2888266     -0.3752767     -0.3615842     -0.2598451     -0.3358680    
 -0.3226956     -0.2339201     -0.2956327     -0.2811370     -0.2053751    
 -0.2540089     -0.2393671     -0.1777344     -0.2127768     -0.1992214    
 -0.1621485     -0.1630900     -0.1287370     -0.1242021     -9.5789075E-02
 -8.6460158E-02 -6.3506141E-02 -5.0613776E-02 -3.1485934E-02 -1.6517870E-02
 -1.0455027E-05  1.6150584E-02  3.1215133E-02  4.7593836E-02  6.2046692E-02
  7.8035705E-02  9.2291623E-02  0.1072247      0.1215279      0.1351887    
 -0.9910289     -0.9910845     -0.9910845     -0.9787372     -0.9739826    
 -0.9646322     -0.9094144     -0.8597422     -0.7974983     -0.8293770    
 -0.8917456     -0.8845457     -0.6237307     -0.8773114     -0.8851309    
 -0.6742720     -0.9138105     -0.9195738     -0.6898158     -0.9302789    
 -0.9338678     -0.7095795     -0.9434520     -0.9459695     -0.7302728    
 -0.9569827     -0.9584421     -0.7574049     -0.9665259     -0.9684220    
 -0.8622835     -0.9763144     -0.8789914     -0.9839243     -0.8987774    
 -0.9882898     -0.9207321     -0.9913726     -0.9369416     -0.9943458    
 -0.9539890     -0.9943101     -0.9697570     -0.9940278     -0.9798174    
 -0.9932474     -0.9868454     -0.9907140     -0.9908399     -0.9880542    
    8.15625E+01   ! Azimuth index:  30 in degrees
  2.7144760E-02  3.0638095E-02  3.4131426E-02  3.7624758E-02  4.1118093E-02
  4.4611424E-02  4.8104759E-02  5.1598094E-02  5.5091426E-02  5.8584761E-02
  6.2078092E-02  6.5571427E-02  6.9064766E-02  7.2558090E-02  7.6051429E-02
  7.9544768E-02  8.3038092E-02  8.6531430E-02  9.0024769E-02  9.3518093E-02
  9.7011432E-02  0.1005048      0.1039981      0.1074914      0.1109848    
  0.1144781      0.1179714      0.1214648      0.1249581      0.1284514    
  0.1328181      0.1380581      0.1432981      0.1485381      0.1537781    
  0.1590181      0.1642581      0.1694981      0.1747381      0.1799781    
  0.1852181      0.1904581      0.1956981      0.2009381      0.2061781    
  0.2114181      0.2166581      0.2218981      0.2271381      0.2323781    
  0.0000000E+00  0.0000000E+00  0.0000000E+00  2.1729549E-05  6.5223212E-05
  1.0833047E-04 -3.4858345E-04 -1.2774649E-03 -2.1360943E-03 -3.4056823E-03
 -4.9988450E-03 -6.4512468E-03 -8.2253711E-03 -1.0104306E-02 -1.1773271E-02
 -1.3700267E-02 -1.5696298E-02 -1.7531034E-02 -1.9566886E-02 -2.1653112E-02
 -2.3607137E-02 -2.5727717E-02 -2.7898613E-02 -2.9970046E-02 -3.2181185E-02
 -3.4449756E-02 -3.6651503E-02 -3.8974240E-02 -4.1366681E-02 -4.3720901E-02
 -4.6801344E-02 -5.0589204E-02 -5.4477774E-02 -5.8487117E-02 -6.2593900E-02
 -6.6813804E-02 -7.1127415E-02 -7.5545445E-02 -8.0056950E-02 -8.4667452E-02
 -8.9371786E-02 -9.4170310E-02 -9.9063419E-02 -0.1040463     -0.1091250    
 -0.1142894     -0.1195511     -0.1248949     -0.1303371     -0.1358577    
 -1.7381794E-03 -1.9656292E-03 -2.1915482E-03 -2.4047000E-03 -2.6004976E-03
 -2.8113872E-03 -2.9124881E-03 -2.7912350E-03 -2.4740472E-03 -2.8258357E-03
 -3.1181267E-03 -2.5482485E-03 -3.3975220E-03 -4.3026293E-03 -3.8562475E-03
 -4.7851810E-03 -5.6799222E-03 -5.2151168E-03 -6.1297920E-03 -7.0576807E-03
 -6.6508218E-03 -7.5641745E-03 -8.4744478E-03 -8.1216227E-03 -9.0434402E-03
 -9.9458508E-03 -9.6343579E-03 -1.0531842E-02 -1.1437465E-02 -1.1215046E-02
 -1.2038310E-02 -1.2852225E-02 -1.3658726E-02 -1.4504478E-02 -1.5319938E-02
 -1.6215695E-02 -1.7053491E-02 -1.7969526E-02 -1.8855736E-02 -1.9791268E-02
 -2.0670218E-02 -2.1644801E-02 -2.2545489E-02 -2.3524787E-02 -2.4457492E-02
 -2.5457919E-02 -2.6406627E-02 -2.7453452E-02 -2.8410804E-02 -2.9448418E-02
 -6.4815976E-02 -6.3952826E-02 -6.3953042E-02  0.1921874      0.2263398    
  0.2474499      0.3778507      0.4401301      0.5023785     -0.3856915    
  4.0919214E-02  5.5366930E-02 -0.7122622     -0.2236402     -0.2367246    
 -0.6797065     -0.1554189     -0.1538588     -0.6757980     -0.1476951    
 -0.1542822     -0.6647158     -0.1501412     -0.1617201     -0.6516241    
 -0.1403710     -0.1553776     -0.6283733     -0.1435382     -0.1500848    
 -0.4798828     -0.1423593     -0.4592775     -0.1285135     -0.4279764    
 -0.1259443     -0.3851686     -0.1211453     -0.3482698     -0.1051299    
 -0.3000694     -0.1055539     -0.2422994     -9.8482355E-02 -0.1902861    
 -8.6123422E-02 -0.1330279     -8.3899841E-02 -5.9175238E-02 -7.4293576E-02
  0.1169140      0.1169205      0.1169205      7.1511753E-02 -1.0072360E-02
 -9.0634093E-02 -0.1736211     -0.2590039     -0.3340242     -0.4042544    
 -0.4506762     -0.4631475     -0.3219865     -0.4246743     -0.4006830    
 -0.2888094     -0.3752696     -0.3615783     -0.2598288     -0.3358611    
 -0.3226883     -0.2339058     -0.2956263     -0.2811298     -0.2053588    
 -0.2540037     -0.2393610     -0.1777190     -0.2127714     -0.1992157    
 -0.1621366     -0.1630855     -0.1287260     -0.1241990     -9.5780864E-02
 -8.6457781E-02 -6.3501105E-02 -5.0612293E-02 -3.1483375E-02 -1.6517462E-02
 -1.0456890E-05  1.6150137E-02  3.1213244E-02  4.7592476E-02  6.2043466E-02
  7.8033835E-02  9.2287958E-02  0.1072219      0.1215258      0.1351856    
 -0.9910248     -0.9910800     -0.9910800     -0.9787492     -0.9739962    
 -0.9646524     -0.9094419     -0.8597688     -0.7975235     -0.8293495    
 -0.8917493     -0.8845502     -0.6237045     -0.8772895     -0.8851071    
 -0.6742316     -0.9137931     -0.9195589     -0.6897725     -0.9302599    
 -0.9338465     -0.7095359     -0.9434314     -0.9459454     -0.7302148    
 -0.9569630     -0.9584176     -0.7573394     -0.9665015     -0.9683945    
 -0.8622205     -0.9762874     -0.8789163     -0.9838999     -0.8987004    
 -0.9882627     -0.9206588     -0.9913436     -0.9368654     -0.9943213    
 -0.9539174     -0.9942824     -0.9696993     -0.9940001     -0.9797661    
 -0.9932237     -0.9868062     -0.9906888     -0.9908228     -0.9880311    
    8.43750E+01   ! Azimuth index:  31 in degrees
  2.7144760E-02  3.0638095E-02  3.4131426E-02  3.7624758E-02  4.1118093E-02
  4.4611424E-02  4.8104759E-02  5.1598094E-02  5.5091426E-02  5.8584761E-02
  6.2078092E-02  6.5571427E-02  6.9064766E-02  7.2558090E-02  7.6051429E-02
  7.9544768E-02  8.3038092E-02  8.6531430E-02  9.0024769E-02  9.3518093E-02
  9.7011432E-02  0.1005048      0.1039981      0.1074914      0.1109848    
  0.1144781      0.1179714      0.1214648      0.1249581      0.1284514    
  0.1328181      0.1380581      0.1432981      0.1485381      0.1537781    
  0.1590181      0.1642581      0.1694981      0.1747381      0.1799781    
  0.1852181      0.1904581      0.1956981      0.2009381      0.2061781    
  0.2114181      0.2166581      0.2218981      0.2271381      0.2323781    
  0.0000000E+00  0.0000000E+00  0.0000000E+00  2.1729549E-05  6.5223212E-05
  1.0833047E-04 -3.4858345E-04 -1.2774649E-03 -2.1360943E-03 -3.4056823E-03
 -4.9988450E-03 -6.4512468E-03 -8.2253711E-03 -1.0104306E-02 -1.1773271E-02
 -1.3700267E-02 -1.5696298E-02 -1.7531034E-02 -1.9566886E-02 -2.1653112E-02
 -2.3607137E-02 -2.5727717E-02 -2.7898613E-02 -2.9970046E-02 -3.2181185E-02
 -3.4449756E-02 -3.6651503E-02 -3.8974240E-02 -4.1366681E-02 -4.3720901E-02
 -4.6801344E-02 -5.0589204E-02 -5.4477774E-02 -5.8487117E-02 -6.2593900E-02
 -6.6813804E-02 -7.1127415E-02 -7.5545445E-02 -8.0056950E-02 -8.4667452E-02
 -8.9371786E-02 -9.4170310E-02 -9.9063419E-02 -0.1040463     -0.1091250    
 -0.1142894     -0.1195511     -0.1248949     -0.1303371     -0.1358577    
 -1.7383315E-03 -1.9659193E-03 -2.1919904E-03 -2.4052882E-03 -2.6012273E-03
 -2.8122994E-03 -2.9136217E-03 -2.7925842E-03 -2.4756065E-03 -2.8276448E-03
 -3.1202398E-03 -2.5506709E-03 -3.4002336E-03 -4.3056775E-03 -3.8596904E-03
 -4.7890255E-03 -5.6841839E-03 -5.2197771E-03 -6.1348565E-03 -7.0632081E-03
 -6.6568595E-03 -7.5706979E-03 -8.4814541E-03 -8.1291776E-03 -9.0515632E-03
 -9.9545289E-03 -9.6436106E-03 -1.0541715E-02 -1.1447975E-02 -1.1226227E-02
 -1.2050321E-02 -1.2865257E-02 -1.3672875E-02 -1.4519755E-02 -1.5336378E-02
 -1.6233368E-02 -1.7072415E-02 -1.7989770E-02 -1.8877368E-02 -1.9814285E-02
 -2.0694664E-02 -2.1670759E-02 -2.2572944E-02 -2.3553804E-02 -2.4488145E-02
 -2.5490206E-02 -2.6440619E-02 -2.7489219E-02 -2.8448343E-02 -2.9487779E-02
 -6.4850971E-02 -6.3995630E-02 -6.3995950E-02  0.1921497      0.2263018    
  0.2473925      0.3778012      0.4400883      0.5023425     -0.3857507    
  4.0837795E-02  5.5290528E-02 -0.7122869     -0.2237354     -0.2368195    
 -0.6797493     -0.1555281     -0.1539547     -0.6758452     -0.1478232    
 -0.1544213     -0.6647658     -0.1502811     -0.1618705     -0.6516927    
 -0.1405177     -0.1555398     -0.6284571     -0.1437119     -0.1502758    
 -0.4800046     -0.1425571     -0.4594309     -0.1287167     -0.4281488    
 -0.1261744     -0.3853584     -0.1214014     -0.3484906     -0.1053848    
 -0.3003179     -0.1058398     -0.2425556     -9.8791718E-02 -0.1905791    
 -8.6431473E-02 -0.1333541     -8.4234618E-02 -5.9506267E-02 -7.4644744E-02
  0.1169137      0.1169202      0.1169202      7.1512289E-02 -1.0072450E-02
 -9.0635464E-02 -0.1736249     -0.2590098     -0.3340323     -0.4042436    
 -0.4506777     -0.4631495     -0.3219749     -0.4246648     -0.4006734    
 -0.2887938     -0.3752630     -0.3615729     -0.2598135     -0.3358546    
 -0.3226811     -0.2338918     -0.2956199     -0.2811228     -0.2053429    
 -0.2539983     -0.2393548     -0.1777035     -0.2127660     -0.1992099    
 -0.1621243     -0.1630808     -0.1287145     -0.1241957     -9.5772237E-02
 -8.6455256E-02 -6.3495621E-02 -5.0610643E-02 -3.1480592E-02 -1.6517013E-02
 -1.0486692E-05  1.6149612E-02  3.1211186E-02  4.7591008E-02  6.2039871E-02
  7.8031786E-02  9.2283905E-02  0.1072189      0.1215235      0.1351820    
 -0.9910225     -0.9910773     -0.9910773     -0.9787566     -0.9740051    
 -0.9646669     -0.9094617     -0.8597885     -0.7975429     -0.8293272    
 -0.8917521     -0.8845539     -0.6236822     -0.8772699     -0.8850860    
 -0.6741952     -0.9137771     -0.9195451     -0.6897320     -0.9302419    
 -0.9338260     -0.7094935     -0.9434112     -0.9459218     -0.7301581    
 -0.9569429     -0.9583927     -0.7572736     -0.9664769     -0.9683660    
 -0.8621550     -0.9762593     -0.8788378     -0.9838737     -0.8986192    
 -0.9882335     -0.9205797     -0.9913124     -0.9367834     -0.9942943    
 -0.9538392     -0.9942521     -0.9696354     -0.9939695     -0.9797094    
 -0.9931971     -0.9867625     -0.9906607     -0.9908032     -0.9880050    
    8.71875E+01   ! Azimuth index:  32 in degrees
  2.7144760E-02  3.0638095E-02  3.4131426E-02  3.7624758E-02  4.1118093E-02
  4.4611424E-02  4.8104759E-02  5.1598094E-02  5.5091426E-02  5.8584761E-02
  6.2078092E-02  6.5571427E-02  6.9064766E-02  7.2558090E-02  7.6051429E-02
  7.9544768E-02  8.3038092E-02  8.6531430E-02  9.0024769E-02  9.3518093E-02
  9.7011432E-02  0.1005048      0.1039981      0.1074914      0.1109848    
  0.1144781      0.1179714      0.1214648      0.1249581      0.1284514    
  0.1328181      0.1380581      0.1432981      0.1485381      0.1537781    
  0.1590181      0.1642581      0.1694981      0.1747381      0.1799781    
  0.1852181      0.1904581      0.1956981      0.2009381      0.2061781    
  0.2114181      0.2166581      0.2218981      0.2271381      0.2323781    
  0.0000000E+00  0.0000000E+00  0.0000000E+00  2.1729549E-05  6.5223212E-05
  1.0833047E-04 -3.4858345E-04 -1.2774649E-03 -2.1360943E-03 -3.4056823E-03
 -4.9988450E-03 -6.4512468E-03 -8.2253711E-03 -1.0104306E-02 -1.1773271E-02
 -1.3700267E-02 -1.5696298E-02 -1.7531034E-02 -1.9566886E-02 -2.1653112E-02
 -2.3607137E-02 -2.5727717E-02 -2.7898613E-02 -2.9970046E-02 -3.2181185E-02
 -3.4449756E-02 -3.6651503E-02 -3.8974240E-02 -4.1366681E-02 -4.3720901E-02
 -4.6801344E-02 -5.0589204E-02 -5.4477774E-02 -5.8487117E-02 -6.2593900E-02
 -6.6813804E-02 -7.1127415E-02 -7.5545445E-02 -8.0056950E-02 -8.4667452E-02
 -8.9371786E-02 -9.4170310E-02 -9.9063419E-02 -0.1040463     -0.1091250    
 -0.1142894     -0.1195511     -0.1248949     -0.1303371     -0.1358577    
 -1.7376266E-03 -1.9652564E-03 -2.1913862E-03 -2.4047415E-03 -2.6007434E-03
 -2.8119204E-03 -2.9133838E-03 -2.7924867E-03 -2.4756528E-03 -2.8278772E-03
 -3.1207120E-03 -2.5513936E-03 -3.4011947E-03 -4.3069283E-03 -3.8612890E-03
 -4.7909794E-03 -5.6865131E-03 -5.2224714E-03 -6.1379252E-03 -7.0667095E-03
 -6.6608465E-03 -7.5751538E-03 -8.4863799E-03 -8.1346361E-03 -9.0575758E-03
 -9.9610938E-03 -9.6507529E-03 -1.0549478E-02 -1.1456376E-02 -1.1235302E-02
 -1.2060245E-02 -1.2876227E-02 -1.3684999E-02 -1.4533052E-02 -1.5350892E-02
 -1.6249174E-02 -1.7089546E-02 -1.8008299E-02 -1.8897370E-02 -1.9835761E-02
 -2.0717675E-02 -2.1695392E-02 -2.2599194E-02 -2.3581743E-02 -2.4517860E-02
 -2.5521699E-02 -2.6473964E-02 -2.7524497E-02 -2.8485566E-02 -2.9527001E-02
 -6.4858168E-02 -6.4012200E-02 -6.4012349E-02  0.1921344      0.2262837    
  0.2473558      0.3777697      0.4400603      0.5023169     -0.3857963    
  4.0772010E-02  5.5228107E-02 -0.7123075     -0.2238190     -0.2369034    
 -0.6797873     -0.1556276     -0.1540437     -0.6758889     -0.1479439    
 -0.1545559     -0.6648145     -0.1504168     -0.1620176     -0.6517597    
 -0.1406664     -0.1557025     -0.6285410     -0.1438848     -0.1504702    
 -0.4801295     -0.1427602     -0.4595894     -0.1289300     -0.4283284    
 -0.1264165     -0.3855598     -0.1216718     -0.3487252     -0.1056588    
 -0.3005845     -0.1061458     -0.2428346     -9.9124938E-02 -0.1908985    
 -8.6766072E-02 -0.1337088     -8.4599033E-02 -5.9871111E-02 -7.5029425E-02
  0.1169137      0.1169201      0.1169201      7.1512513E-02 -1.0072495E-02
 -9.0636335E-02 -0.1736273     -0.2590138     -0.3340380     -0.4042352    
 -0.4506789     -0.4631511     -0.3219654     -0.4246564     -0.4006650    
 -0.2887799     -0.3752571     -0.3615678     -0.2597994     -0.3358485    
 -0.3226742     -0.2338783     -0.2956137     -0.2811159     -0.2053273    
 -0.2539929     -0.2393486     -0.1776880     -0.2127606     -0.1992039    
 -0.1621117     -0.1630760     -0.1287026     -0.1241922     -9.5763177E-02
 -8.6452544E-02 -6.3489839E-02 -5.0608981E-02 -3.1477693E-02 -1.6516529E-02
 -1.0455027E-05  1.6149083E-02  3.1208940E-02  4.7589462E-02  6.2035959E-02
  7.8029551E-02  9.2279501E-02  0.1072156      0.1215208      0.1351780    
 -0.9910221     -0.9910762     -0.9910763     -0.9787596     -0.9740093    
 -0.9646763     -0.9094744     -0.8598015     -0.7975565     -0.8293101    
 -0.8917546     -0.8845570     -0.6236637     -0.8772525     -0.8850675    
 -0.6741628     -0.9137626     -0.9195321     -0.6896945     -0.9302250    
 -0.9338061     -0.7094525     -0.9433914     -0.9458987     -0.7301028    
 -0.9569224     -0.9583679     -0.7572076     -0.9664524     -0.9683371    
 -0.8620878     -0.9762304     -0.8787566     -0.9838462     -0.8985344    
 -0.9882028     -0.9204960     -0.9912793     -0.9366964     -0.9942652    
 -0.9537553     -0.9942194     -0.9695655     -0.9939363     -0.9796476    
 -0.9931682     -0.9867150     -0.9906301     -0.9907815     -0.9879765    
    9.00000E+01   ! Azimuth index:  33 in degrees
  2.7144760E-02  3.0638095E-02  3.4131426E-02  3.7624758E-02  4.1118093E-02
  4.4611424E-02  4.8104759E-02  5.1598094E-02  5.5091426E-02  5.8584761E-02
  6.2078092E-02  6.5571427E-02  6.9064766E-02  7.2558090E-02  7.6051429E-02
  7.9544768E-02  8.3038092E-02  8.6531430E-02  9.0024769E-02  9.3518093E-02
  9.7011432E-02  0.1005048      0.1039981      0.1074914      0.1109848    
  0.1144781      0.1179714      0.1214648      0.1249581      0.1284514    
  0.1328181      0.1380581      0.1432981      0.1485381      0.1537781    
  0.1590181      0.1642581      0.1694981      0.1747381      0.1799781    
  0.1852181      0.1904581      0.1956981      0.2009381      0.2061781    
  0.2114181      0.2166581      0.2218981      0.2271381      0.2323781    
  0.0000000E+00  0.0000000E+00  0.0000000E+00  2.1729549E-05  6.5223212E-05
  1.0833047E-04 -3.4858345E-04 -1.2774649E-03 -2.1360943E-03 -3.4056823E-03
 -4.9988450E-03 -6.4512468E-03 -8.2253711E-03 -1.0104306E-02 -1.1773271E-02
 -1.3700267E-02 -1.5696298E-02 -1.7531034E-02 -1.9566886E-02 -2.1653112E-02
 -2.3607137E-02 -2.5727717E-02 -2.7898613E-02 -2.9970046E-02 -3.2181185E-02
 -3.4449756E-02 -3.6651503E-02 -3.8974240E-02 -4.1366681E-02 -4.3720901E-02
 -4.6801344E-02 -5.0589204E-02 -5.4477774E-02 -5.8487117E-02 -6.2593900E-02
 -6.6813804E-02 -7.1127415E-02 -7.5545445E-02 -8.0056950E-02 -8.4667452E-02
 -8.9371786E-02 -9.4170310E-02 -9.9063419E-02 -0.1040463     -0.1091250    
 -0.1142894     -0.1195511     -0.1248949     -0.1303371     -0.1358577    
 -1.7361066E-03 -1.9636860E-03 -2.1897841E-03 -2.4031121E-03 -2.5991008E-03
 -2.8103078E-03 -2.9118340E-03 -2.7910038E-03 -2.4742498E-03 -2.8265971E-03
 -3.1196084E-03 -2.5504827E-03 -3.4004720E-03 -4.3064477E-03 -3.8611081E-03
 -4.7911075E-03 -5.6869732E-03 -5.2232621E-03 -6.1390591E-03 -7.0682429E-03
 -6.6628372E-03 -7.5775934E-03 -8.4892726E-03 -8.1380438E-03 -9.0615191E-03
 -9.9655818E-03 -9.6558174E-03 -1.0555159E-02 -1.1462687E-02 -1.1242289E-02
 -1.2068094E-02 -1.2885140E-02 -1.3695087E-02 -1.4544353E-02 -1.5363451E-02
 -1.6263071E-02 -1.7104825E-02 -1.8025041E-02 -1.8915648E-02 -1.9855592E-02
 -2.0739134E-02 -2.1718564E-02 -2.2624083E-02 -2.3608431E-02 -2.4546441E-02
 -2.5552183E-02 -2.6506431E-02 -2.7559031E-02 -2.8522190E-02 -2.9565781E-02
 -6.4838707E-02 -6.4003170E-02 -6.4003527E-02  0.1921408      0.2262844    
  0.2473395      0.3777555      0.4400462      0.5023016     -0.3858284    
  4.0721856E-02  5.5179272E-02 -0.7123239     -0.2238907     -0.2369755    
 -0.6798205     -0.1557163     -0.1541252     -0.6759290     -0.1480559    
 -0.1546837     -0.6648612     -0.1505483     -0.1621595     -0.6518244    
 -0.1408151     -0.1558643     -0.6286241     -0.1440562     -0.1506661    
 -0.4802566     -0.1429666     -0.4597517     -0.1291519     -0.4285134    
 -0.1266682     -0.3857712     -0.1219543     -0.3489700     -0.1059493    
 -0.3008664     -0.1064687     -0.2431326     -9.9479012E-02 -0.1912394    
 -8.7125577E-02 -0.1340875     -8.4988937E-02 -6.0266171E-02 -7.5442538E-02
  0.1169138      0.1169202      0.1169202      7.1512416E-02 -1.0072500E-02
 -9.0636730E-02 -0.1736284     -0.2590158     -0.3340414     -0.4042293    
 -0.4506798     -0.4631523     -0.3219577     -0.4246492     -0.4006577    
 -0.2887677     -0.3752517     -0.3615631     -0.2597865     -0.3358428    
 -0.3226677     -0.2338652     -0.2956077     -0.2811093     -0.2053123    
 -0.2539875     -0.2393424     -0.1776727     -0.2127552     -0.1991979    
 -0.1620988     -0.1630711     -0.1286905     -0.1241886     -9.5753901E-02
 -8.6449757E-02 -6.3483760E-02 -5.0607212E-02 -3.1474628E-02 -1.6516019E-02
 -1.0481104E-05  1.6148493E-02  3.1206505E-02  4.7587708E-02  6.2031724E-02
  7.8027062E-02  9.2274696E-02  0.1072120      0.1215180      0.1351739    
 -0.9910233     -0.9910768     -0.9910768     -0.9787583     -0.9740091    
 -0.9646804     -0.9094800     -0.8598082     -0.7975647     -0.8292979    
 -0.8917564     -0.8845594     -0.6236488     -0.8772376     -0.8850514    
 -0.6741344     -0.9137497     -0.9195202     -0.6896601     -0.9302092    
 -0.9337872     -0.7094129     -0.9433724     -0.9458762     -0.7300493    
 -0.9569020     -0.9583432     -0.7571421     -0.9664280     -0.9683077    
 -0.8620195     -0.9762010     -0.8786736     -0.9838175     -0.8984473    
 -0.9881709     -0.9204078     -0.9912447     -0.9366052     -0.9942344    
 -0.9536664     -0.9941849     -0.9694909     -0.9939011     -0.9795813    
 -0.9931369     -0.9866641     -0.9905970     -0.9907579     -0.9879456    
    9.28125E+01   ! Azimuth index:  34 in degrees
  2.7144760E-02  3.0638095E-02  3.4131426E-02  3.7624758E-02  4.1118093E-02
  4.4611424E-02  4.8104759E-02  5.1598094E-02  5.5091426E-02  5.8584761E-02
  6.2078092E-02  6.5571427E-02  6.9064766E-02  7.2558090E-02  7.6051429E-02
  7.9544768E-02  8.3038092E-02  8.6531430E-02  9.0024769E-02  9.3518093E-02
  9.7011432E-02  0.1005048      0.1039981      0.1074914      0.1109848    
  0.1144781      0.1179714      0.1214648      0.1249581      0.1284514    
  0.1328181      0.1380581      0.1432981      0.1485381      0.1537781    
  0.1590181      0.1642581      0.1694981      0.1747381      0.1799781    
  0.1852181      0.1904581      0.1956981      0.2009381      0.2061781    
  0.2114181      0.2166581      0.2218981      0.2271381      0.2323781    
  0.0000000E+00  0.0000000E+00  0.0000000E+00  2.1729549E-05  6.5223212E-05
  1.0833047E-04 -3.4858345E-04 -1.2774649E-03 -2.1360943E-03 -3.4056823E-03
 -4.9988450E-03 -6.4512468E-03 -8.2253711E-03 -1.0104306E-02 -1.1773271E-02
 -1.3700267E-02 -1.5696298E-02 -1.7531034E-02 -1.9566886E-02 -2.1653112E-02
 -2.3607137E-02 -2.5727717E-02 -2.7898613E-02 -2.9970046E-02 -3.2181185E-02
 -3.4449756E-02 -3.6651503E-02 -3.8974240E-02 -4.1366681E-02 -4.3720901E-02
 -4.6801344E-02 -5.0589204E-02 -5.4477774E-02 -5.8487117E-02 -6.2593900E-02
 -6.6813804E-02 -7.1127415E-02 -7.5545445E-02 -8.0056950E-02 -8.4667452E-02
 -8.9371786E-02 -9.4170310E-02 -9.9063419E-02 -0.1040463     -0.1091250    
 -0.1142894     -0.1195511     -0.1248949     -0.1303371     -0.1358577    
 -1.7338410E-03 -1.9612845E-03 -2.1872679E-03 -2.4004895E-03 -2.5963946E-03
 -2.8075618E-03 -2.9090785E-03 -2.7882464E-03 -2.4715117E-03 -2.8239232E-03
 -3.1170500E-03 -2.5480627E-03 -3.3981916E-03 -4.3043639E-03 -3.8592771E-03
 -4.7895405E-03 -5.6856950E-03 -5.2222796E-03 -6.1383885E-03 -7.0679393E-03
 -6.6629630E-03 -7.5781466E-03 -8.4902579E-03 -8.1395246E-03 -9.0635158E-03
 -9.9681104E-03 -9.6589178E-03 -1.0558867E-02 -1.1467016E-02 -1.1247288E-02
 -1.2073958E-02 -1.2892079E-02 -1.3703214E-02 -1.4553717E-02 -1.5374105E-02
 -1.6275093E-02 -1.7118275E-02 -1.8040001E-02 -1.8932197E-02 -1.9873759E-02
 -2.0758994E-02 -2.1740207E-02 -2.2647526E-02 -2.3633767E-02 -2.4573762E-02
 -2.5581509E-02 -2.6537847E-02 -2.7592624E-02 -2.8557995E-02 -2.9603871E-02
 -6.4794362E-02 -6.3970894E-02 -6.3971117E-02  0.1921671      0.2263029    
  0.2473420      0.3777577      0.4400451      0.5022962     -0.3858480    
  4.0686730E-02  5.5143628E-02 -0.7123362     -0.2239517     -0.2370366    
 -0.6798491     -0.1557947     -0.1541994     -0.6759652     -0.1481599    
 -0.1548049     -0.6649057     -0.1506741     -0.1622963     -0.6518865    
 -0.1409632     -0.1560242     -0.6287059     -0.1442249     -0.1508617    
 -0.4803849     -0.1431747     -0.4599161     -0.1293802     -0.4287019    
 -0.1269272     -0.3859895     -0.1222455     -0.3492236     -0.1062530    
 -0.3011597     -0.1068053     -0.2434462     -9.9850416E-02 -0.1915974    
 -8.7504894E-02 -0.1344864     -8.5399352E-02 -6.0685437E-02 -7.5879939E-02
  0.1169142      0.1169204      0.1169204      7.1512043E-02 -1.0072449E-02
 -9.0636663E-02 -0.1736282     -0.2590159     -0.3340426     -0.4042257    
 -0.4506805     -0.4631532     -0.3219520     -0.4246431     -0.4006516    
 -0.2887573     -0.3752470     -0.3615589     -0.2597747     -0.3358375    
 -0.3226615     -0.2338528     -0.2956020     -0.2811029     -0.2052978    
 -0.2539821     -0.2393363     -0.1776576     -0.2127499     -0.1991919    
 -0.1620858     -0.1630661     -0.1286781     -0.1241849     -9.5744438E-02
 -8.6446881E-02 -6.3477494E-02 -5.0605413E-02 -3.1471461E-02 -1.6515478E-02
 -1.0455027E-05  1.6147966E-02  3.1204045E-02  4.7585994E-02  6.2027346E-02
  7.8024492E-02  9.2269696E-02  0.1072083      0.1215149      0.1351693    
 -0.9910262     -0.9910789     -0.9910789     -0.9787533     -0.9740049    
 -0.9646797     -0.9094791     -0.8598087     -0.7975676     -0.8292905    
 -0.8917577     -0.8845611     -0.6236377     -0.8772251     -0.8850379    
 -0.6741101     -0.9137383     -0.9195095     -0.6896290     -0.9301945    
 -0.9337693     -0.7093752     -0.9433541     -0.9458547     -0.7299978    
 -0.9568816     -0.9583187     -0.7570778     -0.9664040     -0.9682786    
 -0.8619505     -0.9761714     -0.8785893     -0.9837880     -0.8983583    
 -0.9881378     -0.9203166     -0.9912089     -0.9365108     -0.9942019    
 -0.9535738     -0.9941488     -0.9694123     -0.9938639     -0.9795116    
 -0.9931037     -0.9866102     -0.9905621     -0.9907327     -0.9879127    
    9.56250E+01   ! Azimuth index:  35 in degrees
  2.7144760E-02  3.0638095E-02  3.4131426E-02  3.7624758E-02  4.1118093E-02
  4.4611424E-02  4.8104759E-02  5.1598094E-02  5.5091426E-02  5.8584761E-02
  6.2078092E-02  6.5571427E-02  6.9064766E-02  7.2558090E-02  7.6051429E-02
  7.9544768E-02  8.3038092E-02  8.6531430E-02  9.0024769E-02  9.3518093E-02
  9.7011432E-02  0.1005048      0.1039981      0.1074914      0.1109848    
  0.1144781      0.1179714      0.1214648      0.1249581      0.1284514    
  0.1328181      0.1380581      0.1432981      0.1485381      0.1537781    
  0.1590181      0.1642581      0.1694981      0.1747381      0.1799781    
  0.1852181      0.1904581      0.1956981      0.2009381      0.2061781    
  0.2114181      0.2166581      0.2218981      0.2271381      0.2323781    
  0.0000000E+00  0.0000000E+00  0.0000000E+00  2.1729549E-05  6.5223212E-05
  1.0833047E-04 -3.4858345E-04 -1.2774649E-03 -2.1360943E-03 -3.4056823E-03
 -4.9988450E-03 -6.4512468E-03 -8.2253711E-03 -1.0104306E-02 -1.1773271E-02
 -1.3700267E-02 -1.5696298E-02 -1.7531034E-02 -1.9566886E-02 -2.1653112E-02
 -2.3607137E-02 -2.5727717E-02 -2.7898613E-02 -2.9970046E-02 -3.2181185E-02
 -3.4449756E-02 -3.6651503E-02 -3.8974240E-02 -4.1366681E-02 -4.3720901E-02
 -4.6801344E-02 -5.0589204E-02 -5.4477774E-02 -5.8487117E-02 -6.2593900E-02
 -6.6813804E-02 -7.1127415E-02 -7.5545445E-02 -8.0056950E-02 -8.4667452E-02
 -8.9371786E-02 -9.4170310E-02 -9.9063419E-02 -0.1040463     -0.1091250    
 -0.1142894     -0.1195511     -0.1248949     -0.1303371     -0.1358577    
 -1.7309356E-03 -1.9581688E-03 -2.1839645E-03 -2.3970108E-03 -2.5927704E-03
 -2.8038360E-03 -2.9052785E-03 -2.7843839E-03 -2.4676146E-03 -2.8200371E-03
 -3.1132253E-03 -2.5443258E-03 -3.3945502E-03 -4.3008765E-03 -3.8559989E-03
 -4.7864821E-03 -5.6828856E-03 -5.2197315E-03 -6.1361217E-03 -7.0660058E-03
 -6.6614291E-03 -7.5770151E-03 -8.4895380E-03 -8.1392787E-03 -9.0637617E-03
 -9.9688731E-03 -9.6602421E-03 -1.0560784E-02 -1.1469540E-02 -1.1250473E-02
 -1.2078002E-02 -1.2897193E-02 -1.3709518E-02 -1.4561269E-02 -1.5382960E-02
 -1.6285334E-02 -1.7129967E-02 -1.8053232E-02 -1.8947043E-02 -1.9890264E-02
 -2.0777240E-02 -2.1760285E-02 -2.2669459E-02 -2.3657650E-02 -2.4599694E-02
 -2.5609519E-02 -2.6568018E-02 -2.7625047E-02 -2.8592717E-02 -2.9640969E-02
 -6.4728618E-02 -6.3917980E-02 -6.3918270E-02  0.1922110      0.2263368    
  0.2473613      0.3777743      0.4400555      0.5022990     -0.3858557    
  4.0665414E-02  5.5120196E-02 -0.7123449     -0.2240021     -0.2370869    
 -0.6798733     -0.1558630     -0.1542664     -0.6759981     -0.1482551    
 -0.1549190     -0.6649482     -0.1507941     -0.1624267     -0.6519461    
 -0.1411088     -0.1561808     -0.6287853     -0.1443901     -0.1510555    
 -0.4805128     -0.1433822     -0.4600808     -0.1296118     -0.4288917    
 -0.1271901     -0.3862126     -0.1225414     -0.3494819     -0.1065657    
 -0.3014607     -0.1071507     -0.2437706     -0.1002325     -0.1919685    
 -8.7897159E-02 -0.1348988     -8.5824199E-02 -6.1122797E-02 -7.6334439E-02
  0.1169147      0.1169208      0.1169208      7.1511418E-02 -1.0072377E-02
 -9.0636209E-02 -0.1736270     -0.2590145     -0.3340420     -0.4042243    
 -0.4506809     -0.4631538     -0.3219479     -0.4246381     -0.4006465    
 -0.2887485     -0.3752430     -0.3615551     -0.2597641     -0.3358327    
 -0.3226557     -0.2338410     -0.2955965     -0.2810968     -0.2052840    
 -0.2539768     -0.2393303     -0.1776429     -0.2127447     -0.1991859    
 -0.1620729     -0.1630611     -0.1286658     -0.1241811     -9.5734879E-02
 -8.6443938E-02 -6.3471042E-02 -5.0603498E-02 -3.1468198E-02 -1.6514923E-02
 -1.0451302E-05  1.6147362E-02  3.1201391E-02  4.7584116E-02  6.2022761E-02
  7.8021742E-02  9.2264444E-02  0.1072044      0.1215117      0.1351647    
 -0.9910304     -0.9910823     -0.9910822     -0.9787446     -0.9739971    
 -0.9646749     -0.9094725     -0.8598039     -0.7975661     -0.8292876    
 -0.8917584     -0.8845622     -0.6236299     -0.8772146     -0.8850266    
 -0.6740895     -0.9137284     -0.9194998     -0.6896008     -0.9301812    
 -0.9337524     -0.7093394     -0.9433365     -0.9458342     -0.7299486    
 -0.9568616     -0.9582946     -0.7570152     -0.9663805     -0.9682497    
 -0.8618816     -0.9761417     -0.8785049     -0.9837580     -0.8982688    
 -0.9881043     -0.9202235     -0.9911725     -0.9364145     -0.9941685    
 -0.9534786     -0.9941116     -0.9693309     -0.9938255     -0.9794393    
 -0.9930694     -0.9865545     -0.9905258     -0.9907063     -0.9878783    
    9.84375E+01   ! Azimuth index:  36 in degrees
  2.7144760E-02  3.0638095E-02  3.4131426E-02  3.7624758E-02  4.1118093E-02
  4.4611424E-02  4.8104759E-02  5.1598094E-02  5.5091426E-02  5.8584761E-02
  6.2078092E-02  6.5571427E-02  6.9064766E-02  7.2558090E-02  7.6051429E-02
  7.9544768E-02  8.3038092E-02  8.6531430E-02  9.0024769E-02  9.3518093E-02
  9.7011432E-02  0.1005048      0.1039981      0.1074914      0.1109848    
  0.1144781      0.1179714      0.1214648      0.1249581      0.1284514    
  0.1328181      0.1380581      0.1432981      0.1485381      0.1537781    
  0.1590181      0.1642581      0.1694981      0.1747381      0.1799781    
  0.1852181      0.1904581      0.1956981      0.2009381      0.2061781    
  0.2114181      0.2166581      0.2218981      0.2271381      0.2323781    
  0.0000000E+00  0.0000000E+00  0.0000000E+00  2.1729549E-05  6.5223212E-05
  1.0833047E-04 -3.4858345E-04 -1.2774649E-03 -2.1360943E-03 -3.4056823E-03
 -4.9988450E-03 -6.4512468E-03 -8.2253711E-03 -1.0104306E-02 -1.1773271E-02
 -1.3700267E-02 -1.5696298E-02 -1.7531034E-02 -1.9566886E-02 -2.1653112E-02
 -2.3607137E-02 -2.5727717E-02 -2.7898613E-02 -2.9970046E-02 -3.2181185E-02
 -3.4449756E-02 -3.6651503E-02 -3.8974240E-02 -4.1366681E-02 -4.3720901E-02
 -4.6801344E-02 -5.0589204E-02 -5.4477774E-02 -5.8487117E-02 -6.2593900E-02
 -6.6813804E-02 -7.1127415E-02 -7.5545445E-02 -8.0056950E-02 -8.4667452E-02
 -8.9371786E-02 -9.4170310E-02 -9.9063419E-02 -0.1040463     -0.1091250    
 -0.1142894     -0.1195511     -0.1248949     -0.1303371     -0.1358577    
 -1.7274978E-03 -1.9544570E-03 -2.1800026E-03 -2.3928145E-03 -2.5883750E-03
 -2.7992863E-03 -2.9005979E-03 -2.7795867E-03 -2.4627361E-03 -2.8151220E-03
 -3.1083222E-03 -2.5394647E-03 -3.3897441E-03 -4.2961845E-03 -3.8514745E-03
 -4.7821375E-03 -5.6787496E-03 -5.2158237E-03 -6.1324639E-03 -7.0626475E-03
 -6.6584386E-03 -7.5744018E-03 -8.4873140E-03 -8.1374990E-03 -9.0624485E-03
 -9.9680554E-03 -9.6599702E-03 -1.0561088E-02 -1.1470428E-02 -1.1252001E-02
 -1.2080377E-02 -1.2900623E-02 -1.3714122E-02 -1.4567113E-02 -1.5390104E-02
 -1.6293857E-02 -1.7139947E-02 -1.8064758E-02 -1.8960193E-02 -1.9905081E-02
 -2.0793822E-02 -2.1778718E-02 -2.2689767E-02 -2.3679940E-02 -2.4624066E-02
 -2.5636002E-02 -2.6596703E-02 -2.7656022E-02 -2.8626038E-02 -2.9676722E-02
 -6.4644635E-02 -6.3847542E-02 -6.3847728E-02  0.1922699      0.2263841    
  0.2473952      0.3778036      0.4400756      0.5023097     -0.3858536    
  4.0656477E-02  5.5107594E-02 -0.7123505     -0.2240422     -0.2371272    
 -0.6798934     -0.1559214     -0.1543254     -0.6760272     -0.1483414    
 -0.1550256     -0.6649878     -0.1509076     -0.1625498     -0.6520023    
 -0.1412505     -0.1563325     -0.6288623     -0.1445490     -0.1512450    
 -0.4806389     -0.1435865     -0.4602438     -0.1298433     -0.4290805    
 -0.1274529     -0.3864365     -0.1228387     -0.3497412     -0.1068819    
 -0.3017646     -0.1075000     -0.2440999     -0.1006201     -0.1923454    
 -8.8296905E-02 -0.1353177     -8.6256891E-02 -6.1570838E-02 -7.6797687E-02
  0.1169153      0.1169213      0.1169213      7.1510576E-02 -1.0072256E-02
 -9.0635389E-02 -0.1736247     -0.2590116     -0.3340396     -0.4042247    
 -0.4506810     -0.4631542     -0.3219453     -0.4246341     -0.4006425    
 -0.2887412     -0.3752395     -0.3615517     -0.2597547     -0.3358283    
 -0.3226502     -0.2338299     -0.2955914     -0.2810910     -0.2052709    
 -0.2539716     -0.2393245     -0.1776287     -0.2127397     -0.1991801    
 -0.1620601     -0.1630563     -0.1286535     -0.1241773     -9.5725395E-02
 -8.6440995E-02 -6.3464575E-02 -5.0601624E-02 -3.1464946E-02 -1.6514359E-02
 -1.0479242E-05  1.6146718E-02  3.1198721E-02  4.7582209E-02  6.2018059E-02
  7.8018978E-02  9.2259131E-02  0.1072003      0.1215083      0.1351600    
 -0.9910358     -0.9910867     -0.9910867     -0.9787332     -0.9739860    
 -0.9646661     -0.9094607     -0.8597944     -0.7975605     -0.8292885    
 -0.8917587     -0.8845628     -0.6236249     -0.8772064     -0.8850177    
 -0.6740724     -0.9137198     -0.9194912     -0.6895757     -0.9301690    
 -0.9337366     -0.7093059     -0.9433201     -0.9458147     -0.7299019    
 -0.9568420     -0.9582714     -0.7569546     -0.9663578     -0.9682212    
 -0.8618137     -0.9761125     -0.8784212     -0.9837279     -0.8981797    
 -0.9880707     -0.9201299     -0.9911358     -0.9363179     -0.9941345    
 -0.9533825     -0.9940739     -0.9692481     -0.9937865     -0.9793656    
 -0.9930341     -0.9864976     -0.9904886     -0.9906790     -0.9878430    
    1.01250E+02   ! Azimuth index:  37 in degrees
  2.7144760E-02  3.0638095E-02  3.4131426E-02  3.7624758E-02  4.1118093E-02
  4.4611424E-02  4.8104759E-02  5.1598094E-02  5.5091426E-02  5.8584761E-02
  6.2078092E-02  6.5571427E-02  6.9064766E-02  7.2558090E-02  7.6051429E-02
  7.9544768E-02  8.3038092E-02  8.6531430E-02  9.0024769E-02  9.3518093E-02
  9.7011432E-02  0.1005048      0.1039981      0.1074914      0.1109848    
  0.1144781      0.1179714      0.1214648      0.1249581      0.1284514    
  0.1328181      0.1380581      0.1432981      0.1485381      0.1537781    
  0.1590181      0.1642581      0.1694981      0.1747381      0.1799781    
  0.1852181      0.1904581      0.1956981      0.2009381      0.2061781    
  0.2114181      0.2166581      0.2218981      0.2271381      0.2323781    
  0.0000000E+00  0.0000000E+00  0.0000000E+00  2.1729549E-05  6.5223212E-05
  1.0833047E-04 -3.4858345E-04 -1.2774649E-03 -2.1360943E-03 -3.4056823E-03
 -4.9988450E-03 -6.4512468E-03 -8.2253711E-03 -1.0104306E-02 -1.1773271E-02
 -1.3700267E-02 -1.5696298E-02 -1.7531034E-02 -1.9566886E-02 -2.1653112E-02
 -2.3607137E-02 -2.5727717E-02 -2.7898613E-02 -2.9970046E-02 -3.2181185E-02
 -3.4449756E-02 -3.6651503E-02 -3.8974240E-02 -4.1366681E-02 -4.3720901E-02
 -4.6801344E-02 -5.0589204E-02 -5.4477774E-02 -5.8487117E-02 -6.2593900E-02
 -6.6813804E-02 -7.1127415E-02 -7.5545445E-02 -8.0056950E-02 -8.4667452E-02
 -8.9371786E-02 -9.4170310E-02 -9.9063419E-02 -0.1040463     -0.1091250    
 -0.1142894     -0.1195511     -0.1248949     -0.1303371     -0.1358577    
 -1.7236323E-03 -1.9502648E-03 -2.1755083E-03 -2.3880363E-03 -2.5833538E-03
 -2.7940648E-03 -2.8951974E-03 -2.7740246E-03 -2.4570515E-03 -2.8093592E-03
 -3.1025275E-03 -2.5336710E-03 -3.3839690E-03 -4.2904872E-03 -3.8459054E-03
 -4.7767092E-03 -5.6734937E-03 -5.2107642E-03 -6.1276229E-03 -7.0580738E-03
 -6.6541992E-03 -7.5705112E-03 -8.4837852E-03 -8.1343893E-03 -9.0597747E-03
 -9.9658538E-03 -9.6582919E-03 -1.0559960E-02 -1.1469860E-02 -1.1252050E-02
 -1.2081247E-02 -1.2902522E-02 -1.3717166E-02 -1.4571376E-02 -1.5395647E-02
 -1.6300760E-02 -1.7148294E-02 -1.8074637E-02 -1.8971680E-02 -1.9918226E-02
 -2.0808723E-02 -2.1795463E-02 -2.2708394E-02 -2.3700546E-02 -2.4646755E-02
 -2.5660813E-02 -2.6623720E-02 -2.7685337E-02 -2.8657712E-02 -2.9710842E-02
 -6.4545617E-02 -6.3762367E-02 -6.3762516E-02  0.1923414      0.2264426    
  0.2474418      0.3778436      0.4401046      0.5023268     -0.3858420    
  4.0658507E-02  5.5104837E-02 -0.7123528     -0.2240733     -0.2371580    
 -0.6799093     -0.1559702     -0.1543778     -0.6760528     -0.1484191    
 -0.1551232     -0.6650248     -0.1510137     -0.1626655     -0.6520550    
 -0.1413875     -0.1564776     -0.6289361     -0.1447009     -0.1514285    
 -0.4807617     -0.1437856     -0.4604032     -0.1300715     -0.4292659    
 -0.1277126     -0.3866587     -0.1231330     -0.3499979     -0.1071974    
 -0.3020673     -0.1078479     -0.2444303     -0.1010070     -0.1927236    
 -8.8698126E-02 -0.1357380     -8.6690210E-02 -6.2022071E-02 -7.7263638E-02
  0.1169161      0.1169220      0.1169220      7.1509555E-02 -1.0072118E-02
 -9.0634294E-02 -0.1736217     -0.2590075     -0.3340358     -0.4042268    
 -0.4506810     -0.4631543     -0.3219443     -0.4246309     -0.4006393    
 -0.2887353     -0.3752366     -0.3615487     -0.2597464     -0.3358243    
 -0.3226452     -0.2338196     -0.2955865     -0.2810856     -0.2052586    
 -0.2539666     -0.2393189     -0.1776151     -0.2127350     -0.1991744    
 -0.1620477     -0.1630515     -0.1286415     -0.1241735     -9.5716029E-02
 -8.6438075E-02 -6.3458174E-02 -5.0599791E-02 -3.1461753E-02 -1.6513795E-02
 -1.0475516E-05  1.6146075E-02  3.1196011E-02  4.7580369E-02  6.2013410E-02
  7.8016222E-02  9.2253819E-02  0.1071962      0.1215048      0.1351550    
 -0.9910420     -0.9910920     -0.9910921     -0.9787192     -0.9739724    
 -0.9646544     -0.9094447     -0.8597808     -0.7975513     -0.8292928    
 -0.8917587     -0.8845630     -0.6236228     -0.8771999     -0.8850108    
 -0.6740587     -0.9137127     -0.9194835     -0.6895538     -0.9301580    
 -0.9337220     -0.7092746     -0.9433046     -0.9457964     -0.7298585    
 -0.9568232     -0.9582490     -0.7568966     -0.9663361     -0.9681937    
 -0.8617475     -0.9760839     -0.8783395     -0.9836983     -0.8980920    
 -0.9880375     -0.9200370     -0.9910994     -0.9362221     -0.9941006    
 -0.9532866     -0.9940363     -0.9691649     -0.9937473     -0.9792916    
 -0.9929985     -0.9864403     -0.9904513     -0.9906512     -0.9878075    
    1.04062E+02   ! Azimuth index:  38 in degrees
  2.7144760E-02  3.0638095E-02  3.4131426E-02  3.7624758E-02  4.1118093E-02
  4.4611424E-02  4.8104759E-02  5.1598094E-02  5.5091426E-02  5.8584761E-02
  6.2078092E-02  6.5571427E-02  6.9064766E-02  7.2558090E-02  7.6051429E-02
  7.9544768E-02  8.3038092E-02  8.6531430E-02  9.0024769E-02  9.3518093E-02
  9.7011432E-02  0.1005048      0.1039981      0.1074914      0.1109848    
  0.1144781      0.1179714      0.1214648      0.1249581      0.1284514    
  0.1328181      0.1380581      0.1432981      0.1485381      0.1537781    
  0.1590181      0.1642581      0.1694981      0.1747381      0.1799781    
  0.1852181      0.1904581      0.1956981      0.2009381      0.2061781    
  0.2114181      0.2166581      0.2218981      0.2271381      0.2323781    
  0.0000000E+00  0.0000000E+00  0.0000000E+00  2.1729549E-05  6.5223212E-05
  1.0833047E-04 -3.4858345E-04 -1.2774649E-03 -2.1360943E-03 -3.4056823E-03
 -4.9988450E-03 -6.4512468E-03 -8.2253711E-03 -1.0104306E-02 -1.1773271E-02
 -1.3700267E-02 -1.5696298E-02 -1.7531034E-02 -1.9566886E-02 -2.1653112E-02
 -2.3607137E-02 -2.5727717E-02 -2.7898613E-02 -2.9970046E-02 -3.2181185E-02
 -3.4449756E-02 -3.6651503E-02 -3.8974240E-02 -4.1366681E-02 -4.3720901E-02
 -4.6801344E-02 -5.0589204E-02 -5.4477774E-02 -5.8487117E-02 -6.2593900E-02
 -6.6813804E-02 -7.1127415E-02 -7.5545445E-02 -8.0056950E-02 -8.4667452E-02
 -8.9371786E-02 -9.4170310E-02 -9.9063419E-02 -0.1040463     -0.1091250    
 -0.1142894     -0.1195511     -0.1248949     -0.1303371     -0.1358577    
 -1.7194294E-03 -1.9456918E-03 -2.1705902E-03 -2.3827942E-03 -2.5778315E-03
 -2.7883044E-03 -2.8892173E-03 -2.7678437E-03 -2.4507132E-03 -2.8029070E-03
 -3.0960049E-03 -2.5271135E-03 -3.3773975E-03 -4.2839604E-03 -3.8394714E-03
 -4.7703804E-03 -5.6673018E-03 -5.2047381E-03 -6.1217863E-03 -7.0524709E-03
 -6.6489000E-03 -7.5655328E-03 -8.4791416E-03 -8.1301332E-03 -9.0559246E-03
 -9.9624489E-03 -9.6553881E-03 -1.0557578E-02 -1.1468008E-02 -1.1250788E-02
 -1.2080777E-02 -1.2903046E-02 -1.3718799E-02 -1.4574197E-02 -1.5399717E-02
 -1.6306160E-02 -1.7155107E-02 -1.8082950E-02 -1.8981570E-02 -1.9929752E-02
 -2.0821985E-02 -2.1810541E-02 -2.2725329E-02 -2.3719445E-02 -2.4667718E-02
 -2.5683878E-02 -2.6648974E-02 -2.7712867E-02 -2.8687589E-02 -2.9743155E-02
 -6.4434282E-02 -6.3665107E-02 -6.3665248E-02  0.1924231      0.2265105    
  0.2474988      0.3778929      0.4401406      0.5023496     -0.3858226    
  4.0670082E-02  5.5111144E-02 -0.7123525     -0.2240954     -0.2371804    
 -0.6799218     -0.1560103     -0.1544228     -0.6760749     -0.1484884    
 -0.1552133     -0.6650589     -0.1511119     -0.1627730     -0.6521038    
 -0.1415183     -0.1566160     -0.6290056     -0.1448453     -0.1516048    
 -0.4808803     -0.1439779     -0.4605576     -0.1302952     -0.4294463    
 -0.1279669     -0.3868766     -0.1234212     -0.3502501     -0.1075090    
 -0.3023661     -0.1081906     -0.2447577     -0.1013901     -0.1930981    
 -8.9096047E-02 -0.1361544     -8.7120302E-02 -6.2471788E-02 -7.7726983E-02
  0.1169169      0.1169227      0.1169227      7.1508378E-02 -1.0071950E-02
 -9.0632923E-02 -0.1736179     -0.2590024     -0.3340306     -0.4042304    
 -0.4506808     -0.4631541     -0.3219444     -0.4246287     -0.4006371    
 -0.2887308     -0.3752341     -0.3615461     -0.2597393     -0.3358208    
 -0.3226406     -0.2338101     -0.2955821     -0.2810805     -0.2052472    
 -0.2539618     -0.2393136     -0.1776022     -0.2127304     -0.1991690    
 -0.1620356     -0.1630469     -0.1286299     -0.1241698     -9.5706955E-02
 -8.6435243E-02 -6.3451923E-02 -5.0597966E-02 -3.1458560E-02 -1.6513236E-02
 -1.0449439E-05  1.6145533E-02  3.1193392E-02  4.7578506E-02  6.2008746E-02
  7.8013450E-02  9.2248499E-02  0.1071922      0.1215014      0.1351501    
 -0.9910492     -0.9910983     -0.9910983     -0.9787031     -0.9739566    
 -0.9646399     -0.9094250     -0.8597639     -0.7975390     -0.8293000    
 -0.8917583     -0.8845627     -0.6236231     -0.8771954     -0.8850059    
 -0.6740481     -0.9137068     -0.9194770     -0.6895348     -0.9301482    
 -0.9337087     -0.7092457     -0.9432903     -0.9457794     -0.7298179    
 -0.9568051     -0.9582278     -0.7568417     -0.9663155     -0.9681671    
 -0.8616836     -0.9760563     -0.8782603     -0.9836692     -0.8980067    
 -0.9880048     -0.9199458     -0.9910636     -0.9361278     -0.9940670    
 -0.9531920     -0.9939990     -0.9690824     -0.9937084     -0.9792180    
 -0.9929631     -0.9863834     -0.9904141     -0.9906235     -0.9877717    
    1.06875E+02   ! Azimuth index:  39 in degrees
  2.7144760E-02  3.0638095E-02  3.4131426E-02  3.7624758E-02  4.1118093E-02
  4.4611424E-02  4.8104759E-02  5.1598094E-02  5.5091426E-02  5.8584761E-02
  6.2078092E-02  6.5571427E-02  6.9064766E-02  7.2558090E-02  7.6051429E-02
  7.9544768E-02  8.3038092E-02  8.6531430E-02  9.0024769E-02  9.3518093E-02
  9.7011432E-02  0.1005048      0.1039981      0.1074914      0.1109848    
  0.1144781      0.1179714      0.1214648      0.1249581      0.1284514    
  0.1328181      0.1380581      0.1432981      0.1485381      0.1537781    
  0.1590181      0.1642581      0.1694981      0.1747381      0.1799781    
  0.1852181      0.1904581      0.1956981      0.2009381      0.2061781    
  0.2114181      0.2166581      0.2218981      0.2271381      0.2323781    
  0.0000000E+00  0.0000000E+00  0.0000000E+00  2.1729549E-05  6.5223212E-05
  1.0833047E-04 -3.4858345E-04 -1.2774649E-03 -2.1360943E-03 -3.4056823E-03
 -4.9988450E-03 -6.4512468E-03 -8.2253711E-03 -1.0104306E-02 -1.1773271E-02
 -1.3700267E-02 -1.5696298E-02 -1.7531034E-02 -1.9566886E-02 -2.1653112E-02
 -2.3607137E-02 -2.5727717E-02 -2.7898613E-02 -2.9970046E-02 -3.2181185E-02
 -3.4449756E-02 -3.6651503E-02 -3.8974240E-02 -4.1366681E-02 -4.3720901E-02
 -4.6801344E-02 -5.0589204E-02 -5.4477774E-02 -5.8487117E-02 -6.2593900E-02
 -6.6813804E-02 -7.1127415E-02 -7.5545445E-02 -8.0056950E-02 -8.4667452E-02
 -8.9371786E-02 -9.4170310E-02 -9.9063419E-02 -0.1040463     -0.1091250    
 -0.1142894     -0.1195511     -0.1248949     -0.1303371     -0.1358577    
 -1.7149815E-03 -1.9408399E-03 -2.1653597E-03 -2.3772074E-03 -2.5719353E-03
 -2.7821390E-03 -2.8827982E-03 -2.7611917E-03 -2.4438747E-03 -2.7959240E-03
 -3.0889174E-03 -2.5199587E-03 -3.3701998E-03 -4.2767758E-03 -3.8323458E-03
 -4.7633266E-03 -5.6603514E-03 -5.1979222E-03 -6.1151311E-03 -7.0460173E-03
 -6.6427151E-03 -7.5596380E-03 -8.4735528E-03 -8.1248991E-03 -9.0510622E-03
 -9.9580027E-03 -9.6514113E-03 -1.0554092E-02 -1.1465019E-02 -1.1248355E-02
 -1.2079098E-02 -1.2902313E-02 -1.3719125E-02 -1.4575665E-02 -1.5402386E-02
 -1.6310109E-02 -1.7160423E-02 -1.8089725E-02 -1.8989870E-02 -1.9939641E-02
 -2.0833559E-02 -2.1823887E-02 -2.2740483E-02 -2.3736516E-02 -2.4686802E-02
 -2.5705021E-02 -2.6672257E-02 -2.7738377E-02 -2.8715396E-02 -2.9773353E-02
 -6.4313218E-02 -6.3558348E-02 -6.3558489E-02  0.1925131      0.2265857    
  0.2475646      0.3779497      0.4401832      0.5023772     -0.3857966    
  4.0690586E-02  5.5124924E-02 -0.7123497     -0.2241096     -0.2371947    
 -0.6799304     -0.1560421     -0.1544607     -0.6760936     -0.1485482    
 -0.1552942     -0.6650899     -0.1512018     -0.1628714     -0.6521487    
 -0.1416419     -0.1567457     -0.6290711     -0.1449799     -0.1517721    
 -0.4809934     -0.1441611     -0.4607054     -0.1305108     -0.4296196    
 -0.1282125     -0.3870881     -0.1236998     -0.3504944     -0.1078126    
 -0.3026566     -0.1085240     -0.2450777     -0.1017631     -0.1934642    
 -8.9485720E-02 -0.1365613     -8.7540969E-02 -6.2913537E-02 -7.8180462E-02
  0.1169178      0.1169235      0.1169235      7.1507096E-02 -1.0071775E-02
 -9.0631358E-02 -0.1736135     -0.2589964     -0.3340245     -0.4042351    
 -0.4506804     -0.4631537     -0.3219458     -0.4246274     -0.4006357    
 -0.2887276     -0.3752322     -0.3615440     -0.2597332     -0.3358177    
 -0.3226364     -0.2338015     -0.2955779     -0.2810759     -0.2052367    
 -0.2539573     -0.2393086     -0.1775901     -0.2127262     -0.1991638    
 -0.1620242     -0.1630425     -0.1286188     -0.1241663     -9.5698223E-02
 -8.6432450E-02 -6.3445807E-02 -5.0596226E-02 -3.1455517E-02 -1.6512690E-02
 -1.0445714E-05  1.6144942E-02  3.1190790E-02  4.7576688E-02  6.2004190E-02
  7.8010671E-02  9.2243239E-02  0.1071882      0.1214980      0.1351454    
 -0.9910570     -0.9911051     -0.9911051     -0.9786856     -0.9739392    
 -0.9646231     -0.9094022     -0.8597440     -0.7975243     -0.8293099    
 -0.8917575     -0.8845621     -0.6236257     -0.8771924     -0.8850026    
 -0.6740408     -0.9137022     -0.9194716     -0.6895187     -0.9301398    
 -0.9336966     -0.7092196     -0.9432771     -0.9457639     -0.7297807    
 -0.9567879     -0.9582078     -0.7567902     -0.9662963     -0.9681420    
 -0.8616226     -0.9760301     -0.8781844     -0.9836410     -0.8979248    
 -0.9879732     -0.9198573     -0.9910290     -0.9360364     -0.9940341    
 -0.9530997     -0.9939627     -0.9690016     -0.9936704     -0.9791461    
 -0.9929283     -0.9863276     -0.9903774     -0.9905959     -0.9877366    
    1.09688E+02   ! Azimuth index:  40 in degrees
  2.7144760E-02  3.0638095E-02  3.4131426E-02  3.7624758E-02  4.1118093E-02
  4.4611424E-02  4.8104759E-02  5.1598094E-02  5.5091426E-02  5.8584761E-02
  6.2078092E-02  6.5571427E-02  6.9064766E-02  7.2558090E-02  7.6051429E-02
  7.9544768E-02  8.3038092E-02  8.6531430E-02  9.0024769E-02  9.3518093E-02
  9.7011432E-02  0.1005048      0.1039981      0.1074914      0.1109848    
  0.1144781      0.1179714      0.1214648      0.1249581      0.1284514    
  0.1328181      0.1380581      0.1432981      0.1485381      0.1537781    
  0.1590181      0.1642581      0.1694981      0.1747381      0.1799781    
  0.1852181      0.1904581      0.1956981      0.2009381      0.2061781    
  0.2114181      0.2166581      0.2218981      0.2271381      0.2323781    
  0.0000000E+00  0.0000000E+00  0.0000000E+00  2.1729549E-05  6.5223212E-05
  1.0833047E-04 -3.4858345E-04 -1.2774649E-03 -2.1360943E-03 -3.4056823E-03
 -4.9988450E-03 -6.4512468E-03 -8.2253711E-03 -1.0104306E-02 -1.1773271E-02
 -1.3700267E-02 -1.5696298E-02 -1.7531034E-02 -1.9566886E-02 -2.1653112E-02
 -2.3607137E-02 -2.5727717E-02 -2.7898613E-02 -2.9970046E-02 -3.2181185E-02
 -3.4449756E-02 -3.6651503E-02 -3.8974240E-02 -4.1366681E-02 -4.3720901E-02
 -4.6801344E-02 -5.0589204E-02 -5.4477774E-02 -5.8487117E-02 -6.2593900E-02
 -6.6813804E-02 -7.1127415E-02 -7.5545445E-02 -8.0056950E-02 -8.4667452E-02
 -8.9371786E-02 -9.4170310E-02 -9.9063419E-02 -0.1040463     -0.1091250    
 -0.1142894     -0.1195511     -0.1248949     -0.1303371     -0.1358577    
 -1.7103720E-03 -1.9358010E-03 -2.1599161E-03 -2.3713827E-03 -2.5657788E-03
 -2.7756882E-03 -2.8760659E-03 -2.7541998E-03 -2.4366719E-03 -2.7885498E-03
 -3.0814088E-03 -2.5123535E-03 -3.3625248E-03 -4.2690858E-03 -3.8246822E-03
 -4.7557019E-03 -5.6527969E-03 -5.1904726E-03 -6.1078118E-03 -7.0388652E-03
 -6.6357963E-03 -7.5529777E-03 -8.4671658E-03 -8.1188316E-03 -9.0453289E-03
 -9.9526495E-03 -9.6464949E-03 -1.0549627E-02 -1.1461012E-02 -1.1244864E-02
 -1.2076314E-02 -1.2900418E-02 -1.3718227E-02 -1.4575848E-02 -1.5403710E-02
 -1.6312648E-02 -1.7164268E-02 -1.8094957E-02 -1.8996559E-02 -1.9947849E-02
 -2.0843389E-02 -2.1835409E-02 -2.2753747E-02 -2.3751624E-02 -2.4703849E-02
 -2.5724048E-02 -2.6693352E-02 -2.7761616E-02 -2.8740857E-02 -2.9801123E-02
 -6.4185321E-02 -6.3444212E-02 -6.3444398E-02  0.1926094      0.2266669    
  0.2476377      0.3780127      0.4402305      0.5024091     -0.3857644    
  4.0719219E-02  5.5145994E-02 -0.7123446     -0.2241161     -0.2372011    
 -0.6799358     -0.1560651     -0.1544918     -0.6761087     -0.1485991    
 -0.1553659     -0.6651175     -0.1512824     -0.1629600     -0.6521890    
 -0.1417567     -0.1568659     -0.6291311     -0.1451044     -0.1519279    
 -0.4810998     -0.1443333     -0.4608447     -0.1307162     -0.4297833    
 -0.1284461     -0.3872899     -0.1239653     -0.3507277     -0.1081039    
 -0.3029349     -0.1088438     -0.2453856     -0.1021221     -0.1938165    
 -8.9861520E-02 -0.1369538     -8.7945871E-02 -6.3341260E-02 -7.8618318E-02
  0.1169188      0.1169244      0.1169243      7.1505733E-02 -1.0071578E-02
 -9.0629600E-02 -0.1736087     -0.2589897     -0.3340173     -0.4042411    
 -0.4506799     -0.4631532     -0.3219481     -0.4246266     -0.4006350    
 -0.2887257     -0.3752308     -0.3615422     -0.2597283     -0.3358151    
 -0.3226328     -0.2337938     -0.2955742     -0.2810717     -0.2052273    
 -0.2539530     -0.2393040     -0.1775790     -0.2127223     -0.1991590    
 -0.1620134     -0.1630384     -0.1286083     -0.1241629     -9.5689952E-02
 -8.6429819E-02 -6.3439980E-02 -5.0594538E-02 -3.1452581E-02 -1.6512167E-02
 -1.0475516E-05  1.6144345E-02  3.1188285E-02  4.7574922E-02  6.1999805E-02
  7.8008026E-02  9.2238188E-02  0.1071844      0.1214948      0.1351407    
 -0.9910652     -0.9911122     -0.9911123     -0.9786667     -0.9739203    
 -0.9646046     -0.9093769     -0.8597217     -0.7975071     -0.8293220    
 -0.8917565     -0.8845610     -0.6236302     -0.8771911     -0.8850012    
 -0.6740363     -0.9136988     -0.9194670     -0.6895058     -0.9301325    
 -0.9336861     -0.7091962     -0.9432653     -0.9457499     -0.7297474    
 -0.9567720     -0.9581893     -0.7567428     -0.9662784     -0.9681187    
 -0.8615652     -0.9760053     -0.8781129     -0.9836142     -0.8978473    
 -0.9879430     -0.9197729     -0.9909959     -0.9359492     -0.9940025    
 -0.9530112     -0.9939277     -0.9689237     -0.9936336     -0.9790767    
 -0.9928946     -0.9862737     -0.9903419     -0.9905690     -0.9877025    
    1.12500E+02   ! Azimuth index:  41 in degrees
  2.7144760E-02  3.0638095E-02  3.4131426E-02  3.7624758E-02  4.1118093E-02
  4.4611424E-02  4.8104759E-02  5.1598094E-02  5.5091426E-02  5.8584761E-02
  6.2078092E-02  6.5571427E-02  6.9064766E-02  7.2558090E-02  7.6051429E-02
  7.9544768E-02  8.3038092E-02  8.6531430E-02  9.0024769E-02  9.3518093E-02
  9.7011432E-02  0.1005048      0.1039981      0.1074914      0.1109848    
  0.1144781      0.1179714      0.1214648      0.1249581      0.1284514    
  0.1328181      0.1380581      0.1432981      0.1485381      0.1537781    
  0.1590181      0.1642581      0.1694981      0.1747381      0.1799781    
  0.1852181      0.1904581      0.1956981      0.2009381      0.2061781    
  0.2114181      0.2166581      0.2218981      0.2271381      0.2323781    
  0.0000000E+00  0.0000000E+00  0.0000000E+00  2.1729549E-05  6.5223212E-05
  1.0833047E-04 -3.4858345E-04 -1.2774649E-03 -2.1360943E-03 -3.4056823E-03
 -4.9988450E-03 -6.4512468E-03 -8.2253711E-03 -1.0104306E-02 -1.1773271E-02
 -1.3700267E-02 -1.5696298E-02 -1.7531034E-02 -1.9566886E-02 -2.1653112E-02
 -2.3607137E-02 -2.5727717E-02 -2.7898613E-02 -2.9970046E-02 -3.2181185E-02
 -3.4449756E-02 -3.6651503E-02 -3.8974240E-02 -4.1366681E-02 -4.3720901E-02
 -4.6801344E-02 -5.0589204E-02 -5.4477774E-02 -5.8487117E-02 -6.2593900E-02
 -6.6813804E-02 -7.1127415E-02 -7.5545445E-02 -8.0056950E-02 -8.4667452E-02
 -8.9371786E-02 -9.4170310E-02 -9.9063419E-02 -0.1040463     -0.1091250    
 -0.1142894     -0.1195511     -0.1248949     -0.1303371     -0.1358577    
 -1.7056788E-03 -1.9306609E-03 -2.1543531E-03 -2.3654210E-03 -2.5594688E-03
 -2.7690656E-03 -2.8691399E-03 -2.7469932E-03 -2.4292343E-03 -2.7809185E-03
 -3.0736174E-03 -2.5044396E-03 -3.3545173E-03 -4.2610364E-03 -3.8166288E-03
 -4.7476562E-03 -5.6447899E-03 -5.1825405E-03 -6.0999803E-03 -7.0311683E-03
 -6.6282963E-03 -7.5457012E-03 -8.4601287E-03 -8.1120767E-03 -9.0388693E-03
 -9.9465307E-03 -9.6407747E-03 -1.0544319E-02 -1.1456118E-02 -1.1240441E-02
 -1.2072543E-02 -1.2897471E-02 -1.3716204E-02 -1.4574835E-02 -1.5403764E-02
 -1.6313840E-02 -1.7166683E-02 -1.8098678E-02 -1.9001650E-02 -1.9954376E-02
 -2.0851448E-02 -2.1845073E-02 -2.2765059E-02 -2.3764687E-02 -2.4718750E-02
 -2.5740836E-02 -2.6712101E-02 -2.7782405E-02 -2.8763760E-02 -2.9826231E-02
 -6.4052552E-02 -6.3324906E-02 -6.3325189E-02  0.1927102      0.2267522    
  0.2477165      0.3780805      0.4402818      0.5024441     -0.3857268    
  4.0754344E-02  5.5173364E-02 -0.7123376     -0.2241150     -0.2372003    
 -0.6799378     -0.1560799     -0.1545154     -0.6761205     -0.1486410    
 -0.1554272     -0.6651417     -0.1513535     -0.1630384     -0.6522246    
 -0.1418617     -0.1569749     -0.6291857     -0.1452174     -0.1520712    
 -0.4811982     -0.1444926     -0.4609739     -0.1309089     -0.4299364    
 -0.1286651     -0.3874797     -0.1242150     -0.3509469     -0.1083801    
 -0.3031976     -0.1091462     -0.2456785     -0.1024622     -0.1941513    
 -9.0219066E-02 -0.1373261     -8.8331163E-02 -6.3749351E-02 -7.9035930E-02
  0.1169198      0.1169252      0.1169252      7.1504280E-02 -1.0071374E-02
 -9.0627722E-02 -0.1736035     -0.2589825     -0.3340094     -0.4042479    
 -0.4506792     -0.4631525     -0.3219514     -0.4246268     -0.4006351    
 -0.2887249     -0.3752300     -0.3615409     -0.2597245     -0.3358130    
 -0.3226296     -0.2337871     -0.2955710     -0.2810680     -0.2052191    
 -0.2539492     -0.2392998     -0.1775689     -0.2127187     -0.1991546    
 -0.1620034     -0.1630345     -0.1285986     -0.1241597     -9.5682234E-02
 -8.6427353E-02 -6.3434467E-02 -5.0592914E-02 -3.1449828E-02 -1.6511666E-02
 -1.0473654E-05  1.6143775E-02  3.1185864E-02  4.7573254E-02  6.1995622E-02
  7.8005478E-02  9.2233390E-02  0.1071808      0.1214917      0.1351362    
 -0.9910737     -0.9911197     -0.9911199     -0.9786469     -0.9739004    
 -0.9645845     -0.9093497     -0.8596976     -0.7974883     -0.8293361    
 -0.8917552     -0.8845596     -0.6236365     -0.8771913     -0.8850014    
 -0.6740345     -0.9136966     -0.9194636     -0.6894956     -0.9301267    
 -0.9336770     -0.7091758     -0.9432549     -0.9457374     -0.7297180    
 -0.9567576     -0.9581725     -0.7566999     -0.9662622     -0.9680970    
 -0.8615122     -0.9759824     -0.8780464     -0.9835889     -0.8977748    
 -0.9879147     -0.9196932     -0.9909646     -0.9358671     -0.9939724    
 -0.9529278     -0.9938946     -0.9688496     -0.9935987     -0.9790107    
 -0.9928623     -0.9862224     -0.9903080     -0.9905432     -0.9876697    
    1.15312E+02   ! Azimuth index:  42 in degrees
  2.7144760E-02  3.0638095E-02  3.4131426E-02  3.7624758E-02  4.1118093E-02
  4.4611424E-02  4.8104759E-02  5.1598094E-02  5.5091426E-02  5.8584761E-02
  6.2078092E-02  6.5571427E-02  6.9064766E-02  7.2558090E-02  7.6051429E-02
  7.9544768E-02  8.3038092E-02  8.6531430E-02  9.0024769E-02  9.3518093E-02
  9.7011432E-02  0.1005048      0.1039981      0.1074914      0.1109848    
  0.1144781      0.1179714      0.1214648      0.1249581      0.1284514    
  0.1328181      0.1380581      0.1432981      0.1485381      0.1537781    
  0.1590181      0.1642581      0.1694981      0.1747381      0.1799781    
  0.1852181      0.1904581      0.1956981      0.2009381      0.2061781    
  0.2114181      0.2166581      0.2218981      0.2271381      0.2323781    
  0.0000000E+00  0.0000000E+00  0.0000000E+00  2.1729549E-05  6.5223212E-05
  1.0833047E-04 -3.4858345E-04 -1.2774649E-03 -2.1360943E-03 -3.4056823E-03
 -4.9988450E-03 -6.4512468E-03 -8.2253711E-03 -1.0104306E-02 -1.1773271E-02
 -1.3700267E-02 -1.5696298E-02 -1.7531034E-02 -1.9566886E-02 -2.1653112E-02
 -2.3607137E-02 -2.5727717E-02 -2.7898613E-02 -2.9970046E-02 -3.2181185E-02
 -3.4449756E-02 -3.6651503E-02 -3.8974240E-02 -4.1366681E-02 -4.3720901E-02
 -4.6801344E-02 -5.0589204E-02 -5.4477774E-02 -5.8487117E-02 -6.2593900E-02
 -6.6813804E-02 -7.1127415E-02 -7.5545445E-02 -8.0056950E-02 -8.4667452E-02
 -8.9371786E-02 -9.4170310E-02 -9.9063419E-02 -0.1040463     -0.1091250    
 -0.1142894     -0.1195511     -0.1248949     -0.1303371     -0.1358577    
 -1.7009669E-03 -1.9254907E-03 -2.1487474E-03 -2.3594049E-03 -2.5530928E-03
 -2.7623619E-03 -2.8621154E-03 -2.7396712E-03 -2.4216650E-03 -2.7731354E-03
 -3.0656504E-03 -2.4963259E-03 -3.3462872E-03 -4.2527383E-03 -3.8082963E-03
 -4.7392999E-03 -5.6364401E-03 -5.1742345E-03 -6.0917437E-03 -7.0230300E-03
 -6.6203149E-03 -7.5379061E-03 -8.4525365E-03 -8.1047239E-03 -9.0317680E-03
 -9.9397302E-03 -9.6343271E-03 -1.0538233E-02 -1.1450399E-02 -1.1235142E-02
 -1.2067832E-02 -1.2893505E-02 -1.3713079E-02 -1.4572632E-02 -1.5402540E-02
 -1.6313657E-02 -1.7167632E-02 -1.8100832E-02 -1.9005068E-02 -1.9959124E-02
 -2.0857619E-02 -2.1852732E-02 -2.2774255E-02 -2.3775514E-02 -2.4731293E-02
 -2.5755139E-02 -2.6728235E-02 -2.7800445E-02 -2.8783781E-02 -2.9848319E-02
 -6.3916847E-02 -6.3202150E-02 -6.3202403E-02  0.1928140      0.2268406    
  0.2477998      0.3781524      0.4403365      0.5024818     -0.3856845    
  4.0795766E-02  5.5207040E-02 -0.7123286     -0.2241068     -0.2371919    
 -0.6799366     -0.1560860     -0.1545322     -0.6761287     -0.1486725    
 -0.1554783     -0.6651619     -0.1514138     -0.1631049     -0.6522549    
 -0.1419558     -0.1570718     -0.6292335     -0.1453166     -0.1522001    
 -0.4812873     -0.1446368     -0.4610916     -0.1310857     -0.4300762    
 -0.1288665     -0.3876552     -0.1244455     -0.3511491     -0.1086368    
 -0.3034419     -0.1094266     -0.2459519     -0.1027786     -0.1944644    
 -9.0552717E-02 -0.1376737     -8.8691093E-02 -6.4132318E-02 -7.9426810E-02
  0.1169208      0.1169261      0.1169261      7.1502805E-02 -1.0071157E-02
 -9.0625726E-02 -0.1735980     -0.2589747     -0.3340010     -0.4042557    
 -0.4506785     -0.4631516     -0.3219556     -0.4246276     -0.4006360    
 -0.2887253     -0.3752296     -0.3615399     -0.2597219     -0.3358114    
 -0.3226269     -0.2337814     -0.2955682     -0.2810649     -0.2052120    
 -0.2539457     -0.2392961     -0.1775601     -0.2127156     -0.1991505    
 -0.1619944     -0.1630311     -0.1285898     -0.1241568     -9.5675185E-02
 -8.6425088E-02 -6.3429393E-02 -5.0591439E-02 -3.1447280E-02 -1.6511200E-02
 -1.0445714E-05  1.6143307E-02  3.1183664E-02  4.7571726E-02  6.1991699E-02
  7.8003086E-02  9.2228860E-02  0.1071773      0.1214887      0.1351319    
 -0.9910823     -0.9911276     -0.9911276     -0.9786267     -0.9738798    
 -0.9645633     -0.9093208     -0.8596719     -0.7974681     -0.8293521    
 -0.8917537     -0.8845580     -0.6236447     -0.8771930     -0.8850033    
 -0.6740355     -0.9136958     -0.9194611     -0.6894886     -0.9301221    
 -0.9336692     -0.7091585     -0.9432461     -0.9457269     -0.7296928    
 -0.9567445     -0.9581576     -0.7566621     -0.9662480     -0.9680776    
 -0.8614641     -0.9759617     -0.8779859     -0.9835657     -0.8977086    
 -0.9878887     -0.9196196     -0.9909358     -0.9357914     -0.9939443    
 -0.9528500     -0.9938638     -0.9687803     -0.9935661     -0.9789488    
 -0.9928322     -0.9861744     -0.9902762     -0.9905188     -0.9876390    
    1.18125E+02   ! Azimuth index:  43 in degrees
  2.7144760E-02  3.0638095E-02  3.4131426E-02  3.7624758E-02  4.1118093E-02
  4.4611424E-02  4.8104759E-02  5.1598094E-02  5.5091426E-02  5.8584761E-02
  6.2078092E-02  6.5571427E-02  6.9064766E-02  7.2558090E-02  7.6051429E-02
  7.9544768E-02  8.3038092E-02  8.6531430E-02  9.0024769E-02  9.3518093E-02
  9.7011432E-02  0.1005048      0.1039981      0.1074914      0.1109848    
  0.1144781      0.1179714      0.1214648      0.1249581      0.1284514    
  0.1328181      0.1380581      0.1432981      0.1485381      0.1537781    
  0.1590181      0.1642581      0.1694981      0.1747381      0.1799781    
  0.1852181      0.1904581      0.1956981      0.2009381      0.2061781    
  0.2114181      0.2166581      0.2218981      0.2271381      0.2323781    
  0.0000000E+00  0.0000000E+00  0.0000000E+00  2.1729549E-05  6.5223212E-05
  1.0833047E-04 -3.4858345E-04 -1.2774649E-03 -2.1360943E-03 -3.4056823E-03
 -4.9988450E-03 -6.4512468E-03 -8.2253711E-03 -1.0104306E-02 -1.1773271E-02
 -1.3700267E-02 -1.5696298E-02 -1.7531034E-02 -1.9566886E-02 -2.1653112E-02
 -2.3607137E-02 -2.5727717E-02 -2.7898613E-02 -2.9970046E-02 -3.2181185E-02
 -3.4449756E-02 -3.6651503E-02 -3.8974240E-02 -4.1366681E-02 -4.3720901E-02
 -4.6801344E-02 -5.0589204E-02 -5.4477774E-02 -5.8487117E-02 -6.2593900E-02
 -6.6813804E-02 -7.1127415E-02 -7.5545445E-02 -8.0056950E-02 -8.4667452E-02
 -8.9371786E-02 -9.4170310E-02 -9.9063419E-02 -0.1040463     -0.1091250    
 -0.1142894     -0.1195511     -0.1248949     -0.1303371     -0.1358577    
 -1.6963189E-03 -1.9203811E-03 -2.1431977E-03 -2.3534405E-03 -2.5467635E-03
 -2.7556964E-03 -2.8551170E-03 -2.7323631E-03 -2.4140973E-03 -2.7653389E-03
 -3.0576489E-03 -2.4881568E-03 -3.3379812E-03 -4.2443397E-03 -3.7998329E-03
 -4.7307825E-03 -5.6278976E-03 -5.1657050E-03 -6.0832514E-03 -7.0145982E-03
 -6.6119991E-03 -7.5297356E-03 -8.4445290E-03 -8.0969092E-03 -9.0241572E-03
 -9.9323709E-03 -9.6272733E-03 -1.0531489E-02 -1.1443965E-02 -1.1229070E-02
 -1.2062275E-02 -1.2888604E-02 -1.3708916E-02 -1.4569294E-02 -1.5400073E-02
 -1.6312120E-02 -1.7167114E-02 -1.8101398E-02 -1.9006772E-02 -1.9962031E-02
 -2.0861818E-02 -2.1858279E-02 -2.2781197E-02 -2.3783941E-02 -2.4741281E-02
 -2.5766734E-02 -2.6741505E-02 -2.7815454E-02 -2.8800603E-02 -2.9867031E-02
 -6.3780695E-02 -6.3078128E-02 -6.3078240E-02  0.1929189      0.2269305    
  0.2478860      0.3782269      0.4403936      0.5025219     -0.3856387    
  4.0843073E-02  5.5245828E-02 -0.7123177     -0.2240916     -0.2371763    
 -0.6799321     -0.1560840     -0.1545409     -0.6761330     -0.1486939    
 -0.1555175     -0.6651781     -0.1514622     -0.1631588     -0.6522796    
 -0.1420364     -0.1571546     -0.6292746     -0.1454011     -0.1523120    
 -0.4813655     -0.1447633     -0.4611957     -0.1312445     -0.4302003    
 -0.1290472     -0.3878134     -0.1246525     -0.3513314     -0.1088693    
 -0.3036631     -0.1096807     -0.2462008     -0.1030663     -0.1947493    
 -9.0858169E-02 -0.1379909     -8.9019239E-02 -6.4483985E-02 -7.9784386E-02
  0.1169218      0.1169271      0.1169271      7.1501307E-02 -1.0070940E-02
 -9.0623662E-02 -0.1735923     -0.2589667     -0.3339920     -0.4042640    
 -0.4506775     -0.4631507     -0.3219606     -0.4246291     -0.4006376    
 -0.2887270     -0.3752297     -0.3615394     -0.2597205     -0.3358103    
 -0.3226250     -0.2337769     -0.2955660     -0.2810623     -0.2052063    
 -0.2539428     -0.2392928     -0.1775524     -0.2127129     -0.1991471    
 -0.1619864     -0.1630280     -0.1285819     -0.1241542     -9.5668897E-02
 -8.6423010E-02 -6.3424826E-02 -5.0590150E-02 -3.1444982E-02 -1.6510777E-02
 -1.0473654E-05  1.6142817E-02  3.1181632E-02  4.7570307E-02  6.1988123E-02
  7.8000911E-02  9.2224747E-02  0.1071741      0.1214858      0.1351280    
 -0.9910909     -0.9911353     -0.9911354     -0.9786061     -0.9738589    
 -0.9645413     -0.9092910     -0.8596451     -0.7974467     -0.8293692    
 -0.8917519     -0.8845561     -0.6236544     -0.8771961     -0.8850068    
 -0.6740393     -0.9136960     -0.9194598     -0.6894849     -0.9301192    
 -0.9336635     -0.7091449     -0.9432391     -0.9457183     -0.7296724    
 -0.9567333     -0.9581448     -0.7566297     -0.9662359     -0.9680606    
 -0.8614219     -0.9759434     -0.8779323     -0.9835449     -0.8976498    
 -0.9878654     -0.9195532     -0.9909099     -0.9357230     -0.9939190    
 -0.9527795     -0.9938357     -0.9687172     -0.9935364     -0.9788924    
 -0.9928045     -0.9861305     -0.9902470     -0.9904964     -0.9876107    
    1.20938E+02   ! Azimuth index:  44 in degrees
  2.7144760E-02  3.0638095E-02  3.4131426E-02  3.7624758E-02  4.1118093E-02
  4.4611424E-02  4.8104759E-02  5.1598094E-02  5.5091426E-02  5.8584761E-02
  6.2078092E-02  6.5571427E-02  6.9064766E-02  7.2558090E-02  7.6051429E-02
  7.9544768E-02  8.3038092E-02  8.6531430E-02  9.0024769E-02  9.3518093E-02
  9.7011432E-02  0.1005048      0.1039981      0.1074914      0.1109848    
  0.1144781      0.1179714      0.1214648      0.1249581      0.1284514    
  0.1328181      0.1380581      0.1432981      0.1485381      0.1537781    
  0.1590181      0.1642581      0.1694981      0.1747381      0.1799781    
  0.1852181      0.1904581      0.1956981      0.2009381      0.2061781    
  0.2114181      0.2166581      0.2218981      0.2271381      0.2323781    
  0.0000000E+00  0.0000000E+00  0.0000000E+00  2.1729549E-05  6.5223212E-05
  1.0833047E-04 -3.4858345E-04 -1.2774649E-03 -2.1360943E-03 -3.4056823E-03
 -4.9988450E-03 -6.4512468E-03 -8.2253711E-03 -1.0104306E-02 -1.1773271E-02
 -1.3700267E-02 -1.5696298E-02 -1.7531034E-02 -1.9566886E-02 -2.1653112E-02
 -2.3607137E-02 -2.5727717E-02 -2.7898613E-02 -2.9970046E-02 -3.2181185E-02
 -3.4449756E-02 -3.6651503E-02 -3.8974240E-02 -4.1366681E-02 -4.3720901E-02
 -4.6801344E-02 -5.0589204E-02 -5.4477774E-02 -5.8487117E-02 -6.2593900E-02
 -6.6813804E-02 -7.1127415E-02 -7.5545445E-02 -8.0056950E-02 -8.4667452E-02
 -8.9371786E-02 -9.4170310E-02 -9.9063419E-02 -0.1040463     -0.1091250    
 -0.1142894     -0.1195511     -0.1248949     -0.1303371     -0.1358577    
 -1.6918815E-03 -1.9154943E-03 -2.1378812E-03 -2.3477185E-03 -2.5406838E-03
 -2.7492833E-03 -2.8483714E-03 -2.7253078E-03 -2.4067799E-03 -2.7577856E-03
 -3.0498796E-03 -2.4802056E-03 -3.3298796E-03 -4.2361263E-03 -3.7915302E-03
 -4.7224006E-03 -5.6194612E-03 -5.1572528E-03 -6.0748062E-03 -7.0061786E-03
 -6.6036545E-03 -7.5214952E-03 -8.4364088E-03 -8.0889352E-03 -9.0163369E-03
 -9.9247526E-03 -9.6199038E-03 -1.0524371E-02 -1.1437098E-02 -1.1222500E-02
 -1.2056137E-02 -1.2883020E-02 -1.3703957E-02 -1.4565038E-02 -1.5396567E-02
 -1.6309414E-02 -1.7165288E-02 -1.8100513E-02 -1.9006871E-02 -1.9963179E-02
 -2.0864096E-02 -2.1861732E-02 -2.2785876E-02 -2.3789924E-02 -2.4748638E-02
 -2.5775505E-02 -2.6751749E-02 -2.7827227E-02 -2.8813979E-02 -2.9882083E-02
 -6.3648552E-02 -6.2956862E-02 -6.2957101E-02  0.1930216      0.2270188    
  0.2479724      0.3783011      0.4404509      0.5025626     -0.3855910    
  4.0893633E-02  5.5288166E-02 -0.7123058     -0.2240701     -0.2371546    
 -0.6799249     -0.1560743     -0.1545426     -0.6761338     -0.1487053    
 -0.1555452     -0.6651899     -0.1514990     -0.1631995     -0.6522982    
 -0.1421038     -0.1572216     -0.6293076     -0.1454694     -0.1524052    
 -0.4814316     -0.1448702     -0.4612838     -0.1313811     -0.4303067    
 -0.1292033     -0.3879507     -0.1248314     -0.3514893     -0.1090736    
 -0.3038558     -0.1099026     -0.2464205     -0.1033185     -0.1950003    
 -9.1126673E-02 -0.1382701     -8.9308269E-02 -6.4795583E-02 -8.0099992E-02
  0.1169228      0.1169280      0.1169280      7.1499810E-02 -1.0070731E-02
 -9.0621591E-02 -0.1735866     -0.2589585     -0.3339829     -0.4042728    
 -0.4506767     -0.4631495     -0.3219662     -0.4246312     -0.4006397    
 -0.2887296     -0.3752303     -0.3615393     -0.2597202     -0.3358097    
 -0.3226235     -0.2337736     -0.2955643     -0.2810605     -0.2052019    
 -0.2539403     -0.2392902     -0.1775464     -0.2127108     -0.1991442    
 -0.1619797     -0.1630254     -0.1285753     -0.1241519     -9.5663533E-02
 -8.6421244E-02 -6.3420855E-02 -5.0588973E-02 -3.1442963E-02 -1.6510405E-02
 -1.0473654E-05  1.6142420E-02  3.1179802E-02  4.7569014E-02  6.1984967E-02
  7.7999011E-02  9.2221178E-02  0.1071714      0.1214834      0.1351247    
 -0.9910994     -0.9911429     -0.9911429     -0.9785860     -0.9738383    
 -0.9645193     -0.9092612     -0.8596181     -0.7974248     -0.8293872    
 -0.8917502     -0.8845540     -0.6236652     -0.8772006     -0.8850116    
 -0.6740454     -0.9136975     -0.9194596     -0.6894842     -0.9301175    
 -0.9336593     -0.7091349     -0.9432337     -0.9457119     -0.7296569    
 -0.9567240     -0.9581344     -0.7566037     -0.9662261     -0.9680467    
 -0.8613862     -0.9759279     -0.8778871     -0.9835269     -0.8975995    
 -0.9878451     -0.9194955     -0.9908874     -0.9356637     -0.9938965    
 -0.9527180     -0.9938112     -0.9686614     -0.9935102     -0.9788426    
 -0.9927799     -0.9860917     -0.9902213     -0.9904763     -0.9875856    
    1.23750E+02   ! Azimuth index:  45 in degrees
  2.7144760E-02  3.0638095E-02  3.4131426E-02  3.7624758E-02  4.1118093E-02
  4.4611424E-02  4.8104759E-02  5.1598094E-02  5.5091426E-02  5.8584761E-02
  6.2078092E-02  6.5571427E-02  6.9064766E-02  7.2558090E-02  7.6051429E-02
  7.9544768E-02  8.3038092E-02  8.6531430E-02  9.0024769E-02  9.3518093E-02
  9.7011432E-02  0.1005048      0.1039981      0.1074914      0.1109848    
  0.1144781      0.1179714      0.1214648      0.1249581      0.1284514    
  0.1328181      0.1380581      0.1432981      0.1485381      0.1537781    
  0.1590181      0.1642581      0.1694981      0.1747381      0.1799781    
  0.1852181      0.1904581      0.1956981      0.2009381      0.2061781    
  0.2114181      0.2166581      0.2218981      0.2271381      0.2323781    
  0.0000000E+00  0.0000000E+00  0.0000000E+00  2.1729549E-05  6.5223212E-05
  1.0833047E-04 -3.4858345E-04 -1.2774649E-03 -2.1360943E-03 -3.4056823E-03
 -4.9988450E-03 -6.4512468E-03 -8.2253711E-03 -1.0104306E-02 -1.1773271E-02
 -1.3700267E-02 -1.5696298E-02 -1.7531034E-02 -1.9566886E-02 -2.1653112E-02
 -2.3607137E-02 -2.5727717E-02 -2.7898613E-02 -2.9970046E-02 -3.2181185E-02
 -3.4449756E-02 -3.6651503E-02 -3.8974240E-02 -4.1366681E-02 -4.3720901E-02
 -4.6801344E-02 -5.0589204E-02 -5.4477774E-02 -5.8487117E-02 -6.2593900E-02
 -6.6813804E-02 -7.1127415E-02 -7.5545445E-02 -8.0056950E-02 -8.4667452E-02
 -8.9371786E-02 -9.4170310E-02 -9.9063419E-02 -0.1040463     -0.1091250    
 -0.1142894     -0.1195511     -0.1248949     -0.1303371     -0.1358577    
 -1.6877516E-03 -1.9109376E-03 -2.1329145E-03 -2.3423648E-03 -2.5349883E-03
 -2.7432654E-03 -2.8420291E-03 -2.7186621E-03 -2.3998762E-03 -2.7506449E-03
 -3.0425163E-03 -2.4726517E-03 -3.3221650E-03 -4.2282837E-03 -3.7835762E-03
 -4.7143437E-03 -5.6113247E-03 -5.1490734E-03 -6.0666045E-03 -6.9979671E-03
 -6.5954756E-03 -7.5133787E-03 -8.4283696E-03 -8.0809928E-03 -9.0084970E-03
 -9.9170581E-03 -9.6124001E-03 -1.0517055E-02 -1.1429971E-02 -1.1215601E-02
 -1.2049580E-02 -1.2876902E-02 -1.3698339E-02 -1.4559992E-02 -1.5392135E-02
 -1.6305637E-02 -1.7162235E-02 -1.8098239E-02 -1.9005410E-02 -1.9962594E-02
 -2.0864455E-02 -2.1863077E-02 -2.2788249E-02 -2.3793399E-02 -2.4753269E-02
 -2.5781333E-02 -2.6758824E-02 -2.7835593E-02 -2.8823704E-02 -2.9893231E-02
 -6.3523345E-02 -6.2841333E-02 -6.2841505E-02  0.1931196      0.2271035    
  0.2480566      0.3783738      0.4405071      0.5026028     -0.3855424    
  4.0946830E-02  5.5332862E-02 -0.7122930     -0.2240431     -0.2371280    
 -0.6799150     -0.1560575     -0.1545372     -0.6761311     -0.1487068    
 -0.1555607     -0.6651973     -0.1515228     -0.1632266     -0.6523105    
 -0.1421550     -0.1572726     -0.6293323     -0.1455204     -0.1524783    
 -0.4814842     -0.1449550     -0.4613548     -0.1314935     -0.4303930    
 -0.1293315     -0.3880647     -0.1249790     -0.3516203     -0.1092447    
 -0.3040172     -0.1100882     -0.2466056     -0.1035306     -0.1952124    
 -9.1354169E-02 -0.1385059     -8.9552395E-02 -6.5060943E-02 -8.0368094E-02
  0.1169237      0.1169288      0.1169288      7.1498424E-02 -1.0070522E-02
 -9.0619579E-02 -0.1735811     -0.2589506     -0.3339738     -0.4042817    
 -0.4506757     -0.4631484     -0.3219721     -0.4246340     -0.4006424    
 -0.2887333     -0.3752313     -0.3615396     -0.2597210     -0.3358096    
 -0.3226227     -0.2337715     -0.2955632     -0.2810591     -0.2051990    
 -0.2539384     -0.2392883     -0.1775418     -0.2127091     -0.1991419    
 -0.1619744     -0.1630234     -0.1285699     -0.1241500     -9.5659167E-02
 -8.6419798E-02 -6.3417539E-02 -5.0588001E-02 -3.1441312E-02 -1.6510094E-02
 -1.0473654E-05  1.6142089E-02  3.1178292E-02  4.7567926E-02  6.1982267E-02
  7.7997379E-02  9.2218101E-02  0.1071690      0.1214813      0.1351217    
 -0.9911072     -0.9911502     -0.9911502     -0.9785667     -0.9738186    
 -0.9644978     -0.9092321     -0.8595918     -0.7974033     -0.8294054    
 -0.8917482     -0.8845518     -0.6236767     -0.8772062     -0.8850175    
 -0.6740539     -0.9136999     -0.9194605     -0.6894865     -0.9301173    
 -0.9336571     -0.7091286     -0.9432302     -0.9457076     -0.7296467    
 -0.9567170     -0.9581265     -0.7565843     -0.9662187     -0.9680356    
 -0.8613578     -0.9759157     -0.8778505     -0.9835122     -0.8975585    
 -0.9878284     -0.9194476     -0.9908689     -0.9356145     -0.9938778    
 -0.9526666     -0.9937907     -0.9686143     -0.9934882     -0.9788004    
 -0.9927591     -0.9860588     -0.9901996     -0.9904591     -0.9875643    
    1.26562E+02   ! Azimuth index:  46 in degrees
  2.7144760E-02  3.0638095E-02  3.4131426E-02  3.7624758E-02  4.1118093E-02
  4.4611424E-02  4.8104759E-02  5.1598094E-02  5.5091426E-02  5.8584761E-02
  6.2078092E-02  6.5571427E-02  6.9064766E-02  7.2558090E-02  7.6051429E-02
  7.9544768E-02  8.3038092E-02  8.6531430E-02  9.0024769E-02  9.3518093E-02
  9.7011432E-02  0.1005048      0.1039981      0.1074914      0.1109848    
  0.1144781      0.1179714      0.1214648      0.1249581      0.1284514    
  0.1328181      0.1380581      0.1432981      0.1485381      0.1537781    
  0.1590181      0.1642581      0.1694981      0.1747381      0.1799781    
  0.1852181      0.1904581      0.1956981      0.2009381      0.2061781    
  0.2114181      0.2166581      0.2218981      0.2271381      0.2323781    
  0.0000000E+00  0.0000000E+00  0.0000000E+00  2.1729549E-05  6.5223212E-05
  1.0833047E-04 -3.4858345E-04 -1.2774649E-03 -2.1360943E-03 -3.4056823E-03
 -4.9988450E-03 -6.4512468E-03 -8.2253711E-03 -1.0104306E-02 -1.1773271E-02
 -1.3700267E-02 -1.5696298E-02 -1.7531034E-02 -1.9566886E-02 -2.1653112E-02
 -2.3607137E-02 -2.5727717E-02 -2.7898613E-02 -2.9970046E-02 -3.2181185E-02
 -3.4449756E-02 -3.6651503E-02 -3.8974240E-02 -4.1366681E-02 -4.3720901E-02
 -4.6801344E-02 -5.0589204E-02 -5.4477774E-02 -5.8487117E-02 -6.2593900E-02
 -6.6813804E-02 -7.1127415E-02 -7.5545445E-02 -8.0056950E-02 -8.4667452E-02
 -8.9371786E-02 -9.4170310E-02 -9.9063419E-02 -0.1040463     -0.1091250    
 -0.1142894     -0.1195511     -0.1248949     -0.1303371     -0.1358577    
 -1.6839555E-03 -1.9067395E-03 -2.1283294E-03 -2.3374138E-03 -2.5297129E-03
 -2.7376805E-03 -2.8361299E-03 -2.7124684E-03 -2.3934296E-03 -2.7439620E-03
 -3.0356064E-03 -2.4655429E-03 -3.3148872E-03 -4.2208619E-03 -3.7760222E-03
 -4.7066649E-03 -5.6035402E-03 -5.1412191E-03 -6.0586985E-03 -6.9900164E-03
 -6.5875147E-03 -7.5054374E-03 -8.4204618E-03 -8.0731306E-03 -9.0006851E-03
 -9.9093374E-03 -9.6048098E-03 -1.0509590E-02 -1.1422629E-02 -1.1208416E-02
 -1.2042644E-02 -1.2870289E-02 -1.3692100E-02 -1.4554190E-02 -1.5386806E-02
 -1.6300812E-02 -1.7157979E-02 -1.8094594E-02 -1.9002406E-02 -1.9960284E-02
 -2.0862900E-02 -2.1862306E-02 -2.2788309E-02 -2.3794344E-02 -2.4755146E-02
 -2.5784180E-02 -2.6762681E-02 -2.7840499E-02 -2.8829720E-02 -2.9900413E-02
 -6.3405819E-02 -6.2732100E-02 -6.2732369E-02  0.1932124      0.2271840    
  0.2481381      0.3784442      0.4405618      0.5026428     -0.3854930    
  4.1001648E-02  5.5379532E-02 -0.7122792     -0.2240114     -0.2370958    
 -0.6799028     -0.1560334     -0.1545254     -0.6761251     -0.1486978    
 -0.1555647     -0.6652001     -0.1515340     -0.1632400     -0.6523165    
 -0.1421906     -0.1573070     -0.6293483     -0.1455539     -0.1525301    
 -0.4815229     -0.1450177     -0.4614080     -0.1315808     -0.4304591    
 -0.1294311     -0.3881541     -0.1250949     -0.3517232     -0.1093815    
 -0.3041460     -0.1102364     -0.2467553     -0.1037012     -0.1953836    
 -9.1538988E-02 -0.1386967     -8.9750662E-02 -6.5278716E-02 -8.0586672E-02
  0.1169246      0.1169296      0.1169296      7.1497090E-02 -1.0070328E-02
 -9.0617627E-02 -0.1735757     -0.2589428     -0.3339649     -0.4042907    
 -0.4506746     -0.4631472     -0.3219785     -0.4246371     -0.4006456    
 -0.2887377     -0.3752328     -0.3615402     -0.2597230     -0.3358101    
 -0.3226225     -0.2337708     -0.2955627     -0.2810585     -0.2051977    
 -0.2539371     -0.2392870     -0.1775388     -0.2127081     -0.1991403    
 -0.1619705     -0.1630219     -0.1285659     -0.1241486     -9.5655851E-02
 -8.6418688E-02 -6.3414946E-02 -5.0587252E-02 -3.1440016E-02 -1.6509842E-02
 -1.0443851E-05  1.6141877E-02  3.1177092E-02  4.7567084E-02  6.1980117E-02
  7.7996053E-02  9.2215620E-02  0.1071671      0.1214795      0.1351192    
 -0.9911146     -0.9911569     -0.9911570     -0.9785485     -0.9737998    
 -0.9644771     -0.9092037     -0.8595662     -0.7973819     -0.8294239    
 -0.8917462     -0.8845496     -0.6236891     -0.8772128     -0.8850247    
 -0.6740644     -0.9137035     -0.9194621     -0.6894916     -0.9301186    
 -0.9336565     -0.7091263     -0.9432285     -0.9457055     -0.7296418    
 -0.9567120     -0.9581212     -0.7565715     -0.9662139     -0.9680277    
 -0.8613368     -0.9759067     -0.8778232     -0.9835007     -0.8975271    
 -0.9878155     -0.9194100     -0.9908543     -0.9355760     -0.9938627    
 -0.9526254     -0.9937743     -0.9685761     -0.9934704     -0.9787665    
 -0.9927422     -0.9860323     -0.9901818     -0.9904450     -0.9875467    
    1.29375E+02   ! Azimuth index:  47 in degrees
  2.7144760E-02  3.0638095E-02  3.4131426E-02  3.7624758E-02  4.1118093E-02
  4.4611424E-02  4.8104759E-02  5.1598094E-02  5.5091426E-02  5.8584761E-02
  6.2078092E-02  6.5571427E-02  6.9064766E-02  7.2558090E-02  7.6051429E-02
  7.9544768E-02  8.3038092E-02  8.6531430E-02  9.0024769E-02  9.3518093E-02
  9.7011432E-02  0.1005048      0.1039981      0.1074914      0.1109848    
  0.1144781      0.1179714      0.1214648      0.1249581      0.1284514    
  0.1328181      0.1380581      0.1432981      0.1485381      0.1537781    
  0.1590181      0.1642581      0.1694981      0.1747381      0.1799781    
  0.1852181      0.1904581      0.1956981      0.2009381      0.2061781    
  0.2114181      0.2166581      0.2218981      0.2271381      0.2323781    
  0.0000000E+00  0.0000000E+00  0.0000000E+00  2.1729549E-05  6.5223212E-05
  1.0833047E-04 -3.4858345E-04 -1.2774649E-03 -2.1360943E-03 -3.4056823E-03
 -4.9988450E-03 -6.4512468E-03 -8.2253711E-03 -1.0104306E-02 -1.1773271E-02
 -1.3700267E-02 -1.5696298E-02 -1.7531034E-02 -1.9566886E-02 -2.1653112E-02
 -2.3607137E-02 -2.5727717E-02 -2.7898613E-02 -2.9970046E-02 -3.2181185E-02
 -3.4449756E-02 -3.6651503E-02 -3.8974240E-02 -4.1366681E-02 -4.3720901E-02
 -4.6801344E-02 -5.0589204E-02 -5.4477774E-02 -5.8487117E-02 -6.2593900E-02
 -6.6813804E-02 -7.1127415E-02 -7.5545445E-02 -8.0056950E-02 -8.4667452E-02
 -8.9371786E-02 -9.4170310E-02 -9.9063419E-02 -0.1040463     -0.1091250    
 -0.1142894     -0.1195511     -0.1248949     -0.1303371     -0.1358577    
 -1.6805110E-03 -1.9029203E-03 -2.1241473E-03 -2.3328890E-03 -2.5248826E-03
 -2.7325554E-03 -2.8307019E-03 -2.7067563E-03 -2.3874710E-03 -2.7377689E-03
 -3.0291821E-03 -2.4589137E-03 -3.3080801E-03 -4.2138970E-03 -3.7689053E-03
 -4.6994016E-03 -5.5961465E-03 -5.1337276E-03 -6.0511269E-03 -6.9823656E-03
 -6.5798126E-03 -7.4977120E-03 -8.4127262E-03 -8.0653913E-03 -8.9929430E-03
 -9.9016326E-03 -9.5971730E-03 -1.0502014E-02 -1.1415110E-02 -1.1200983E-02
 -1.2035368E-02 -1.2863221E-02 -1.3685274E-02 -1.4547666E-02 -1.5380610E-02
 -1.6294967E-02 -1.7152546E-02 -1.8089604E-02 -1.8997878E-02 -1.9956268E-02
 -2.0859446E-02 -2.1859437E-02 -2.2786060E-02 -2.3792766E-02 -2.4754275E-02
 -2.5784049E-02 -2.6763324E-02 -2.7841937E-02 -2.8832011E-02 -2.9903606E-02
 -6.3296802E-02 -6.2629849E-02 -6.2630065E-02  0.1932994      0.2272599    
  0.2482167      0.3785118      0.4406148      0.5026816     -0.3854436    
  4.1057885E-02  5.5428561E-02 -0.7122648     -0.2239746     -0.2370595    
 -0.6798881     -0.1560027     -0.1545060     -0.6761158     -0.1486795    
 -0.1555557     -0.6651985     -0.1515321     -0.1632394     -0.6523162    
 -0.1422110     -0.1573242     -0.6293559     -0.1455697     -0.1525611    
 -0.4815480     -0.1450575     -0.4614433     -0.1316430     -0.4305040    
 -0.1295020     -0.3882195     -0.1251780     -0.3517981     -0.1094841    
 -0.3042414     -0.1103463     -0.2468697     -0.1038292     -0.1955141    
 -9.1680475E-02 -0.1388418     -8.9901678E-02 -6.5447658E-02 -8.0755152E-02
  0.1169254      0.1169304      0.1169304      7.1495853E-02 -1.0070145E-02
 -9.0615742E-02 -0.1735705     -0.2589353     -0.3339561     -0.4042997    
 -0.4506736     -0.4631459     -0.3219853     -0.4246409     -0.4006493    
 -0.2887431     -0.3752346     -0.3615414     -0.2597260     -0.3358110    
 -0.3226230     -0.2337712     -0.2955628     -0.2810585     -0.2051977    
 -0.2539364     -0.2392863     -0.1775375     -0.2127076     -0.1991393    
 -0.1619679     -0.1630209     -0.1285632     -0.1241475     -9.5653571E-02
 -8.6417854E-02 -6.3413054E-02 -5.0586745E-02 -3.1439066E-02 -1.6509656E-02
 -1.0469928E-05  1.6141623E-02  3.1176157E-02  4.7566511E-02  6.1978508E-02
  7.7995032E-02  9.2213713E-02  0.1071656      0.1214782      0.1351175    
 -0.9911216     -0.9911634     -0.9911634     -0.9785314     -0.9737821    
 -0.9644570     -0.9091766     -0.8595412     -0.7973610     -0.8294425    
 -0.8917440     -0.8845471     -0.6237022     -0.8772204     -0.8850327    
 -0.6740769     -0.9137079     -0.9194649     -0.6894997     -0.9301212    
 -0.9336578     -0.7091275     -0.9432289     -0.9457057     -0.7296420    
 -0.9567092     -0.9581186     -0.7565657     -0.9662117     -0.9680231    
 -0.8613234     -0.9759009     -0.8778050     -0.9834925     -0.8975058    
 -0.9878063     -0.9193826     -0.9908440     -0.9355478     -0.9938514    
 -0.9525949     -0.9937621     -0.9685470     -0.9934571     -0.9787405    
 -0.9927292     -0.9860120     -0.9901683     -0.9904341     -0.9875332    
    1.32188E+02   ! Azimuth index:  48 in degrees
  2.7144760E-02  3.0638095E-02  3.4131426E-02  3.7624758E-02  4.1118093E-02
  4.4611424E-02  4.8104759E-02  5.1598094E-02  5.5091426E-02  5.8584761E-02
  6.2078092E-02  6.5571427E-02  6.9064766E-02  7.2558090E-02  7.6051429E-02
  7.9544768E-02  8.3038092E-02  8.6531430E-02  9.0024769E-02  9.3518093E-02
  9.7011432E-02  0.1005048      0.1039981      0.1074914      0.1109848    
  0.1144781      0.1179714      0.1214648      0.1249581      0.1284514    
  0.1328181      0.1380581      0.1432981      0.1485381      0.1537781    
  0.1590181      0.1642581      0.1694981      0.1747381      0.1799781    
  0.1852181      0.1904581      0.1956981      0.2009381      0.2061781    
  0.2114181      0.2166581      0.2218981      0.2271381      0.2323781    
  0.0000000E+00  0.0000000E+00  0.0000000E+00  2.1729549E-05  6.5223212E-05
  1.0833047E-04 -3.4858345E-04 -1.2774649E-03 -2.1360943E-03 -3.4056823E-03
 -4.9988450E-03 -6.4512468E-03 -8.2253711E-03 -1.0104306E-02 -1.1773271E-02
 -1.3700267E-02 -1.5696298E-02 -1.7531034E-02 -1.9566886E-02 -2.1653112E-02
 -2.3607137E-02 -2.5727717E-02 -2.7898613E-02 -2.9970046E-02 -3.2181185E-02
 -3.4449756E-02 -3.6651503E-02 -3.8974240E-02 -4.1366681E-02 -4.3720901E-02
 -4.6801344E-02 -5.0589204E-02 -5.4477774E-02 -5.8487117E-02 -6.2593900E-02
 -6.6813804E-02 -7.1127415E-02 -7.5545445E-02 -8.0056950E-02 -8.4667452E-02
 -8.9371786E-02 -9.4170310E-02 -9.9063419E-02 -0.1040463     -0.1091250    
 -0.1142894     -0.1195511     -0.1248949     -0.1303371     -0.1358577    
 -1.6774450E-03 -1.8995091E-03 -2.1204003E-03 -2.3288243E-03 -2.5205344E-03
 -2.7279286E-03 -2.8257864E-03 -2.7015684E-03 -2.3820456E-03 -2.7321123E-03
 -3.0232922E-03 -2.4528124E-03 -3.3017951E-03 -4.2074407E-03 -3.7622761E-03
 -4.6926048E-03 -5.5891946E-03 -5.1266532E-03 -6.0439426E-03 -6.9750682E-03
 -6.5724216E-03 -7.4902554E-03 -8.4052160E-03 -8.0578243E-03 -8.9853201E-03
 -9.8939901E-03 -9.5895389E-03 -1.0494376E-02 -1.1407463E-02 -1.1193350E-02
 -1.2027794E-02 -1.2855735E-02 -1.3677899E-02 -1.4540451E-02 -1.5373577E-02
 -1.6288131E-02 -1.7145956E-02 -1.8083282E-02 -1.8991834E-02 -1.9950546E-02
 -2.0854093E-02 -2.1854458E-02 -2.2781491E-02 -2.3788646E-02 -2.4750628E-02
 -2.5780905E-02 -2.6760701E-02 -2.7839856E-02 -2.8830521E-02 -2.9902741E-02
 -6.3196890E-02 -6.2535107E-02 -6.2535338E-02  0.1933799      0.2273308    
  0.2482917      0.3785766      0.4406656      0.5027194     -0.3853940    
  4.1115548E-02  5.5478971E-02 -0.7122497     -0.2239332     -0.2370178    
 -0.6798710     -0.1559647     -0.1544802     -0.6761030     -0.1486509    
 -0.1555353     -0.6651924     -0.1515175     -0.1632243     -0.6523095    
 -0.1422150     -0.1573244     -0.6293547     -0.1455672     -0.1525710    
 -0.4815585     -0.1450744     -0.4614602     -0.1316787     -0.4305279    
 -0.1295435     -0.3882595     -0.1252279     -0.3518433     -0.1095512    
 -0.3043032     -0.1104168     -0.2469466     -0.1039139     -0.1956028    
 -9.1776565E-02 -0.1389403     -9.0003744E-02 -6.5566704E-02 -8.0870524E-02
  0.1169262      0.1169311      0.1169311      7.1494676E-02 -1.0069974E-02
 -9.0613946E-02 -0.1735655     -0.2589281     -0.3339476     -0.4043088    
 -0.4506725     -0.4631446     -0.3219923     -0.4246450     -0.4006535    
 -0.2887493     -0.3752368     -0.3615429     -0.2597302     -0.3358125    
 -0.3226240     -0.2337728     -0.2955634     -0.2810592     -0.2051993    
 -0.2539362     -0.2392863     -0.1775376     -0.2127077     -0.1991390    
 -0.1619668     -0.1630205     -0.1285620     -0.1241470     -9.5652364E-02
 -8.6417377E-02 -6.3411899E-02 -5.0586425E-02 -3.1438500E-02 -1.6509533E-02
 -1.0468066E-05  1.6141495E-02  3.1175526E-02  4.7566056E-02  6.1977357E-02
  7.7994339E-02  9.2212424E-02  0.1071646      0.1214772      0.1351161    
 -0.9911278     -0.9911693     -0.9911693     -0.9785156     -0.9737656    
 -0.9644378     -0.9091506     -0.8595173     -0.7973408     -0.8294612    
 -0.8917420     -0.8845447     -0.6237158     -0.8772289     -0.8850420    
 -0.6740914     -0.9137135     -0.9194687     -0.6895106     -0.9301252    
 -0.9336608     -0.7091327     -0.9432309     -0.9457080     -0.7296475    
 -0.9567087     -0.9581186     -0.7565666     -0.9662121     -0.9680215    
 -0.8613176     -0.9758984     -0.8777963     -0.9834878     -0.8974946    
 -0.9878008     -0.9193658     -0.9908376     -0.9355308     -0.9938440    
 -0.9525753     -0.9937543     -0.9685274     -0.9934483     -0.9787229    
 -0.9927204     -0.9859982     -0.9901590     -0.9904264     -0.9875240    
    1.35000E+02   ! Azimuth index:  49 in degrees
  2.7144760E-02  3.0638095E-02  3.4131426E-02  3.7624758E-02  4.1118093E-02
  4.4611424E-02  4.8104759E-02  5.1598094E-02  5.5091426E-02  5.8584761E-02
  6.2078092E-02  6.5571427E-02  6.9064766E-02  7.2558090E-02  7.6051429E-02
  7.9544768E-02  8.3038092E-02  8.6531430E-02  9.0024769E-02  9.3518093E-02
  9.7011432E-02  0.1005048      0.1039981      0.1074914      0.1109848    
  0.1144781      0.1179714      0.1214648      0.1249581      0.1284514    
  0.1328181      0.1380581      0.1432981      0.1485381      0.1537781    
  0.1590181      0.1642581      0.1694981      0.1747381      0.1799781    
  0.1852181      0.1904581      0.1956981      0.2009381      0.2061781    
  0.2114181      0.2166581      0.2218981      0.2271381      0.2323781    
  0.0000000E+00  0.0000000E+00  0.0000000E+00  2.1729549E-05  6.5223212E-05
  1.0833047E-04 -3.4858345E-04 -1.2774649E-03 -2.1360943E-03 -3.4056823E-03
 -4.9988450E-03 -6.4512468E-03 -8.2253711E-03 -1.0104306E-02 -1.1773271E-02
 -1.3700267E-02 -1.5696298E-02 -1.7531034E-02 -1.9566886E-02 -2.1653112E-02
 -2.3607137E-02 -2.5727717E-02 -2.7898613E-02 -2.9970046E-02 -3.2181185E-02
 -3.4449756E-02 -3.6651503E-02 -3.8974240E-02 -4.1366681E-02 -4.3720901E-02
 -4.6801344E-02 -5.0589204E-02 -5.4477774E-02 -5.8487117E-02 -6.2593900E-02
 -6.6813804E-02 -7.1127415E-02 -7.5545445E-02 -8.0056950E-02 -8.4667452E-02
 -8.9371786E-02 -9.4170310E-02 -9.9063419E-02 -0.1040463     -0.1091250    
 -0.1142894     -0.1195511     -0.1248949     -0.1303371     -0.1358577    
 -1.6747983E-03 -1.8965517E-03 -2.1171386E-03 -2.3252745E-03 -2.5167265E-03
 -2.7238624E-03 -2.8214483E-03 -2.6969737E-03 -2.3772246E-03 -2.7270662E-03
 -3.0180137E-03 -2.4473199E-03 -3.2961136E-03 -4.2015761E-03 -3.7562221E-03
 -4.6863640E-03 -5.5827769E-03 -5.1200865E-03 -6.0372390E-03 -6.9682184E-03
 -6.5654372E-03 -7.4831620E-03 -8.3980244E-03 -8.0505284E-03 -8.9779161E-03
 -9.8865088E-03 -9.5820017E-03 -1.0486769E-02 -1.1399781E-02 -1.1185609E-02
 -1.2020014E-02 -1.2847924E-02 -1.3670063E-02 -1.4532633E-02 -1.5365792E-02
 -1.6280383E-02 -1.7138284E-02 -1.8075699E-02 -1.8984344E-02 -1.9943187E-02
 -2.0846892E-02 -2.1847419E-02 -2.2774646E-02 -2.3782020E-02 -2.4744231E-02
 -2.5774766E-02 -2.6754828E-02 -2.7834257E-02 -2.8825238E-02 -2.9897802E-02
 -6.3107274E-02 -6.2449355E-02 -6.2449507E-02  0.1934531      0.2273955    
  0.2483622      0.3786373      0.4407138      0.5027559     -0.3853453    
  4.1173618E-02  5.5530556E-02 -0.7122339     -0.2238875     -0.2369720    
 -0.6798518     -0.1559214     -0.1544472     -0.6760871     -0.1486128    
 -0.1555031     -0.6651818     -0.1514906     -0.1631959     -0.6522964    
 -0.1422026     -0.1573071     -0.6293448     -0.1455468     -0.1525587    
 -0.4815549     -0.1450678     -0.4614584     -0.1316880     -0.4305299    
 -0.1295545     -0.3882738     -0.1252434     -0.3518588     -0.1095815    
 -0.3043295     -0.1104471     -0.2469857     -0.1039539     -0.1956469    
 -9.1826536E-02 -0.1389897     -9.0055987E-02 -6.5633282E-02 -8.0933042E-02
  0.1169268      0.1169317      0.1169317      7.1493633E-02 -1.0069821E-02
 -9.0612255E-02 -0.1735609     -0.2589213     -0.3339394     -0.4043177    
 -0.4506714     -0.4631433     -0.3219996     -0.4246496     -0.4006581    
 -0.2887564     -0.3752395     -0.3615447     -0.2597353     -0.3358144    
 -0.3226257     -0.2337759     -0.2955647     -0.2810606     -0.2052024    
 -0.2539366     -0.2392870     -0.1775395     -0.2127083     -0.1991394    
 -0.1619672     -0.1630207     -0.1285621     -0.1241468     -9.5652245E-02
 -8.6417243E-02 -6.3411459E-02 -5.0586298E-02 -3.1438306E-02 -1.6509479E-02
 -1.0441989E-05  1.6141498E-02  3.1175207E-02  4.7565822E-02  6.1976798E-02
  7.7993989E-02  9.2211783E-02  0.1071641      0.1214768      0.1351155    
 -0.9911335     -0.9911746     -0.9911746     -0.9785013     -0.9737504    
 -0.9644199     -0.9091262     -0.8594947     -0.7973211     -0.8294794    
 -0.8917399     -0.8845420     -0.6237300     -0.8772384     -0.8850522    
 -0.6741078     -0.9137198     -0.9194735     -0.6895244     -0.9301307    
 -0.9336656     -0.7091417     -0.9432349     -0.9457125     -0.7296584    
 -0.9567103     -0.9581212     -0.7565744     -0.9662150     -0.9680234    
 -0.8613196     -0.9758994     -0.8777972     -0.9834866     -0.8974935    
 -0.9877995     -0.9193599     -0.9908356     -0.9355251     -0.9938407    
 -0.9525669     -0.9937509     -0.9685175     -0.9934441     -0.9787141    
 -0.9927159     -0.9859912     -0.9901544     -0.9904220     -0.9875190    
    1.37812E+02   ! Azimuth index:  50 in degrees
  2.7144760E-02  3.0638095E-02  3.4131426E-02  3.7624758E-02  4.1118093E-02
  4.4611424E-02  4.8104759E-02  5.1598094E-02  5.5091426E-02  5.8584761E-02
  6.2078092E-02  6.5571427E-02  6.9064766E-02  7.2558090E-02  7.6051429E-02
  7.9544768E-02  8.3038092E-02  8.6531430E-02  9.0024769E-02  9.3518093E-02
  9.7011432E-02  0.1005048      0.1039981      0.1074914      0.1109848    
  0.1144781      0.1179714      0.1214648      0.1249581      0.1284514    
  0.1328181      0.1380581      0.1432981      0.1485381      0.1537781    
  0.1590181      0.1642581      0.1694981      0.1747381      0.1799781    
  0.1852181      0.1904581      0.1956981      0.2009381      0.2061781    
  0.2114181      0.2166581      0.2218981      0.2271381      0.2323781    
  0.0000000E+00  0.0000000E+00  0.0000000E+00  2.1729549E-05  6.5223212E-05
  1.0833047E-04 -3.4858345E-04 -1.2774649E-03 -2.1360943E-03 -3.4056823E-03
 -4.9988450E-03 -6.4512468E-03 -8.2253711E-03 -1.0104306E-02 -1.1773271E-02
 -1.3700267E-02 -1.5696298E-02 -1.7531034E-02 -1.9566886E-02 -2.1653112E-02
 -2.3607137E-02 -2.5727717E-02 -2.7898613E-02 -2.9970046E-02 -3.2181185E-02
 -3.4449756E-02 -3.6651503E-02 -3.8974240E-02 -4.1366681E-02 -4.3720901E-02
 -4.6801344E-02 -5.0589204E-02 -5.4477774E-02 -5.8487117E-02 -6.2593900E-02
 -6.6813804E-02 -7.1127415E-02 -7.5545445E-02 -8.0056950E-02 -8.4667452E-02
 -8.9371786E-02 -9.4170310E-02 -9.9063419E-02 -0.1040463     -0.1091250    
 -0.1142894     -0.1195511     -0.1248949     -0.1303371     -0.1358577    
 -1.6726347E-03 -1.8941191E-03 -2.1144408E-03 -2.3223253E-03 -2.5135500E-03
 -2.7204538E-03 -2.8177921E-03 -2.6930831E-03 -2.3731247E-03 -2.7227527E-03
 -3.0134742E-03 -2.4425690E-03 -3.2911734E-03 -4.1964464E-03 -3.7508893E-03
 -4.6808301E-03 -5.5770483E-03 -5.1141880E-03 -6.0311798E-03 -6.9619827E-03
 -6.5590292E-03 -7.4766059E-03 -8.3913282E-03 -8.0436785E-03 -8.9709088E-03
 -9.8793702E-03 -9.5747486E-03 -1.0479383E-02 -1.1392254E-02 -1.1177950E-02
 -1.2012223E-02 -1.2839979E-02 -1.3661958E-02 -1.4524404E-02 -1.5357446E-02
 -1.6271915E-02 -1.7129723E-02 -1.8067047E-02 -1.8975593E-02 -1.9934371E-02
 -2.0838030E-02 -2.1838497E-02 -2.2765696E-02 -2.3773052E-02 -2.4735246E-02
 -2.5765786E-02 -2.6745856E-02 -2.7825287E-02 -2.8816305E-02 -2.9888924E-02
 -6.3030466E-02 -6.2374514E-02 -6.2374674E-02  0.1935170      0.2274527    
  0.2484264      0.3786926      0.4407579      0.5027896     -0.3852985    
  4.1230872E-02  5.5581555E-02 -0.7122183     -0.2238388     -0.2369231    
 -0.6798310     -0.1558717     -0.1544090     -0.6760683     -0.1485663    
 -0.1554594     -0.6651670     -0.1514508     -0.1631542     -0.6522774    
 -0.1421748     -0.1572729     -0.6293264     -0.1455084     -0.1525252    
 -0.4815368     -0.1450380     -0.4614380     -0.1316703     -0.4305105    
 -0.1295348     -0.3882619     -0.1252241     -0.3518443     -0.1095746    
 -0.3043199     -0.1104365     -0.2469853     -0.1039476     -0.1956469    
 -9.1829114E-02 -0.1389895     -9.0056829E-02 -6.5646455E-02 -8.0939963E-02
  0.1169274      0.1169323      0.1169322      7.1492702E-02 -1.0069685E-02
 -9.0610705E-02 -0.1735566     -0.2589151     -0.3339319     -0.4043263    
 -0.4506704     -0.4631420     -0.3220069     -0.4246545     -0.4006630    
 -0.2887639     -0.3752425     -0.3615469     -0.2597415     -0.3358168    
 -0.3226279     -0.2337800     -0.2955665     -0.2810625     -0.2052068    
 -0.2539377     -0.2392883     -0.1775429     -0.2127095     -0.1991404    
 -0.1619691     -0.1630214     -0.1285636     -0.1241471     -9.5653221E-02
 -8.6417459E-02 -6.3411810E-02 -5.0586447E-02 -3.1438515E-02 -1.6509490E-02
 -1.0441989E-05  1.6141489E-02  3.1175183E-02  4.7565855E-02  6.1976798E-02
  7.7993996E-02  9.2211828E-02  0.1071642      0.1214766      0.1351153    
 -0.9911383     -0.9911792     -0.9911792     -0.9784886     -0.9737371    
 -0.9644034     -0.9091039     -0.8594739     -0.7973031     -0.8294970    
 -0.8917377     -0.8845395     -0.6237441     -0.8772485     -0.8850630    
 -0.6741256     -0.9137271     -0.9194791     -0.6895405     -0.9301372    
 -0.9336721     -0.7091542     -0.9432408     -0.9457191     -0.7296742    
 -0.9567142     -0.9581265     -0.7565889     -0.9662204     -0.9680285    
 -0.8613294     -0.9759037     -0.8778077     -0.9834889     -0.8975027    
 -0.9878020     -0.9193649     -0.9908381     -0.9355305     -0.9938415    
 -0.9525700     -0.9937521     -0.9685177     -0.9934447     -0.9787141    
 -0.9927157     -0.9859914     -0.9901543     -0.9904211     -0.9875183    
    1.40625E+02   ! Azimuth index:  51 in degrees
  2.7144760E-02  3.0638095E-02  3.4131426E-02  3.7624758E-02  4.1118093E-02
  4.4611424E-02  4.8104759E-02  5.1598094E-02  5.5091426E-02  5.8584761E-02
  6.2078092E-02  6.5571427E-02  6.9064766E-02  7.2558090E-02  7.6051429E-02
  7.9544768E-02  8.3038092E-02  8.6531430E-02  9.0024769E-02  9.3518093E-02
  9.7011432E-02  0.1005048      0.1039981      0.1074914      0.1109848    
  0.1144781      0.1179714      0.1214648      0.1249581      0.1284514    
  0.1328181      0.1380581      0.1432981      0.1485381      0.1537781    
  0.1590181      0.1642581      0.1694981      0.1747381      0.1799781    
  0.1852181      0.1904581      0.1956981      0.2009381      0.2061781    
  0.2114181      0.2166581      0.2218981      0.2271381      0.2323781    
  0.0000000E+00  0.0000000E+00  0.0000000E+00  2.1729549E-05  6.5223212E-05
  1.0833047E-04 -3.4858345E-04 -1.2774649E-03 -2.1360943E-03 -3.4056823E-03
 -4.9988450E-03 -6.4512468E-03 -8.2253711E-03 -1.0104306E-02 -1.1773271E-02
 -1.3700267E-02 -1.5696298E-02 -1.7531034E-02 -1.9566886E-02 -2.1653112E-02
 -2.3607137E-02 -2.5727717E-02 -2.7898613E-02 -2.9970046E-02 -3.2181185E-02
 -3.4449756E-02 -3.6651503E-02 -3.8974240E-02 -4.1366681E-02 -4.3720901E-02
 -4.6801344E-02 -5.0589204E-02 -5.4477774E-02 -5.8487117E-02 -6.2593900E-02
 -6.6813804E-02 -7.1127415E-02 -7.5545445E-02 -8.0056950E-02 -8.4667452E-02
 -8.9371786E-02 -9.4170310E-02 -9.9063419E-02 -0.1040463     -0.1091250    
 -0.1142894     -0.1195511     -0.1248949     -0.1303371     -0.1358577    
 -1.6710195E-03 -1.8922845E-03 -2.1123870E-03 -2.3200638E-03 -2.5110992E-03
 -2.7178039E-03 -2.8149255E-03 -2.6900102E-03 -2.3698648E-03 -2.7192966E-03
 -3.0098041E-03 -2.4386947E-03 -3.2871147E-03 -4.1921944E-03 -3.7464264E-03
 -4.6761567E-03 -5.5721654E-03 -5.1091183E-03 -6.0259281E-03 -6.9565289E-03
 -6.5533686E-03 -7.4707605E-03 -8.3853044E-03 -8.0374554E-03 -8.9644808E-03
 -9.8727588E-03 -9.5679620E-03 -1.0472400E-02 -1.1385068E-02 -1.1170560E-02
 -1.2004606E-02 -1.2832090E-02 -1.3653778E-02 -1.4515954E-02 -1.5348727E-02
 -1.6262913E-02 -1.7120456E-02 -1.8057505E-02 -1.8965758E-02 -1.9924272E-02
 -2.0827672E-02 -2.1827862E-02 -2.2754803E-02 -2.3761902E-02 -2.4723826E-02
 -2.5754115E-02 -2.6733922E-02 -2.7813075E-02 -2.8803842E-02 -2.9876214E-02
 -6.2968425E-02 -6.2312782E-02 -6.2312908E-02  0.1935700      0.2275007    
  0.2484826      0.3787411      0.4407970      0.5028203     -0.3852548    
  4.1285690E-02  5.5631176E-02 -0.7122027     -0.2237880     -0.2368723    
 -0.6798088     -0.1558186     -0.1543660     -0.6760472     -0.1485117    
 -0.1554054     -0.6651481     -0.1514000     -0.1630996     -0.6522527    
 -0.1421310     -0.1572228     -0.6292996     -0.1454533     -0.1524707    
 -0.4815045     -0.1449852     -0.4613989     -0.1316254     -0.4304692    
 -0.1294845     -0.3882234     -0.1251700     -0.3517984     -0.1095299    
 -0.3042741     -0.1103838     -0.2469452     -0.1038947     -0.1956006    
 -9.1782726E-02 -0.1389384     -9.0005144E-02 -6.5604255E-02 -8.0889687E-02
  0.1169279      0.1169327      0.1169327      7.1491949E-02 -1.0069568E-02
 -9.0609372E-02 -0.1735529     -0.2589096     -0.3339249     -0.4043343    
 -0.4506694     -0.4631407     -0.3220141     -0.4246595     -0.4006681    
 -0.2887720     -0.3752457     -0.3615494     -0.2597483     -0.3358196    
 -0.3226307     -0.2337852     -0.2955689     -0.2810651     -0.2052125    
 -0.2539393     -0.2392902     -0.1775479     -0.2127112     -0.1991422    
 -0.1619723     -0.1630227     -0.1285666     -0.1241478     -9.5655337E-02
 -8.6418062E-02 -6.3412949E-02 -5.0586797E-02 -3.1439066E-02 -1.6509572E-02
 -1.0441989E-05  1.6141584E-02  3.1175507E-02  4.7566153E-02  6.1977416E-02
  7.7994257E-02  9.2212409E-02  0.1071646      0.1214770      0.1351161    
 -0.9911422     -0.9911830     -0.9911830     -0.9784782     -0.9737259    
 -0.9643891     -0.9090844     -0.8594556     -0.7972866     -0.8295134    
 -0.8917357     -0.8845372     -0.6237581     -0.8772589     -0.8850744    
 -0.6741445     -0.9137348     -0.9194853     -0.6895586     -0.9301449    
 -0.9336801     -0.7091702     -0.9432482     -0.9457278     -0.7296947    
 -0.9567203     -0.9581342     -0.7566101     -0.9662284     -0.9680367    
 -0.8613468     -0.9759114     -0.8778279     -0.9834948     -0.8975224    
 -0.9878086     -0.9193810     -0.9908449     -0.9355477     -0.9938464    
 -0.9525846     -0.9937579     -0.9685279     -0.9934502     -0.9787232    
 -0.9927199     -0.9859985     -0.9901589     -0.9904239     -0.9875224    
    1.43438E+02   ! Azimuth index:  52 in degrees
  2.7144760E-02  3.0638095E-02  3.4131426E-02  3.7624758E-02  4.1118093E-02
  4.4611424E-02  4.8104759E-02  5.1598094E-02  5.5091426E-02  5.8584761E-02
  6.2078092E-02  6.5571427E-02  6.9064766E-02  7.2558090E-02  7.6051429E-02
  7.9544768E-02  8.3038092E-02  8.6531430E-02  9.0024769E-02  9.3518093E-02
  9.7011432E-02  0.1005048      0.1039981      0.1074914      0.1109848    
  0.1144781      0.1179714      0.1214648      0.1249581      0.1284514    
  0.1328181      0.1380581      0.1432981      0.1485381      0.1537781    
  0.1590181      0.1642581      0.1694981      0.1747381      0.1799781    
  0.1852181      0.1904581      0.1956981      0.2009381      0.2061781    
  0.2114181      0.2166581      0.2218981      0.2271381      0.2323781    
  0.0000000E+00  0.0000000E+00  0.0000000E+00  2.1729549E-05  6.5223212E-05
  1.0833047E-04 -3.4858345E-04 -1.2774649E-03 -2.1360943E-03 -3.4056823E-03
 -4.9988450E-03 -6.4512468E-03 -8.2253711E-03 -1.0104306E-02 -1.1773271E-02
 -1.3700267E-02 -1.5696298E-02 -1.7531034E-02 -1.9566886E-02 -2.1653112E-02
 -2.3607137E-02 -2.5727717E-02 -2.7898613E-02 -2.9970046E-02 -3.2181185E-02
 -3.4449756E-02 -3.6651503E-02 -3.8974240E-02 -4.1366681E-02 -4.3720901E-02
 -4.6801344E-02 -5.0589204E-02 -5.4477774E-02 -5.8487117E-02 -6.2593900E-02
 -6.6813804E-02 -7.1127415E-02 -7.5545445E-02 -8.0056950E-02 -8.4667452E-02
 -8.9371786E-02 -9.4170310E-02 -9.9063419E-02 -0.1040463     -0.1091250    
 -0.1142894     -0.1195511     -0.1248949     -0.1303371     -0.1358577    
 -1.6699622E-03 -1.8910581E-03 -2.1109891E-03 -2.3185026E-03 -2.5093877E-03
 -2.7159266E-03 -2.8128633E-03 -2.6877709E-03 -2.3674616E-03 -2.7167154E-03
 -3.0070217E-03 -2.4357163E-03 -3.2839575E-03 -4.1888431E-03 -3.7428564E-03
 -4.6723671E-03 -5.5681532E-03 -5.1049013E-03 -6.0215089E-03 -6.9518825E-03
 -6.5484811E-03 -7.4656508E-03 -8.3799791E-03 -8.0318861E-03 -8.9586582E-03
 -9.8666996E-03 -9.5616691E-03 -1.0465851E-02 -1.1378254E-02 -1.1163475E-02
 -1.1997197E-02 -1.2824290E-02 -1.3645551E-02 -1.4507315E-02 -1.5339667E-02
 -1.6253408E-02 -1.7110515E-02 -1.8047106E-02 -1.8954879E-02 -1.9912928E-02
 -2.0815857E-02 -2.1815546E-02 -2.2742001E-02 -2.3748603E-02 -2.4710003E-02
 -2.5739782E-02 -2.6719056E-02 -2.7797651E-02 -2.8787877E-02 -2.9859705E-02
 -6.2921636E-02 -6.2264327E-02 -6.2264599E-02  0.1936117      0.2275394    
  0.2485306      0.3787825      0.4408307      0.5028473     -0.3852141    
  4.1338075E-02  5.5678826E-02 -0.7121876     -0.2237354     -0.2368197    
 -0.6797857     -0.1557612     -0.1543180     -0.6760235     -0.1484497    
 -0.1553409     -0.6651257     -0.1513377     -0.1630328     -0.6522223    
 -0.1420716     -0.1571558     -0.6292648     -0.1453814     -0.1523951    
 -0.4814579     -0.1449092     -0.4613414     -0.1315534     -0.4304059    
 -0.1294033     -0.3881586     -0.1250805     -0.3517227     -0.1094464    
 -0.3041921     -0.1102893     -0.2468645     -0.1037950     -0.1955087    
 -9.1687143E-02 -0.1388360     -8.9900255E-02 -6.5506674E-02 -8.0782972E-02
  0.1169282      0.1169330      0.1169331      7.1491353E-02 -1.0069471E-02
 -9.0608217E-02 -0.1735497     -0.2589048     -0.3339189     -0.4043417    
 -0.4506684     -0.4631395     -0.3220212     -0.4246648     -0.4006734    
 -0.2887805     -0.3752491     -0.3615521     -0.2597558     -0.3358228    
 -0.3226340     -0.2337915     -0.2955717     -0.2810683     -0.2052196    
 -0.2539414     -0.2392928     -0.1775543     -0.2127135     -0.1991445    
 -0.1619770     -0.1630245     -0.1285709     -0.1241490     -9.5658511E-02
 -8.6418971E-02 -6.3414812E-02 -5.0587375E-02 -3.1440046E-02 -1.6509725E-02
 -1.0441989E-05  1.6141754E-02  3.1176198E-02  4.7566682E-02  6.1978571E-02
  7.7994987E-02  9.2213795E-02  0.1071656      0.1214778      0.1351171    
 -0.9911452     -0.9911860     -0.9911860     -0.9784700     -0.9737169    
 -0.9643769     -0.9090678     -0.8594397     -0.7972721     -0.8295287    
 -0.8917338     -0.8845348     -0.6237718     -0.8772699     -0.8850860    
 -0.6741641     -0.9137432     -0.9194922     -0.6895789     -0.9301536    
 -0.9336897     -0.7091892     -0.9432573     -0.9457384     -0.7297199    
 -0.9567285     -0.9581446     -0.7566375     -0.9662387     -0.9680482    
 -0.8613720     -0.9759223     -0.8778574     -0.9835043     -0.8975524    
 -0.9878191     -0.9194082     -0.9908561     -0.9355761     -0.9938555    
 -0.9526107     -0.9937685     -0.9685483     -0.9934606     -0.9787415    
 -0.9927287     -0.9860128     -0.9901685     -0.9904302     -0.9875309    
    1.46250E+02   ! Azimuth index:  53 in degrees
  2.7144760E-02  3.0638095E-02  3.4131426E-02  3.7624758E-02  4.1118093E-02
  4.4611424E-02  4.8104759E-02  5.1598094E-02  5.5091426E-02  5.8584761E-02
  6.2078092E-02  6.5571427E-02  6.9064766E-02  7.2558090E-02  7.6051429E-02
  7.9544768E-02  8.3038092E-02  8.6531430E-02  9.0024769E-02  9.3518093E-02
  9.7011432E-02  0.1005048      0.1039981      0.1074914      0.1109848    
  0.1144781      0.1179714      0.1214648      0.1249581      0.1284514    
  0.1328181      0.1380581      0.1432981      0.1485381      0.1537781    
  0.1590181      0.1642581      0.1694981      0.1747381      0.1799781    
  0.1852181      0.1904581      0.1956981      0.2009381      0.2061781    
  0.2114181      0.2166581      0.2218981      0.2271381      0.2323781    
  0.0000000E+00  0.0000000E+00  0.0000000E+00  2.1729549E-05  6.5223212E-05
  1.0833047E-04 -3.4858345E-04 -1.2774649E-03 -2.1360943E-03 -3.4056823E-03
 -4.9988450E-03 -6.4512468E-03 -8.2253711E-03 -1.0104306E-02 -1.1773271E-02
 -1.3700267E-02 -1.5696298E-02 -1.7531034E-02 -1.9566886E-02 -2.1653112E-02
 -2.3607137E-02 -2.5727717E-02 -2.7898613E-02 -2.9970046E-02 -3.2181185E-02
 -3.4449756E-02 -3.6651503E-02 -3.8974240E-02 -4.1366681E-02 -4.3720901E-02
 -4.6801344E-02 -5.0589204E-02 -5.4477774E-02 -5.8487117E-02 -6.2593900E-02
 -6.6813804E-02 -7.1127415E-02 -7.5545445E-02 -8.0056950E-02 -8.4667452E-02
 -8.9371786E-02 -9.4170310E-02 -9.9063419E-02 -0.1040463     -0.1091250    
 -0.1142894     -0.1195511     -0.1248949     -0.1303371     -0.1358577    
 -1.6694339E-03 -1.8904085E-03 -2.1102121E-03 -2.3176044E-03 -2.5083753E-03
 -2.7147799E-03 -2.8115609E-03 -2.6863180E-03 -2.3658662E-03 -2.7149578E-03
 -3.0050741E-03 -2.4335799E-03 -3.2816459E-03 -4.1863341E-03 -3.7401200E-03
 -4.6693999E-03 -5.5649504E-03 -5.1014759E-03 -6.0178610E-03 -6.9479803E-03
 -6.5443041E-03 -7.4612154E-03 -8.3752871E-03 -8.0269072E-03 -8.9533813E-03
 -9.8611340E-03 -9.5558111E-03 -1.0459675E-02 -1.1371749E-02 -1.1156630E-02
 -1.1989935E-02 -1.2816519E-02 -1.3637224E-02 -1.4498435E-02 -1.5330219E-02
 -1.6243357E-02 -1.7099857E-02 -1.8035812E-02 -1.8942915E-02 -1.9900303E-02
 -2.0802554E-02 -2.1801524E-02 -2.2727273E-02 -2.3733141E-02 -2.4693774E-02
 -2.5722789E-02 -2.6701268E-02 -2.7779035E-02 -2.8768439E-02 -2.9839426E-02
 -6.2889032E-02 -6.2228415E-02 -6.2228709E-02  0.1936428      0.2275693    
  0.2485710      0.3788173      0.4408596      0.5028713     -0.3851766    
  4.1388221E-02  5.5725295E-02 -0.7121728     -0.2236806     -0.2367648    
 -0.6797615     -0.1556993     -0.1542649     -0.6759975     -0.1483798    
 -0.1552666     -0.6650991     -0.1512640     -0.1629536     -0.6521863    
 -0.1419968     -0.1570731     -0.6292217     -0.1452923     -0.1522987    
 -0.4813973     -0.1448105     -0.4612655     -0.1314552     -0.4303216    
 -0.1292915     -0.3880674     -0.1249575     -0.3516165     -0.1093260    
 -0.3040743     -0.1101538     -0.2467450     -0.1036495     -0.1953720    
 -9.1544017E-02 -0.1386838     -8.9744046E-02 -6.5354958E-02 -8.0620319E-02
  0.1169285      0.1169333      0.1169333      7.1490906E-02 -1.0069400E-02
 -9.0607233E-02 -0.1735471     -0.2589007     -0.3339135     -0.4043486    
 -0.4506675     -0.4631383     -0.3220281     -0.4246702     -0.4006789    
 -0.2887893     -0.3752528     -0.3615552     -0.2597643     -0.3358263    
 -0.3226379     -0.2337989     -0.2955751     -0.2810720     -0.2052280    
 -0.2539442     -0.2392960     -0.1775623     -0.2127164     -0.1991475    
 -0.1619832     -0.1630269     -0.1285767     -0.1241507     -9.5662802E-02
 -8.6420268E-02 -6.3417450E-02 -5.0588138E-02 -3.1441361E-02 -1.6509945E-02
 -1.0469928E-05  1.6141966E-02  3.1177182E-02  4.7567405E-02  6.1980303E-02
  7.7996053E-02  9.2215821E-02  0.1071671      0.1214789      0.1351190    
 -0.9911472     -0.9911883     -0.9911883     -0.9784639     -0.9737099    
 -0.9643665     -0.9090539     -0.8594261     -0.7972592     -0.8295428    
 -0.8917319     -0.8845325     -0.6237851     -0.8772811     -0.8850982    
 -0.6741847     -0.9137523     -0.9194999     -0.6896013     -0.9301635    
 -0.9337007     -0.7092118     -0.9432680     -0.9457508     -0.7297496    
 -0.9567388     -0.9581574     -0.7566714     -0.9662515     -0.9680626    
 -0.8614047     -0.9759366     -0.8778964     -0.9835172     -0.8975924    
 -0.9878337     -0.9194464     -0.9908715     -0.9356160     -0.9938688    
 -0.9526483     -0.9937834     -0.9685789     -0.9934758     -0.9787687    
 -0.9927418     -0.9860341     -0.9901824     -0.9904401     -0.9875441    
    1.49062E+02   ! Azimuth index:  54 in degrees
  2.7144760E-02  3.0638095E-02  3.4131426E-02  3.7624758E-02  4.1118093E-02
  4.4611424E-02  4.8104759E-02  5.1598094E-02  5.5091426E-02  5.8584761E-02
  6.2078092E-02  6.5571427E-02  6.9064766E-02  7.2558090E-02  7.6051429E-02
  7.9544768E-02  8.3038092E-02  8.6531430E-02  9.0024769E-02  9.3518093E-02
  9.7011432E-02  0.1005048      0.1039981      0.1074914      0.1109848    
  0.1144781      0.1179714      0.1214648      0.1249581      0.1284514    
  0.1328181      0.1380581      0.1432981      0.1485381      0.1537781    
  0.1590181      0.1642581      0.1694981      0.1747381      0.1799781    
  0.1852181      0.1904581      0.1956981      0.2009381      0.2061781    
  0.2114181      0.2166581      0.2218981      0.2271381      0.2323781    
  0.0000000E+00  0.0000000E+00  0.0000000E+00  2.1729549E-05  6.5223212E-05
  1.0833047E-04 -3.4858345E-04 -1.2774649E-03 -2.1360943E-03 -3.4056823E-03
 -4.9988450E-03 -6.4512468E-03 -8.2253711E-03 -1.0104306E-02 -1.1773271E-02
 -1.3700267E-02 -1.5696298E-02 -1.7531034E-02 -1.9566886E-02 -2.1653112E-02
 -2.3607137E-02 -2.5727717E-02 -2.7898613E-02 -2.9970046E-02 -3.2181185E-02
 -3.4449756E-02 -3.6651503E-02 -3.8974240E-02 -4.1366681E-02 -4.3720901E-02
 -4.6801344E-02 -5.0589204E-02 -5.4477774E-02 -5.8487117E-02 -6.2593900E-02
 -6.6813804E-02 -7.1127415E-02 -7.5545445E-02 -8.0056950E-02 -8.4667452E-02
 -8.9371786E-02 -9.4170310E-02 -9.9063419E-02 -0.1040463     -0.1091250    
 -0.1142894     -0.1195511     -0.1248949     -0.1303371     -0.1358577    
 -1.6694092E-03 -1.8903073E-03 -2.1100263E-03 -2.3173366E-03 -2.5080275E-03
 -2.7143273E-03 -2.8109800E-03 -2.6856116E-03 -2.3650378E-03 -2.7139825E-03
 -3.0039188E-03 -2.4322413E-03 -3.2801353E-03 -4.1846223E-03 -3.7381719E-03
 -4.6672118E-03 -5.5625113E-03 -5.0987974E-03 -6.0149394E-03 -6.9447793E-03
 -6.5407944E-03 -7.4574118E-03 -8.3711911E-03 -8.0224788E-03 -8.9486074E-03
 -9.8560238E-03 -9.5503507E-03 -1.0453837E-02 -1.1365524E-02 -1.1149995E-02
 -1.1982795E-02 -1.2808757E-02 -1.3628779E-02 -1.4489301E-02 -1.5320372E-02
 -1.6232757E-02 -1.7088491E-02 -1.8023638E-02 -1.8929888E-02 -1.9886430E-02
 -2.0787802E-02 -2.1785840E-02 -2.2710672E-02 -2.3715582E-02 -2.4675205E-02
 -2.5703214E-02 -2.6680648E-02 -2.7757319E-02 -2.8745633E-02 -2.9815499E-02
 -6.2869973E-02 -6.2204491E-02 -6.2204823E-02  0.1936640      0.2275908    
  0.2486042      0.3788460      0.4408839      0.5028923     -0.3851416    
  4.1436542E-02  5.5770773E-02 -0.7121581     -0.2236240     -0.2367079    
 -0.6797358     -0.1556335     -0.1542072     -0.6759691     -0.1483025    
 -0.1551821     -0.6650687     -0.1511795     -0.1628622     -0.6521447    
 -0.1419078     -0.1569741     -0.6291710     -0.1451868     -0.1521824    
 -0.4813233     -0.1446899     -0.4611720     -0.1313308     -0.4302166    
 -0.1291510     -0.3879517     -0.1248007     -0.3514816     -0.1091699    
 -0.3039217     -0.1099788     -0.2465878     -0.1034602     -0.1951919    
 -9.1354854E-02 -0.1384835     -8.9538373E-02 -6.5151192E-02 -8.0404513E-02
  0.1169286      0.1169335      0.1169335      7.1490593E-02 -1.0069354E-02
 -9.0606444E-02 -0.1735448     -0.2588972     -0.3339088     -0.4043550    
 -0.4506666     -0.4631371     -0.3220349     -0.4246759     -0.4006847    
 -0.2887987     -0.3752567     -0.3615585     -0.2597735     -0.3358302    
 -0.3226422     -0.2338074     -0.2955789     -0.2810763     -0.2052377    
 -0.2539475     -0.2392998     -0.1775716     -0.2127197     -0.1991511    
 -0.1619907     -0.1630298     -0.1285837     -0.1241527     -9.5668092E-02
 -8.6421847E-02 -6.3420832E-02 -5.0589196E-02 -3.1443089E-02 -1.6510230E-02
 -1.0445714E-05  1.6142316E-02  3.1178437E-02  4.7568314E-02  6.1982565E-02
  7.7997379E-02  9.2218384E-02  0.1071692      0.1214806      0.1351213    
 -0.9911484     -0.9911897     -0.9911897     -0.9784597     -0.9737049    
 -0.9643580     -0.9090423     -0.8594146     -0.7972479     -0.8295559    
 -0.8917302     -0.8845302     -0.6237984     -0.8772928     -0.8851109    
 -0.6742066     -0.9137618     -0.9195085     -0.6896257     -0.9301744    
 -0.9337133     -0.7092374     -0.9432803     -0.9457653     -0.7297841    
 -0.9567512     -0.9581726     -0.7567114     -0.9662666     -0.9680802    
 -0.8614447     -0.9759540     -0.8779445     -0.9835336     -0.8976422    
 -0.9878519     -0.9194952     -0.9908912     -0.9356666     -0.9938859    
 -0.9526970     -0.9938028     -0.9686188     -0.9934955     -0.9788045    
 -0.9927591     -0.9860619     -0.9902008     -0.9904534     -0.9875613    
    1.51875E+02   ! Azimuth index:  55 in degrees
  2.7144760E-02  3.0638095E-02  3.4131426E-02  3.7624758E-02  4.1118093E-02
  4.4611424E-02  4.8104759E-02  5.1598094E-02  5.5091426E-02  5.8584761E-02
  6.2078092E-02  6.5571427E-02  6.9064766E-02  7.2558090E-02  7.6051429E-02
  7.9544768E-02  8.3038092E-02  8.6531430E-02  9.0024769E-02  9.3518093E-02
  9.7011432E-02  0.1005048      0.1039981      0.1074914      0.1109848    
  0.1144781      0.1179714      0.1214648      0.1249581      0.1284514    
  0.1328181      0.1380581      0.1432981      0.1485381      0.1537781    
  0.1590181      0.1642581      0.1694981      0.1747381      0.1799781    
  0.1852181      0.1904581      0.1956981      0.2009381      0.2061781    
  0.2114181      0.2166581      0.2218981      0.2271381      0.2323781    
  0.0000000E+00  0.0000000E+00  0.0000000E+00  2.1729549E-05  6.5223212E-05
  1.0833047E-04 -3.4858345E-04 -1.2774649E-03 -2.1360943E-03 -3.4056823E-03
 -4.9988450E-03 -6.4512468E-03 -8.2253711E-03 -1.0104306E-02 -1.1773271E-02
 -1.3700267E-02 -1.5696298E-02 -1.7531034E-02 -1.9566886E-02 -2.1653112E-02
 -2.3607137E-02 -2.5727717E-02 -2.7898613E-02 -2.9970046E-02 -3.2181185E-02
 -3.4449756E-02 -3.6651503E-02 -3.8974240E-02 -4.1366681E-02 -4.3720901E-02
 -4.6801344E-02 -5.0589204E-02 -5.4477774E-02 -5.8487117E-02 -6.2593900E-02
 -6.6813804E-02 -7.1127415E-02 -7.5545445E-02 -8.0056950E-02 -8.4667452E-02
 -8.9371786E-02 -9.4170310E-02 -9.9063419E-02 -0.1040463     -0.1091250    
 -0.1142894     -0.1195511     -0.1248949     -0.1303371     -0.1358577    
 -1.6698625E-03 -1.8907271E-03 -2.1104007E-03 -2.3176665E-03 -2.5083099E-03
 -2.7145329E-03 -2.8110836E-03 -2.6856137E-03 -2.3649358E-03 -2.7137476E-03
 -3.0035134E-03 -2.4316581E-03 -3.2793833E-03 -4.1836658E-03 -3.7369705E-03
 -4.6657594E-03 -5.5607948E-03 -5.0968239E-03 -6.0127024E-03 -6.9422387E-03
 -6.5379133E-03 -7.4542016E-03 -8.3676521E-03 -8.0185672E-03 -8.9443084E-03
 -9.8513383E-03 -9.5452610E-03 -1.0448313E-02 -1.1359556E-02 -1.1143556E-02
 -1.1975763E-02 -1.2800993E-02 -1.3620212E-02 -1.4479915E-02 -1.5310138E-02
 -1.6221622E-02 -1.7076433E-02 -1.8010605E-02 -1.8915832E-02 -1.9871347E-02
 -2.0771649E-02 -2.1768562E-02 -2.2692267E-02 -2.3696002E-02 -2.4654392E-02
 -2.5681164E-02 -2.6657309E-02 -2.7732637E-02 -2.8719600E-02 -2.9788077E-02
 -6.2863618E-02 -6.2191829E-02 -6.2191963E-02  0.1936757      0.2276044    
  0.2486308      0.3788688      0.4409041      0.5029106     -0.3851094    
  4.1483641E-02  5.5815078E-02 -0.7121435     -0.2235650     -0.2366487    
 -0.6797092     -0.1555637     -0.1541446     -0.6759384     -0.1482178    
 -0.1550881     -0.6650347     -0.1510845     -0.1627596     -0.6520979    
 -0.1418040     -0.1568606     -0.6291124     -0.1450660     -0.1520468    
 -0.4812363     -0.1445483     -0.4610618     -0.1311821     -0.4300918    
 -0.1289822     -0.3878116     -0.1246126     -0.3513193     -0.1089790    
 -0.3037372     -0.1097660     -0.2463945     -0.1032284     -0.1949704    
 -9.1122486E-02 -0.1382378     -8.9285068E-02 -6.4897947E-02 -8.0137543E-02
  0.1169286      0.1169336      0.1169336      7.1490422E-02 -1.0069316E-02
 -9.0605803E-02 -0.1735431     -0.2588944     -0.3339047     -0.4043609    
 -0.4506657     -0.4631360     -0.3220417     -0.4246818     -0.4006906    
 -0.2888084     -0.3752609     -0.3615620     -0.2597834     -0.3358346    
 -0.3226470     -0.2338169     -0.2955833     -0.2810811     -0.2052486    
 -0.2539513     -0.2393042     -0.1775825     -0.2127235     -0.1991553    
 -0.1619995     -0.1630332     -0.1285920     -0.1241552     -9.5674381E-02
 -8.6423740E-02 -6.3424848E-02 -5.0590351E-02 -3.1445108E-02 -1.6510578E-02
 -1.0473654E-05  1.6142696E-02  3.1180073E-02  4.7569461E-02  6.1985314E-02
  7.7999048E-02  9.2221588E-02  0.1071716      0.1214826      0.1351242    
 -0.9911487     -0.9911906     -0.9911906     -0.9784573     -0.9737017    
 -0.9643512     -0.9090331     -0.8594052     -0.7972381     -0.8295680    
 -0.8917284     -0.8845280     -0.6238115     -0.8773050     -0.8851240    
 -0.6742293     -0.9137720     -0.9195175     -0.6896520     -0.9301863    
 -0.9337272     -0.7092663     -0.9432942     -0.9457815     -0.7298228    
 -0.9567656     -0.9581901     -0.7567577     -0.9662839     -0.9681007    
 -0.8614916     -0.9759743     -0.8780012     -0.9835531     -0.8977012    
 -0.9878738     -0.9195539     -0.9909149     -0.9357275     -0.9939069    
 -0.9527559     -0.9938263     -0.9686679     -0.9935195     -0.9788485    
 -0.9927803     -0.9860961     -0.9902235     -0.9904697     -0.9875826    
    1.54688E+02   ! Azimuth index:  56 in degrees
  2.7144760E-02  3.0638095E-02  3.4131426E-02  3.7624758E-02  4.1118093E-02
  4.4611424E-02  4.8104759E-02  5.1598094E-02  5.5091426E-02  5.8584761E-02
  6.2078092E-02  6.5571427E-02  6.9064766E-02  7.2558090E-02  7.6051429E-02
  7.9544768E-02  8.3038092E-02  8.6531430E-02  9.0024769E-02  9.3518093E-02
  9.7011432E-02  0.1005048      0.1039981      0.1074914      0.1109848    
  0.1144781      0.1179714      0.1214648      0.1249581      0.1284514    
  0.1328181      0.1380581      0.1432981      0.1485381      0.1537781    
  0.1590181      0.1642581      0.1694981      0.1747381      0.1799781    
  0.1852181      0.1904581      0.1956981      0.2009381      0.2061781    
  0.2114181      0.2166581      0.2218981      0.2271381      0.2323781    
  0.0000000E+00  0.0000000E+00  0.0000000E+00  2.1729549E-05  6.5223212E-05
  1.0833047E-04 -3.4858345E-04 -1.2774649E-03 -2.1360943E-03 -3.4056823E-03
 -4.9988450E-03 -6.4512468E-03 -8.2253711E-03 -1.0104306E-02 -1.1773271E-02
 -1.3700267E-02 -1.5696298E-02 -1.7531034E-02 -1.9566886E-02 -2.1653112E-02
 -2.3607137E-02 -2.5727717E-02 -2.7898613E-02 -2.9970046E-02 -3.2181185E-02
 -3.4449756E-02 -3.6651503E-02 -3.8974240E-02 -4.1366681E-02 -4.3720901E-02
 -4.6801344E-02 -5.0589204E-02 -5.4477774E-02 -5.8487117E-02 -6.2593900E-02
 -6.6813804E-02 -7.1127415E-02 -7.5545445E-02 -8.0056950E-02 -8.4667452E-02
 -8.9371786E-02 -9.4170310E-02 -9.9063419E-02 -0.1040463     -0.1091250    
 -0.1142894     -0.1195511     -0.1248949     -0.1303371     -0.1358577    
 -1.6707401E-03 -1.8916080E-03 -2.1112710E-03 -2.3185252E-03 -2.5091488E-03
 -2.7153187E-03 -2.8117886E-03 -2.6862375E-03 -2.3654716E-03 -2.7141613E-03
 -3.0037633E-03 -2.4317331E-03 -3.2792897E-03 -4.1833622E-03 -3.7364122E-03
 -4.6649389E-03 -5.5596959E-03 -5.0954511E-03 -6.0110465E-03 -6.9402549E-03
 -6.5355571E-03 -7.4514840E-03 -8.3645713E-03 -8.0150720E-03 -8.9403838E-03
 -9.8469816E-03 -9.5404498E-03 -1.0443013E-02 -1.1353757E-02 -1.1137225E-02
 -1.1968757E-02 -1.2793155E-02 -1.3611455E-02 -1.4470216E-02 -1.5299464E-02
 -1.6209912E-02 -1.7063655E-02 -1.7996700E-02 -1.8900741E-02 -1.9855062E-02
 -2.0754118E-02 -2.1749716E-02 -2.2672106E-02 -2.3674464E-02 -2.4631411E-02
 -2.5656730E-02 -2.6631363E-02 -2.7705114E-02 -2.8690485E-02 -2.9757325E-02
 -6.2868483E-02 -6.2188894E-02 -6.2188990E-02  0.1936792      0.2276113    
  0.2486516      0.3788868      0.4409206      0.5029268     -0.3850786    
  4.1528918E-02  5.5858985E-02 -0.7121290     -0.2235036     -0.2365872    
 -0.6796809     -0.1554898     -0.1540775     -0.6759054     -0.1481259    
 -0.1549850     -0.6649971     -0.1509789     -0.1626460     -0.6520461    
 -0.1416868     -0.1567326     -0.6290469     -0.1449303     -0.1518933    
 -0.4811370     -0.1443870     -0.4609356     -0.1310106     -0.4299484    
 -0.1287879     -0.3876494     -0.1243946     -0.3511310     -0.1087569    
 -0.3035212     -0.1095187     -0.2461674     -0.1029579     -0.1947111    
 -9.0848543E-02 -0.1379492     -8.8988006E-02 -6.4598851E-02 -7.9823144E-02
  0.1169286      0.1169336      0.1169336      7.1490377E-02 -1.0069300E-02
 -9.0605304E-02 -0.1735417     -0.2588920     -0.3339010     -0.4043666    
 -0.4506648     -0.4631348     -0.3220485     -0.4246879     -0.4006968    
 -0.2888187     -0.3752653     -0.3615659     -0.2597941     -0.3358393    
 -0.3226523     -0.2338274     -0.2955881     -0.2810864     -0.2052606    
 -0.2539556     -0.2393091     -0.1775946     -0.2127278     -0.1991601    
 -0.1620096     -0.1630371     -0.1286015     -0.1241580     -9.5681623E-02
 -8.6425945E-02 -6.3429572E-02 -5.0591789E-02 -3.1447507E-02 -1.6510984E-02
 -1.0445714E-05  1.6143141E-02  3.1181874E-02  4.7570802E-02  6.1988611E-02
  7.8001007E-02  9.2225336E-02  0.1071745      0.1214849      0.1351276    
 -0.9911484     -0.9911907     -0.9911907     -0.9784567     -0.9737000    
 -0.9643459     -0.9090258     -0.8593975     -0.7972295     -0.8295796    
 -0.8917267     -0.8845258     -0.6238246     -0.8773176     -0.8851376    
 -0.6742535     -0.9137827     -0.9195272     -0.6896803     -0.9301993    
 -0.9337426     -0.7092980     -0.9433097     -0.9457995     -0.7298657    
 -0.9567817     -0.9582098     -0.7568093     -0.9663033     -0.9681237    
 -0.8615452     -0.9759976     -0.8780661     -0.9835756     -0.8977692    
 -0.9878989     -0.9196220     -0.9909422     -0.9357982     -0.9939313    
 -0.9528247     -0.9938537     -0.9687257     -0.9935476     -0.9788999    
 -0.9928054     -0.9861362     -0.9902499     -0.9904889     -0.9876077    
    1.57500E+02   ! Azimuth index:  57 in degrees
  2.7144760E-02  3.0638095E-02  3.4131426E-02  3.7624758E-02  4.1118093E-02
  4.4611424E-02  4.8104759E-02  5.1598094E-02  5.5091426E-02  5.8584761E-02
  6.2078092E-02  6.5571427E-02  6.9064766E-02  7.2558090E-02  7.6051429E-02
  7.9544768E-02  8.3038092E-02  8.6531430E-02  9.0024769E-02  9.3518093E-02
  9.7011432E-02  0.1005048      0.1039981      0.1074914      0.1109848    
  0.1144781      0.1179714      0.1214648      0.1249581      0.1284514    
  0.1328181      0.1380581      0.1432981      0.1485381      0.1537781    
  0.1590181      0.1642581      0.1694981      0.1747381      0.1799781    
  0.1852181      0.1904581      0.1956981      0.2009381      0.2061781    
  0.2114181      0.2166581      0.2218981      0.2271381      0.2323781    
  0.0000000E+00  0.0000000E+00  0.0000000E+00  2.1729549E-05  6.5223212E-05
  1.0833047E-04 -3.4858345E-04 -1.2774649E-03 -2.1360943E-03 -3.4056823E-03
 -4.9988450E-03 -6.4512468E-03 -8.2253711E-03 -1.0104306E-02 -1.1773271E-02
 -1.3700267E-02 -1.5696298E-02 -1.7531034E-02 -1.9566886E-02 -2.1653112E-02
 -2.3607137E-02 -2.5727717E-02 -2.7898613E-02 -2.9970046E-02 -3.2181185E-02
 -3.4449756E-02 -3.6651503E-02 -3.8974240E-02 -4.1366681E-02 -4.3720901E-02
 -4.6801344E-02 -5.0589204E-02 -5.4477774E-02 -5.8487117E-02 -6.2593900E-02
 -6.6813804E-02 -7.1127415E-02 -7.5545445E-02 -8.0056950E-02 -8.4667452E-02
 -8.9371786E-02 -9.4170310E-02 -9.9063419E-02 -0.1040463     -0.1091250    
 -0.1142894     -0.1195511     -0.1248949     -0.1303371     -0.1358577    
 -1.6719885E-03 -1.8928918E-03 -2.1125739E-03 -2.3198442E-03 -2.5104724E-03
 -2.7166088E-03 -2.8130165E-03 -2.6874002E-03 -2.3665591E-03 -2.7151359E-03
 -3.0045784E-03 -2.4323747E-03 -3.2797633E-03 -4.1836207E-03 -3.7364049E-03
 -4.6646576E-03 -5.5591213E-03 -5.0945850E-03 -6.0098791E-03 -6.9387360E-03
 -6.5336367E-03 -7.4491706E-03 -8.3618620E-03 -8.0119129E-03 -8.9367554E-03
 -9.8428782E-03 -9.5358435E-03 -1.0437870E-02 -1.1348063E-02 -1.1130942E-02
 -1.1961726E-02 -1.2785200E-02 -1.3602477E-02 -1.4460186E-02 -1.5288340E-02
 -1.6197629E-02 -1.7050173E-02 -1.7981950E-02 -1.8884659E-02 -1.9837629E-02
 -2.0735279E-02 -2.1729393E-02 -2.2650298E-02 -2.3651097E-02 -2.4606407E-02
 -2.5630079E-02 -2.6602997E-02 -2.7674958E-02 -2.8658522E-02 -2.9723499E-02
 -6.2883161E-02 -6.2194198E-02 -6.2194340E-02  0.1936756      0.2276124    
  0.2486679      0.3789006      0.4409343      0.5029408     -0.3850493    
  4.1574195E-02  5.5902299E-02 -0.7121143     -0.2234396     -0.2365234    
 -0.6796514     -0.1554111     -0.1540057     -0.6758702     -0.1480276    
 -0.1548729     -0.6649563     -0.1508645     -0.1625215     -0.6519895    
 -0.1415574     -0.1565916     -0.6289746     -0.1447805     -0.1517231    
 -0.4810267     -0.1442077     -0.4607949     -0.1308182     -0.4297882    
 -0.1285697     -0.3874669     -0.1241501     -0.3509186     -0.1085055    
 -0.3032780     -0.1092390     -0.2459105     -0.1026514     -0.1944169    
 -9.0538025E-02 -0.1376219     -8.8651121E-02 -6.4258046E-02 -7.9465799E-02
  0.1169285      0.1169336      0.1169336      7.1490444E-02 -1.0069294E-02
 -9.0604916E-02 -0.1735406     -0.2588901     -0.3338978     -0.4043719    
 -0.4506640     -0.4631337     -0.3220553     -0.4246944     -0.4007032    
 -0.2888294     -0.3752701     -0.3615700     -0.2598055     -0.3358442    
 -0.3226580     -0.2338387     -0.2955933     -0.2810923     -0.2052738    
 -0.2539603     -0.2393145     -0.1776079     -0.2127325     -0.1991653    
 -0.1620208     -0.1630414     -0.1286121     -0.1241612     -9.5689714E-02
 -8.6428441E-02 -6.3434832E-02 -5.0593331E-02 -3.1450182E-02 -1.6511438E-02
 -1.0445714E-05  1.6143670E-02  3.1183999E-02  4.7572315E-02  6.1992295E-02
  7.8003190E-02  9.2229538E-02  0.1071777      0.1214877      0.1351315    
 -0.9911475     -0.9911904     -0.9911904     -0.9784575     -0.9736997    
 -0.9643418     -0.9090203     -0.8593910     -0.7972219     -0.8295906    
 -0.8917251     -0.8845237     -0.6238379     -0.8773309     -0.8851517    
 -0.6742786     -0.9137942     -0.9195376     -0.6897104     -0.9302132    
 -0.9337592     -0.7093326     -0.9433263     -0.9458191     -0.7299125    
 -0.9567996     -0.9582315     -0.7568662     -0.9663248     -0.9681494    
 -0.8616047     -0.9760234     -0.8781384     -0.9836008     -0.8978450    
 -0.9879271     -0.9196985     -0.9909728     -0.9358777     -0.9939587    
 -0.9529022     -0.9938844     -0.9687908     -0.9935791     -0.9789581    
 -0.9928336     -0.9861815     -0.9902797     -0.9905108     -0.9876359    
    1.60312E+02   ! Azimuth index:  58 in degrees
  2.7144760E-02  3.0638095E-02  3.4131426E-02  3.7624758E-02  4.1118093E-02
  4.4611424E-02  4.8104759E-02  5.1598094E-02  5.5091426E-02  5.8584761E-02
  6.2078092E-02  6.5571427E-02  6.9064766E-02  7.2558090E-02  7.6051429E-02
  7.9544768E-02  8.3038092E-02  8.6531430E-02  9.0024769E-02  9.3518093E-02
  9.7011432E-02  0.1005048      0.1039981      0.1074914      0.1109848    
  0.1144781      0.1179714      0.1214648      0.1249581      0.1284514    
  0.1328181      0.1380581      0.1432981      0.1485381      0.1537781    
  0.1590181      0.1642581      0.1694981      0.1747381      0.1799781    
  0.1852181      0.1904581      0.1956981      0.2009381      0.2061781    
  0.2114181      0.2166581      0.2218981      0.2271381      0.2323781    
  0.0000000E+00  0.0000000E+00  0.0000000E+00  2.1729549E-05  6.5223212E-05
  1.0833047E-04 -3.4858345E-04 -1.2774649E-03 -2.1360943E-03 -3.4056823E-03
 -4.9988450E-03 -6.4512468E-03 -8.2253711E-03 -1.0104306E-02 -1.1773271E-02
 -1.3700267E-02 -1.5696298E-02 -1.7531034E-02 -1.9566886E-02 -2.1653112E-02
 -2.3607137E-02 -2.5727717E-02 -2.7898613E-02 -2.9970046E-02 -3.2181185E-02
 -3.4449756E-02 -3.6651503E-02 -3.8974240E-02 -4.1366681E-02 -4.3720901E-02
 -4.6801344E-02 -5.0589204E-02 -5.4477774E-02 -5.8487117E-02 -6.2593900E-02
 -6.6813804E-02 -7.1127415E-02 -7.5545445E-02 -8.0056950E-02 -8.4667452E-02
 -8.9371786E-02 -9.4170310E-02 -9.9063419E-02 -0.1040463     -0.1091250    
 -0.1142894     -0.1195511     -0.1248949     -0.1303371     -0.1358577    
 -1.6735564E-03 -1.8945222E-03 -2.1142485E-03 -2.3215581E-03 -2.5122110E-03
 -2.7183311E-03 -2.8146915E-03 -2.6890235E-03 -2.3681172E-03 -2.7165872E-03
 -3.0058732E-03 -2.4334961E-03 -3.2807146E-03 -4.1843504E-03 -3.7368585E-03
 -4.6648267E-03 -5.5589834E-03 -5.0941403E-03 -6.0091140E-03 -6.9375974E-03
 -6.5320693E-03 -7.4471813E-03 -8.3594481E-03 -8.0090147E-03 -8.9333523E-03
 -9.8389611E-03 -9.5313806E-03 -1.0432825E-02 -1.1342423E-02 -1.1124662E-02
 -1.1954630E-02 -1.2777092E-02 -1.3593253E-02 -1.4449810E-02 -1.5276765E-02
 -1.6184781E-02 -1.7036008E-02 -1.7966390E-02 -1.8867634E-02 -1.9819122E-02
 -2.0715220E-02 -2.1707701E-02 -2.2626963E-02 -2.3626041E-02 -2.4579540E-02
 -2.5601391E-02 -2.6572414E-02 -2.7642399E-02 -2.8623961E-02 -2.9686872E-02
 -6.2905878E-02 -6.2206656E-02 -6.2206764E-02  0.1936663      0.2276086    
  0.2486801      0.3789113      0.4409452      0.5029538     -0.3850211    
  4.1619059E-02  5.5946797E-02 -0.7120994     -0.2233734     -0.2364568    
 -0.6796207     -0.1553292     -0.1539295     -0.6758328     -0.1479226    
 -0.1547530     -0.6649123     -0.1507411     -0.1623880     -0.6519286    
 -0.1414163     -0.1564389     -0.6288962     -0.1446186     -0.1515375    
 -0.4809062     -0.1440119     -0.4606411     -0.1306069     -0.4296127    
 -0.1283300     -0.3872660     -0.1238811     -0.3506856     -0.1082282    
 -0.3030100     -0.1089306     -0.2456261     -0.1023129     -0.1940916    
 -9.0194628E-02 -0.1372602     -8.8278607E-02 -6.3879937E-02 -7.9070263E-02
  0.1169283      0.1169335      0.1169335      7.1490571E-02 -1.0069303E-02
 -9.0604618E-02 -0.1735398     -0.2588886     -0.3338949     -0.4043770    
 -0.4506631     -0.4631325     -0.3220622     -0.4247009     -0.4007099    
 -0.2888407     -0.3752749     -0.3615743     -0.2598175     -0.3358496    
 -0.3226642     -0.2338510     -0.2955990     -0.2810986     -0.2052880    
 -0.2539656     -0.2393204     -0.1776224     -0.2127376     -0.1991711    
 -0.1620330     -0.1630461     -0.1286237     -0.1241647     -9.5698550E-02
 -8.6431116E-02 -6.3440636E-02 -5.0595041E-02 -3.1453110E-02 -1.6511939E-02
 -1.0473654E-05  1.6144160E-02  3.1186294E-02  4.7573961E-02  6.1996326E-02
  7.8005672E-02  9.2234246E-02  0.1071812      0.1214906      0.1351358    
 -0.9911461     -0.9911896     -0.9911897     -0.9784594     -0.9737007    
 -0.9643387     -0.9090160     -0.8593859     -0.7972149     -0.8296011    
 -0.8917234     -0.8845215     -0.6238513     -0.8773446     -0.8851665    
 -0.6743047     -0.9138061     -0.9195486     -0.6897426     -0.9302279    
 -0.9337769     -0.7093696     -0.9433443     -0.9458402     -0.7299629    
 -0.9568191     -0.9582550     -0.7569279     -0.9663479     -0.9681774    
 -0.8616697     -0.9760516     -0.8782174     -0.9836285     -0.8979281    
 -0.9879580     -0.9197828     -0.9910063     -0.9359649     -0.9939889    
 -0.9529874     -0.9939182     -0.9688629     -0.9936141     -0.9790224    
 -0.9928646     -0.9862315     -0.9903127     -0.9905349     -0.9876670    
    1.63125E+02   ! Azimuth index:  59 in degrees
  2.7144760E-02  3.0638095E-02  3.4131426E-02  3.7624758E-02  4.1118093E-02
  4.4611424E-02  4.8104759E-02  5.1598094E-02  5.5091426E-02  5.8584761E-02
  6.2078092E-02  6.5571427E-02  6.9064766E-02  7.2558090E-02  7.6051429E-02
  7.9544768E-02  8.3038092E-02  8.6531430E-02  9.0024769E-02  9.3518093E-02
  9.7011432E-02  0.1005048      0.1039981      0.1074914      0.1109848    
  0.1144781      0.1179714      0.1214648      0.1249581      0.1284514    
  0.1328181      0.1380581      0.1432981      0.1485381      0.1537781    
  0.1590181      0.1642581      0.1694981      0.1747381      0.1799781    
  0.1852181      0.1904581      0.1956981      0.2009381      0.2061781    
  0.2114181      0.2166581      0.2218981      0.2271381      0.2323781    
  0.0000000E+00  0.0000000E+00  0.0000000E+00  2.1729549E-05  6.5223212E-05
  1.0833047E-04 -3.4858345E-04 -1.2774649E-03 -2.1360943E-03 -3.4056823E-03
 -4.9988450E-03 -6.4512468E-03 -8.2253711E-03 -1.0104306E-02 -1.1773271E-02
 -1.3700267E-02 -1.5696298E-02 -1.7531034E-02 -1.9566886E-02 -2.1653112E-02
 -2.3607137E-02 -2.5727717E-02 -2.7898613E-02 -2.9970046E-02 -3.2181185E-02
 -3.4449756E-02 -3.6651503E-02 -3.8974240E-02 -4.1366681E-02 -4.3720901E-02
 -4.6801344E-02 -5.0589204E-02 -5.4477774E-02 -5.8487117E-02 -6.2593900E-02
 -6.6813804E-02 -7.1127415E-02 -7.5545445E-02 -8.0056950E-02 -8.4667452E-02
 -8.9371786E-02 -9.4170310E-02 -9.9063419E-02 -0.1040463     -0.1091250    
 -0.1142894     -0.1195511     -0.1248949     -0.1303371     -0.1358577    
 -1.6753598E-03 -1.8964066E-03 -2.1161940E-03 -2.3235590E-03 -2.5142496E-03
 -2.7203637E-03 -2.8166852E-03 -2.6909735E-03 -2.3700073E-03 -2.7183723E-03
 -3.0075004E-03 -2.4349466E-03 -3.2819905E-03 -4.1853962E-03 -3.7376166E-03
 -4.6652863E-03 -5.5591203E-03 -5.0939540E-03 -6.0085896E-03 -6.9366791E-03
 -6.5306961E-03 -7.4453601E-03 -8.3571728E-03 -8.0062225E-03 -8.9300238E-03
 -9.8350849E-03 -9.5269196E-03 -1.0427741E-02 -1.1336701E-02 -1.1118256E-02
 -1.1947347E-02 -1.2768725E-02 -1.3583688E-02 -1.4439005E-02 -1.5264672E-02
 -1.6171318E-02 -1.7021123E-02 -1.7950004E-02 -1.8849667E-02 -1.9799555E-02
 -2.0693976E-02 -2.1684695E-02 -2.2602182E-02 -2.3599399E-02 -2.4550945E-02
 -2.5570828E-02 -2.6539799E-02 -2.7607646E-02 -2.8587041E-02 -2.9647717E-02
 -6.2934361E-02 -6.2223878E-02 -6.2224001E-02  0.1936529      0.2276016    
  0.2486901      0.3789200      0.4409550      0.5029659     -0.3849927    
  4.1664537E-02  5.5991888E-02 -0.7120843     -0.2233037     -0.2363875    
 -0.6795885     -0.1552423     -0.1538490     -0.6757935     -0.1478116    
 -0.1546253     -0.6648656     -0.1506094     -0.1622456     -0.6518637    
 -0.1412657     -0.1562750     -0.6288123     -0.1444453     -0.1513388    
 -0.4807768     -0.1438017     -0.4604758     -0.1303794     -0.4294240    
 -0.1280715     -0.3870495     -0.1235914     -0.3504341     -0.1079285    
 -0.3027206     -0.1085978     -0.2453185     -0.1019475     -0.1937395    
 -8.9823417E-02 -0.1368687     -8.7875783E-02 -6.3470379E-02 -7.8642428E-02
  0.1169281      0.1169334      0.1169334      7.1490765E-02 -1.0069321E-02
 -9.0604380E-02 -0.1735392     -0.2588872     -0.3338922     -0.4043822    
 -0.4506623     -0.4631314     -0.3220693     -0.4247079     -0.4007168    
 -0.2888524     -0.3752801     -0.3615789     -0.2598303     -0.3358552    
 -0.3226707     -0.2338640     -0.2956049     -0.2811052     -0.2053031    
 -0.2539710     -0.2393267     -0.1776379     -0.2127430     -0.1991772    
 -0.1620461     -0.1630511     -0.1286361     -0.1241685     -9.5708080E-02
 -8.6434051E-02 -6.3446894E-02 -5.0596863E-02 -3.1456247E-02 -1.6512481E-02
 -1.0447577E-05  1.6144780E-02  3.1188801E-02  4.7575779E-02  6.2000763E-02
  7.8008287E-02  9.2239290E-02  0.1071851      0.1214938      0.1351404    
 -0.9911444     -0.9911885     -0.9911886     -0.9784619     -0.9737023    
 -0.9643362     -0.9090125     -0.8593813     -0.7972085     -0.8296117    
 -0.8917217     -0.8845193     -0.6238649     -0.8773590     -0.8851819    
 -0.6743321     -0.9138187     -0.9195604     -0.6897763     -0.9302435    
 -0.9337959     -0.7094092     -0.9433634     -0.9458627     -0.7300166    
 -0.9568399     -0.9582801     -0.7569939     -0.9663726     -0.9682071    
 -0.8617393     -0.9760817     -0.8783023     -0.9836582     -0.8980173    
 -0.9879913     -0.9198734     -0.9910425     -0.9360589     -0.9940215    
 -0.9530794     -0.9939547     -0.9689407     -0.9936514     -0.9790919    
 -0.9928980     -0.9862854     -0.9903480     -0.9905609     -0.9877006    
    1.65938E+02   ! Azimuth index:  60 in degrees
  2.7144760E-02  3.0638095E-02  3.4131426E-02  3.7624758E-02  4.1118093E-02
  4.4611424E-02  4.8104759E-02  5.1598094E-02  5.5091426E-02  5.8584761E-02
  6.2078092E-02  6.5571427E-02  6.9064766E-02  7.2558090E-02  7.6051429E-02
  7.9544768E-02  8.3038092E-02  8.6531430E-02  9.0024769E-02  9.3518093E-02
  9.7011432E-02  0.1005048      0.1039981      0.1074914      0.1109848    
  0.1144781      0.1179714      0.1214648      0.1249581      0.1284514    
  0.1328181      0.1380581      0.1432981      0.1485381      0.1537781    
  0.1590181      0.1642581      0.1694981      0.1747381      0.1799781    
  0.1852181      0.1904581      0.1956981      0.2009381      0.2061781    
  0.2114181      0.2166581      0.2218981      0.2271381      0.2323781    
  0.0000000E+00  0.0000000E+00  0.0000000E+00  2.1729549E-05  6.5223212E-05
  1.0833047E-04 -3.4858345E-04 -1.2774649E-03 -2.1360943E-03 -3.4056823E-03
 -4.9988450E-03 -6.4512468E-03 -8.2253711E-03 -1.0104306E-02 -1.1773271E-02
 -1.3700267E-02 -1.5696298E-02 -1.7531034E-02 -1.9566886E-02 -2.1653112E-02
 -2.3607137E-02 -2.5727717E-02 -2.7898613E-02 -2.9970046E-02 -3.2181185E-02
 -3.4449756E-02 -3.6651503E-02 -3.8974240E-02 -4.1366681E-02 -4.3720901E-02
 -4.6801344E-02 -5.0589204E-02 -5.4477774E-02 -5.8487117E-02 -6.2593900E-02
 -6.6813804E-02 -7.1127415E-02 -7.5545445E-02 -8.0056950E-02 -8.4667452E-02
 -8.9371786E-02 -9.4170310E-02 -9.9063419E-02 -0.1040463     -0.1091250    
 -0.1142894     -0.1195511     -0.1248949     -0.1303371     -0.1358577    
 -1.6773073E-03 -1.8984445E-03 -2.1183011E-03 -2.3257295E-03 -2.5164643E-03
 -2.7225758E-03 -2.8188606E-03 -2.6931062E-03 -2.3720800E-03 -2.7203383E-03
 -3.0093030E-03 -2.4365652E-03 -3.2834285E-03 -4.1865939E-03 -3.7385125E-03
 -4.6658702E-03 -5.5593667E-03 -5.0938604E-03 -6.0081417E-03 -6.9358163E-03
 -6.5293536E-03 -7.4435454E-03 -8.3548818E-03 -8.0033867E-03 -8.9266207E-03
 -9.8311044E-03 -9.5223226E-03 -1.0422487E-02 -1.1330773E-02 -1.1111606E-02
 -1.1939773E-02 -1.2760006E-02 -1.3573701E-02 -1.4427708E-02 -1.5252011E-02
 -1.6157210E-02 -1.7005512E-02 -1.7932804E-02 -1.8830799E-02 -1.9778991E-02
 -2.0671640E-02 -2.1660488E-02 -2.2576097E-02 -2.3571346E-02 -2.4520824E-02
 -2.5538621E-02 -2.6505422E-02 -2.7571004E-02 -2.8548107E-02 -2.9606413E-02
 -6.2965900E-02 -6.2243320E-02 -6.2243640E-02  0.1936376      0.2275933    
  0.2486996      0.3789282      0.4409646      0.5029781     -0.3849637    
  4.1712046E-02  5.6038350E-02 -0.7120683     -0.2232316     -0.2363146    
 -0.6795546     -0.1551519     -0.1537647     -0.6757520     -0.1476946    
 -0.1544910     -0.6648164     -0.1504709     -0.1620952     -0.6517953    
 -0.1411065     -0.1561025     -0.6287239     -0.1442624     -0.1511290    
 -0.4806401     -0.1435797     -0.4603010     -0.1301388     -0.4292245    
 -0.1277984     -0.3868200     -0.1232852     -0.3501682     -0.1076114    
 -0.3024137     -0.1082457     -0.2449928     -0.1015609     -0.1933668    
 -8.9430131E-02 -0.1364545     -8.7448843E-02 -6.3036487E-02 -7.8189388E-02
  0.1169279      0.1169332      0.1169332      7.1490988E-02 -1.0069340E-02
 -9.0604156E-02 -0.1735385     -0.2588858     -0.3338894     -0.4043876    
 -0.4506614     -0.4631301     -0.3220767     -0.4247151     -0.4007242    
 -0.2888648     -0.3752855     -0.3615837     -0.2598436     -0.3358612    
 -0.3226776     -0.2338777     -0.2956112     -0.2811123     -0.2053190    
 -0.2539769     -0.2393333     -0.1776543     -0.2127487     -0.1991836    
 -0.1620600     -0.1630564     -0.1286492     -0.1241724     -9.5718123E-02
 -8.6437106E-02 -6.3453540E-02 -5.0598852E-02 -3.1459615E-02 -1.6513053E-02
 -1.0447577E-05  1.6145406E-02  3.1191448E-02  4.7577672E-02  6.2005423E-02
  7.8011058E-02  9.2244618E-02  0.1071892      0.1214972      0.1351453    
 -0.9911424     -0.9911873     -0.9911874     -0.9784649     -0.9737042    
 -0.9643337     -0.9090092     -0.8593767     -0.7972019     -0.8296226    
 -0.8917199     -0.8845170     -0.6238793     -0.8773738     -0.8851981    
 -0.6743610     -0.9138319     -0.9195726     -0.6898119     -0.9302601    
 -0.9338157     -0.7094508     -0.9433835     -0.9458864     -0.7300733    
 -0.9568619     -0.9583066     -0.7570636     -0.9663987     -0.9682385    
 -0.8618131     -0.9761134     -0.8783920     -0.9836895     -0.8981116    
 -0.9880264     -0.9199696     -0.9910804     -0.9361584     -0.9940559    
 -0.9531767     -0.9939930     -0.9690230     -0.9936910     -0.9791653    
 -0.9929333     -0.9863423     -0.9903854     -0.9905881     -0.9877360    
    1.68750E+02   ! Azimuth index:  61 in degrees
  2.7144760E-02  3.0638095E-02  3.4131426E-02  3.7624758E-02  4.1118093E-02
  4.4611424E-02  4.8104759E-02  5.1598094E-02  5.5091426E-02  5.8584761E-02
  6.2078092E-02  6.5571427E-02  6.9064766E-02  7.2558090E-02  7.6051429E-02
  7.9544768E-02  8.3038092E-02  8.6531430E-02  9.0024769E-02  9.3518093E-02
  9.7011432E-02  0.1005048      0.1039981      0.1074914      0.1109848    
  0.1144781      0.1179714      0.1214648      0.1249581      0.1284514    
  0.1328181      0.1380581      0.1432981      0.1485381      0.1537781    
  0.1590181      0.1642581      0.1694981      0.1747381      0.1799781    
  0.1852181      0.1904581      0.1956981      0.2009381      0.2061781    
  0.2114181      0.2166581      0.2218981      0.2271381      0.2323781    
  0.0000000E+00  0.0000000E+00  0.0000000E+00  2.1729549E-05  6.5223212E-05
  1.0833047E-04 -3.4858345E-04 -1.2774649E-03 -2.1360943E-03 -3.4056823E-03
 -4.9988450E-03 -6.4512468E-03 -8.2253711E-03 -1.0104306E-02 -1.1773271E-02
 -1.3700267E-02 -1.5696298E-02 -1.7531034E-02 -1.9566886E-02 -2.1653112E-02
 -2.3607137E-02 -2.5727717E-02 -2.7898613E-02 -2.9970046E-02 -3.2181185E-02
 -3.4449756E-02 -3.6651503E-02 -3.8974240E-02 -4.1366681E-02 -4.3720901E-02
 -4.6801344E-02 -5.0589204E-02 -5.4477774E-02 -5.8487117E-02 -6.2593900E-02
 -6.6813804E-02 -7.1127415E-02 -7.5545445E-02 -8.0056950E-02 -8.4667452E-02
 -8.9371786E-02 -9.4170310E-02 -9.9063419E-02 -0.1040463     -0.1091250    
 -0.1142894     -0.1195511     -0.1248949     -0.1303371     -0.1358577    
 -1.6793117E-03 -1.9005407E-03 -2.1204664E-03 -2.3279579E-03 -2.5187368E-03
 -2.7248431E-03 -2.8210874E-03 -2.6952866E-03 -2.3741964E-03 -2.7223416E-03
 -3.0111345E-03 -2.4382039E-03 -3.2848767E-03 -4.1877902E-03 -3.7393933E-03
 -4.6664244E-03 -5.5595678E-03 -5.0937072E-03 -6.0076173E-03 -6.9348589E-03
 -6.5278970E-03 -7.4415971E-03 -8.3524361E-03 -8.0003738E-03 -8.9230174E-03
 -9.8268967E-03 -9.5174741E-03 -1.0416953E-02 -1.1324540E-02 -1.1104620E-02
 -1.1931824E-02 -1.2750862E-02 -1.3563240E-02 -1.4415883E-02 -1.5238767E-02
 -1.6142458E-02 -1.6989201E-02 -1.7914839E-02 -1.8811094E-02 -1.9757526E-02
 -2.0648330E-02 -2.1635236E-02 -2.2548893E-02 -2.3542095E-02 -2.4489421E-02
 -2.5505049E-02 -2.6469588E-02 -2.7532820E-02 -2.8507536E-02 -2.9563382E-02
 -6.2997885E-02 -6.2262964E-02 -6.2263124E-02  0.1936222      0.2275852    
  0.2487102      0.3789372      0.4409750      0.5029911     -0.3849332    
  4.1761782E-02  5.6087177E-02 -0.7120516     -0.2231556     -0.2362383    
 -0.6795193     -0.1550571     -0.1536768     -0.6757088     -0.1475726    
 -0.1543506     -0.6647651     -0.1503264     -0.1619391     -0.6517238    
 -0.1409406     -0.1559225     -0.6286317     -0.1440722     -0.1509102    
 -0.4804977     -0.1433485     -0.4601191     -0.1298884     -0.4290165    
 -0.1275147     -0.3865815     -0.1229663     -0.3498914     -0.1072816    
 -0.3020947     -0.1078793     -0.2446541     -0.1011584     -0.1929796    
 -8.9020513E-02 -0.1360236     -8.7005220E-02 -6.2585518E-02 -7.7718161E-02
  0.1169277      0.1169331      0.1169330      7.1491204E-02 -1.0069359E-02
 -9.0603903E-02 -0.1735378     -0.2588843     -0.3338865     -0.4043931    
 -0.4506605     -0.4631289     -0.3220845     -0.4247227     -0.4007318    
 -0.2888777     -0.3752911     -0.3615887     -0.2598577     -0.3358673    
 -0.3226847     -0.2338921     -0.2956178     -0.2811196     -0.2053356    
 -0.2539829     -0.2393402     -0.1776713     -0.2127547     -0.1991904    
 -0.1620744     -0.1630619     -0.1286629     -0.1241765     -9.5728599E-02
 -8.6440310E-02 -6.3460439E-02 -5.0600849E-02 -3.1463061E-02 -1.6513644E-02
 -1.0475516E-05  1.6146019E-02  3.1194231E-02  4.7579668E-02  6.2010229E-02
  7.8013964E-02  9.2250168E-02  0.1071933      0.1215005      0.1351501    
 -0.9911403     -0.9911861     -0.9911861     -0.9784680     -0.9737061    
 -0.9643310     -0.9090055     -0.8593718     -0.7971950     -0.8296341    
 -0.8917180     -0.8845145     -0.6238944     -0.8773894     -0.8852149    
 -0.6743910     -0.9138457     -0.9195853     -0.6898491     -0.9302772    
 -0.9338364     -0.7094942     -0.9434045     -0.9459110     -0.7301323    
 -0.9568847     -0.9583341     -0.7571360     -0.9664258     -0.9682713    
 -0.8618897     -0.9761465     -0.8784852     -0.9837221     -0.8982099    
 -0.9880628     -0.9200693     -0.9911201     -0.9362618     -0.9940915    
 -0.9532779     -0.9940329     -0.9691085     -0.9937320     -0.9792413    
 -0.9929698     -0.9864013     -0.9904240     -0.9906163     -0.9877725    
    1.71562E+02   ! Azimuth index:  62 in degrees
  2.7144760E-02  3.0638095E-02  3.4131426E-02  3.7624758E-02  4.1118093E-02
  4.4611424E-02  4.8104759E-02  5.1598094E-02  5.5091426E-02  5.8584761E-02
  6.2078092E-02  6.5571427E-02  6.9064766E-02  7.2558090E-02  7.6051429E-02
  7.9544768E-02  8.3038092E-02  8.6531430E-02  9.0024769E-02  9.3518093E-02
  9.7011432E-02  0.1005048      0.1039981      0.1074914      0.1109848    
  0.1144781      0.1179714      0.1214648      0.1249581      0.1284514    
  0.1328181      0.1380581      0.1432981      0.1485381      0.1537781    
  0.1590181      0.1642581      0.1694981      0.1747381      0.1799781    
  0.1852181      0.1904581      0.1956981      0.2009381      0.2061781    
  0.2114181      0.2166581      0.2218981      0.2271381      0.2323781    
  0.0000000E+00  0.0000000E+00  0.0000000E+00  2.1729549E-05  6.5223212E-05
  1.0833047E-04 -3.4858345E-04 -1.2774649E-03 -2.1360943E-03 -3.4056823E-03
 -4.9988450E-03 -6.4512468E-03 -8.2253711E-03 -1.0104306E-02 -1.1773271E-02
 -1.3700267E-02 -1.5696298E-02 -1.7531034E-02 -1.9566886E-02 -2.1653112E-02
 -2.3607137E-02 -2.5727717E-02 -2.7898613E-02 -2.9970046E-02 -3.2181185E-02
 -3.4449756E-02 -3.6651503E-02 -3.8974240E-02 -4.1366681E-02 -4.3720901E-02
 -4.6801344E-02 -5.0589204E-02 -5.4477774E-02 -5.8487117E-02 -6.2593900E-02
 -6.6813804E-02 -7.1127415E-02 -7.5545445E-02 -8.0056950E-02 -8.4667452E-02
 -8.9371786E-02 -9.4170310E-02 -9.9063419E-02 -0.1040463     -0.1091250    
 -0.1142894     -0.1195511     -0.1248949     -0.1303371     -0.1358577    
 -1.6812708E-03 -1.9025820E-03 -2.1225680E-03 -2.3301132E-03 -2.5209277E-03
 -2.7270196E-03 -2.8232126E-03 -2.6973546E-03 -2.3761899E-03 -2.7242103E-03
 -3.0128183E-03 -2.4396819E-03 -3.2861526E-03 -4.1888012E-03 -3.7400734E-03
 -4.6667624E-03 -5.5595366E-03 -5.0933072E-03 -6.0068322E-03 -6.9336239E-03
 -6.5261442E-03 -7.4393349E-03 -8.3496599E-03 -7.9970118E-03 -8.9190453E-03
 -9.8223034E-03 -9.5122196E-03 -1.0410992E-02 -1.1317858E-02 -1.1097165E-02
 -1.1923378E-02 -1.2741192E-02 -1.3552215E-02 -1.4403459E-02 -1.5224889E-02
 -1.6127035E-02 -1.6972175E-02 -1.7896120E-02 -1.8790595E-02 -1.9735225E-02
 -2.0624142E-02 -2.1609060E-02 -2.2520725E-02 -2.3511831E-02 -2.4456957E-02
 -2.5470370E-02 -2.6432604E-02 -2.7493430E-02 -2.8465711E-02 -2.9519044E-02
 -6.3027494E-02 -6.2279828E-02 -6.2280074E-02  0.1936093      0.2275791    
  0.2487235      0.3789488      0.4409874      0.5030058     -0.3848996    
  4.1814569E-02  5.6139350E-02 -0.7120338     -0.2230761     -0.2361588    
 -0.6794825     -0.1549579     -0.1535853     -0.6756637     -0.1474462    
 -0.1542055     -0.6647120     -0.1501771     -0.1617774     -0.6516503    
 -0.1407699     -0.1557371     -0.6285368     -0.1438758     -0.1506857    
 -0.4803514     -0.1431110     -0.4599322     -0.1296317     -0.4288033    
 -0.1272231     -0.3863373     -0.1226395     -0.3496078     -0.1069441    
 -0.3017685     -0.1075047     -0.2443079     -0.1007464     -0.1925838    
 -8.8602349E-02 -0.1355834     -8.6551681E-02 -6.2125225E-02 -7.7236466E-02
  0.1169274      0.1169329      0.1169329      7.1491383E-02 -1.0069380E-02
 -9.0603575E-02 -0.1735370     -0.2588826     -0.3338832     -0.4043992    
 -0.4506595     -0.4631275     -0.3220927     -0.4247306     -0.4007397    
 -0.2888911     -0.3752971     -0.3615939     -0.2598722     -0.3358738    
 -0.3226921     -0.2339068     -0.2956246     -0.2811272     -0.2053528    
 -0.2539892     -0.2393472     -0.1776888     -0.2127608     -0.1991973    
 -0.1620892     -0.1630676     -0.1286769     -0.1241807     -9.5739342E-02
 -8.6443566E-02 -6.3467443E-02 -5.0602913E-02 -3.1466644E-02 -1.6514249E-02
 -1.0451302E-05  1.6146744E-02  3.1197067E-02  4.7581628E-02  6.2015101E-02
  7.8016892E-02  9.2255786E-02  0.1071976      0.1215041      0.1351553    
 -0.9911385     -0.9911851     -0.9911851     -0.9784705     -0.9737076    
 -0.9643276     -0.9090010     -0.8593660     -0.7971870     -0.8296466    
 -0.8917161     -0.8845119     -0.6239104     -0.8774058     -0.8852325    
 -0.6744224     -0.9138601     -0.9195986     -0.6898878     -0.9302948    
 -0.9338579     -0.7095390     -0.9434261     -0.9459364     -0.7301932    
 -0.9569082     -0.9583626     -0.7572109     -0.9664536     -0.9683048    
 -0.8619685     -0.9761804     -0.8785810     -0.9837554     -0.8983105    
 -0.9881001     -0.9201714     -0.9911605     -0.9363676     -0.9941279    
 -0.9533812     -0.9940735     -0.9691958     -0.9937736     -0.9793190    
 -0.9930071     -0.9864614     -0.9904633     -0.9906449     -0.9878095    
    1.74375E+02   ! Azimuth index:  63 in degrees
  2.7144760E-02  3.0638095E-02  3.4131426E-02  3.7624758E-02  4.1118093E-02
  4.4611424E-02  4.8104759E-02  5.1598094E-02  5.5091426E-02  5.8584761E-02
  6.2078092E-02  6.5571427E-02  6.9064766E-02  7.2558090E-02  7.6051429E-02
  7.9544768E-02  8.3038092E-02  8.6531430E-02  9.0024769E-02  9.3518093E-02
  9.7011432E-02  0.1005048      0.1039981      0.1074914      0.1109848    
  0.1144781      0.1179714      0.1214648      0.1249581      0.1284514    
  0.1328181      0.1380581      0.1432981      0.1485381      0.1537781    
  0.1590181      0.1642581      0.1694981      0.1747381      0.1799781    
  0.1852181      0.1904581      0.1956981      0.2009381      0.2061781    
  0.2114181      0.2166581      0.2218981      0.2271381      0.2323781    
  0.0000000E+00  0.0000000E+00  0.0000000E+00  2.1729549E-05  6.5223212E-05
  1.0833047E-04 -3.4858345E-04 -1.2774649E-03 -2.1360943E-03 -3.4056823E-03
 -4.9988450E-03 -6.4512468E-03 -8.2253711E-03 -1.0104306E-02 -1.1773271E-02
 -1.3700267E-02 -1.5696298E-02 -1.7531034E-02 -1.9566886E-02 -2.1653112E-02
 -2.3607137E-02 -2.5727717E-02 -2.7898613E-02 -2.9970046E-02 -3.2181185E-02
 -3.4449756E-02 -3.6651503E-02 -3.8974240E-02 -4.1366681E-02 -4.3720901E-02
 -4.6801344E-02 -5.0589204E-02 -5.4477774E-02 -5.8487117E-02 -6.2593900E-02
 -6.6813804E-02 -7.1127415E-02 -7.5545445E-02 -8.0056950E-02 -8.4667452E-02
 -8.9371786E-02 -9.4170310E-02 -9.9063419E-02 -0.1040463     -0.1091250    
 -0.1142894     -0.1195511     -0.1248949     -0.1303371     -0.1358577    
 -1.6830903E-03 -1.9044660E-03 -2.1244939E-03 -2.3320769E-03 -2.5229109E-03
 -2.7289726E-03 -2.8250965E-03 -2.6991654E-03 -2.3779119E-03 -2.7257926E-03
 -3.0141990E-03 -2.4408414E-03 -3.2870960E-03 -4.1894652E-03 -3.7403917E-03
 -4.6667242E-03 -5.5591147E-03 -5.0925016E-03 -6.0056290E-03 -6.9319573E-03
 -6.5239458E-03 -7.4366154E-03 -8.3464142E-03 -7.9931654E-03 -8.9145768E-03
 -9.8172026E-03 -9.5064472E-03 -1.0404502E-02 -1.1310633E-02 -1.1089154E-02
 -1.1914363E-02 -1.2730937E-02 -1.3540588E-02 -1.4390418E-02 -1.5210381E-02
 -1.6110968E-02 -1.6954493E-02 -1.7876731E-02 -1.8769413E-02 -1.9712225E-02
 -2.0599246E-02 -2.1582164E-02 -2.2491820E-02 -2.3480823E-02 -2.4423741E-02
 -2.5434930E-02 -2.6394844E-02 -2.7453255E-02 -2.8423093E-02 -2.9473906E-02
 -6.3051850E-02 -6.2291775E-02 -6.2291950E-02  0.1936006      0.2275771    
  0.2487414      0.3789641      0.4410029      0.5030231     -0.3848632    
  4.1872226E-02  5.6195267E-02 -0.7120151     -0.2229928     -0.2360755    
 -0.6794439     -0.1548555     -0.1534906     -0.6756172     -0.1473159    
 -0.1540567     -0.6646577     -0.1500241     -0.1616124     -0.6515749    
 -0.1405969     -0.1555488     -0.6284400     -0.1436764     -0.1504573    
 -0.4802033     -0.1428704     -0.4597431     -0.1293728     -0.4285877    
 -0.1269293     -0.3860910     -0.1223101     -0.3493219     -0.1066048    
 -0.3014398     -0.1071273     -0.2439600     -0.1003331     -0.1921855    
 -8.8182904E-02 -0.1351407     -8.6096443E-02 -6.1664011E-02 -7.6753303E-02
  0.1169273      0.1169329      0.1169329      7.1491510E-02 -1.0069384E-02
 -9.0603150E-02 -0.1735358     -0.2588803     -0.3338794     -0.4044059    
 -0.4506584     -0.4631261     -0.3221014     -0.4247389     -0.4007481    
 -0.2889051     -0.3753032     -0.3615993     -0.2598872     -0.3358803    
 -0.3226997     -0.2339219     -0.2956316     -0.2811348     -0.2053703    
 -0.2539955     -0.2393544     -0.1777067     -0.2127671     -0.1992043    
 -0.1621042     -0.1630733     -0.1286911     -0.1241850     -9.5750175E-02
 -8.6446866E-02 -6.3474581E-02 -5.0605010E-02 -3.1470224E-02 -1.6514853E-02
 -1.0453165E-05  1.6147403E-02  3.1199858E-02  4.7583628E-02  6.2020071E-02
  7.8019761E-02  9.2261374E-02  0.1072018      0.1215075      0.1351602    
 -0.9911370     -0.9911844     -0.9911844     -0.9784722     -0.9737080    
 -0.9643230     -0.9089948     -0.8593587     -0.7971778     -0.8296603    
 -0.8917140     -0.8845092     -0.6239272     -0.8774230     -0.8852510    
 -0.6744552     -0.9138749     -0.9196122     -0.6899275     -0.9303131    
 -0.9338798     -0.7095848     -0.9434484     -0.9459623     -0.7302555    
 -0.9569319     -0.9583914     -0.7572869     -0.9664820     -0.9683389    
 -0.8620482     -0.9762146     -0.8786780     -0.9837889     -0.8984122    
 -0.9881375     -0.9202743     -0.9912010     -0.9364741     -0.9941643    
 -0.9534852     -0.9941142     -0.9692833     -0.9938154     -0.9793969    
 -0.9930441     -0.9865217     -0.9905025     -0.9906733     -0.9878465    
    1.77188E+02   ! Azimuth index:  64 in degrees
  2.7144760E-02  3.0638095E-02  3.4131426E-02  3.7624758E-02  4.1118093E-02
  4.4611424E-02  4.8104759E-02  5.1598094E-02  5.5091426E-02  5.8584761E-02
  6.2078092E-02  6.5571427E-02  6.9064766E-02  7.2558090E-02  7.6051429E-02
  7.9544768E-02  8.3038092E-02  8.6531430E-02  9.0024769E-02  9.3518093E-02
  9.7011432E-02  0.1005048      0.1039981      0.1074914      0.1109848    
  0.1144781      0.1179714      0.1214648      0.1249581      0.1284514    
  0.1328181      0.1380581      0.1432981      0.1485381      0.1537781    
  0.1590181      0.1642581      0.1694981      0.1747381      0.1799781    
  0.1852181      0.1904581      0.1956981      0.2009381      0.2061781    
  0.2114181      0.2166581      0.2218981      0.2271381      0.2323781    
  0.0000000E+00  0.0000000E+00  0.0000000E+00  2.1729549E-05  6.5223212E-05
  1.0833047E-04 -3.4858345E-04 -1.2774649E-03 -2.1360943E-03 -3.4056823E-03
 -4.9988450E-03 -6.4512468E-03 -8.2253711E-03 -1.0104306E-02 -1.1773271E-02
 -1.3700267E-02 -1.5696298E-02 -1.7531034E-02 -1.9566886E-02 -2.1653112E-02
 -2.3607137E-02 -2.5727717E-02 -2.7898613E-02 -2.9970046E-02 -3.2181185E-02
 -3.4449756E-02 -3.6651503E-02 -3.8974240E-02 -4.1366681E-02 -4.3720901E-02
 -4.6801344E-02 -5.0589204E-02 -5.4477774E-02 -5.8487117E-02 -6.2593900E-02
 -6.6813804E-02 -7.1127415E-02 -7.5545445E-02 -8.0056950E-02 -8.4667452E-02
 -8.9371786E-02 -9.4170310E-02 -9.9063419E-02 -0.1040463     -0.1091250    
 -0.1142894     -0.1195511     -0.1248949     -0.1303371     -0.1358577    
 -1.6847067E-03 -1.9061227E-03 -2.1261694E-03 -2.3337672E-03 -2.5246015E-03
 -2.7306126E-03 -2.8266469E-03 -2.7006222E-03 -2.3792626E-03 -2.7269861E-03
 -3.0151731E-03 -2.4415774E-03 -3.2876018E-03 -4.1896775E-03 -3.7402427E-03
 -4.6662036E-03 -5.5581965E-03 -5.0911894E-03 -6.0039079E-03 -6.9297608E-03
 -6.5212063E-03 -7.4333460E-03 -8.3426107E-03 -7.9887556E-03 -8.9095347E-03
 -9.8115206E-03 -9.5000882E-03 -1.0397421E-02 -1.1302812E-02 -1.1080540E-02
 -1.1904744E-02 -1.2720073E-02 -1.3528351E-02 -1.4376767E-02 -1.5195262E-02
 -1.6094290E-02 -1.6936209E-02 -1.7856745E-02 -1.8747639E-02 -1.9688645E-02
 -2.0573780E-02 -2.1554710E-02 -2.2462372E-02 -2.3449287E-02 -2.4390010E-02
 -2.5398992E-02 -2.6356611E-02 -2.7412627E-02 -2.8380042E-02 -2.9428361E-02
 -6.3069396E-02 -6.2297098E-02 -6.2297206E-02  0.1935976      0.2275800    
  0.2487647      0.3789843      0.4410222      0.5030430     -0.3848225    
  4.1933943E-02  5.6255512E-02 -0.7119950     -0.2229057     -0.2359885    
 -0.6794037     -0.1547491     -0.1533935     -0.6755694     -0.1471823    
 -0.1539055     -0.6646025     -0.1498694     -0.1614447     -0.6514985    
 -0.1404226     -0.1553589     -0.6283425     -0.1434748     -0.1502281    
 -0.4800546     -0.1426292     -0.4595536     -0.1291144     -0.4283721    
 -0.1266364     -0.3858455     -0.1219815     -0.3490369     -0.1062676    
 -0.3011130     -0.1067523     -0.2436148     -9.9921897E-02 -0.1917908    
 -8.7766722E-02 -0.1347022     -8.5644402E-02 -6.1207365E-02 -7.6274768E-02
  0.1169271      0.1169328      0.1169328      7.1491554E-02 -1.0069380E-02
 -9.0602592E-02 -0.1735342     -0.2588776     -0.3338749     -0.4044134    
 -0.4506572     -0.4631245     -0.3221108     -0.4247476     -0.4007568    
 -0.2889198     -0.3753095     -0.3616048     -0.2599026     -0.3358871    
 -0.3227074     -0.2339373     -0.2956386     -0.2811427     -0.2053881    
 -0.2540018     -0.2393617     -0.1777247     -0.2127734     -0.1992113    
 -0.1621192     -0.1630791     -0.1287053     -0.1241892     -9.5761001E-02
 -8.6450115E-02 -6.3481614E-02 -5.0607014E-02 -3.1473767E-02 -1.6515454E-02
 -1.0481104E-05  1.6147999E-02  3.1202648E-02  4.7585614E-02  6.2024925E-02
  7.8022644E-02  9.2266932E-02  0.1072060      0.1215110      0.1351653    
 -0.9911358     -0.9911840     -0.9911841     -0.9784728     -0.9737073    
 -0.9643171     -0.9089866     -0.8593496     -0.7971671     -0.8296755    
 -0.8917117     -0.8845061     -0.6239454     -0.8774409     -0.8852703    
 -0.6744894     -0.9138904     -0.9196263     -0.6899685     -0.9303318    
 -0.9339021     -0.7096314     -0.9434708     -0.9459887     -0.7303187    
 -0.9569559     -0.9584204     -0.7573635     -0.9665105     -0.9683730    
 -0.8621281     -0.9762490     -0.8787750     -0.9838224     -0.8985139    
 -0.9881749     -0.9203767     -0.9912414     -0.9365804     -0.9942004    
 -0.9535885     -0.9941545     -0.9693700     -0.9938568     -0.9794740    
 -0.9930809     -0.9865810     -0.9905412     -0.9907011     -0.9878828    
    1.80000E+02   ! Azimuth index:  65 in degrees
  2.7144760E-02  3.0638095E-02  3.4131426E-02  3.7624758E-02  4.1118093E-02
  4.4611424E-02  4.8104759E-02  5.1598094E-02  5.5091426E-02  5.8584761E-02
  6.2078092E-02  6.5571427E-02  6.9064766E-02  7.2558090E-02  7.6051429E-02
  7.9544768E-02  8.3038092E-02  8.6531430E-02  9.0024769E-02  9.3518093E-02
  9.7011432E-02  0.1005048      0.1039981      0.1074914      0.1109848    
  0.1144781      0.1179714      0.1214648      0.1249581      0.1284514    
  0.1328181      0.1380581      0.1432981      0.1485381      0.1537781    
  0.1590181      0.1642581      0.1694981      0.1747381      0.1799781    
  0.1852181      0.1904581      0.1956981      0.2009381      0.2061781    
  0.2114181      0.2166581      0.2218981      0.2271381      0.2323781    
  0.0000000E+00  0.0000000E+00  0.0000000E+00  2.1729549E-05  6.5223212E-05
  1.0833047E-04 -3.4858345E-04 -1.2774649E-03 -2.1360943E-03 -3.4056823E-03
 -4.9988450E-03 -6.4512468E-03 -8.2253711E-03 -1.0104306E-02 -1.1773271E-02
 -1.3700267E-02 -1.5696298E-02 -1.7531034E-02 -1.9566886E-02 -2.1653112E-02
 -2.3607137E-02 -2.5727717E-02 -2.7898613E-02 -2.9970046E-02 -3.2181185E-02
 -3.4449756E-02 -3.6651503E-02 -3.8974240E-02 -4.1366681E-02 -4.3720901E-02
 -4.6801344E-02 -5.0589204E-02 -5.4477774E-02 -5.8487117E-02 -6.2593900E-02
 -6.6813804E-02 -7.1127415E-02 -7.5545445E-02 -8.0056950E-02 -8.4667452E-02
 -8.9371786E-02 -9.4170310E-02 -9.9063419E-02 -0.1040463     -0.1091250    
 -0.1142894     -0.1195511     -0.1248949     -0.1303371     -0.1358577    
 -1.6860733E-03 -1.9075014E-03 -2.1275394E-03 -2.3351258E-03 -2.5259370E-03
 -2.7318748E-03 -2.8277955E-03 -2.7016555E-03 -2.3801695E-03 -2.7277167E-03
 -3.0156649E-03 -2.4418137E-03 -3.2875920E-03 -4.1893600E-03 -3.7395495E-03
 -4.6651242E-03 -5.5567059E-03 -5.0892942E-03 -6.0015945E-03 -6.9269622E-03
 -6.5178573E-03 -7.4294601E-03 -8.3381869E-03 -7.9837190E-03 -8.9038601E-03
 -9.8052043E-03 -9.4930958E-03 -1.0389703E-02 -1.1294352E-02 -1.1071289E-02
 -1.1894489E-02 -1.2708579E-02 -1.3515492E-02 -1.4362508E-02 -1.5179547E-02
 -1.6077032E-02 -1.6917359E-02 -1.7836217E-02 -1.8725339E-02 -1.9664565E-02
 -2.0547841E-02 -2.1526810E-02 -2.2432510E-02 -2.3417372E-02 -2.4355939E-02
 -2.5362754E-02 -2.6318114E-02 -2.7371775E-02 -2.8336816E-02 -2.9382687E-02
 -6.3078769E-02 -6.2294476E-02 -6.2294770E-02  0.1936012      0.2275888    
  0.2487941      0.3790096      0.4410457      0.5030661     -0.3847779    
  4.2000528E-02  5.6319494E-02 -0.7119737     -0.2228151     -0.2358978    
 -0.6793623     -0.1546398     -0.1532939     -0.6755207     -0.1470466    
 -0.1537523     -0.6645467     -0.1497134     -0.1612760     -0.6514213    
 -0.1402484     -0.1551687     -0.6282448     -0.1432732     -0.1499995    
 -0.4799066     -0.1423890     -0.4593654     -0.1288583     -0.4281582    
 -0.1263460     -0.3856032     -0.1216565     -0.3487550     -0.1059356    
 -0.3007907     -0.1063823     -0.2432755     -9.9517606E-02 -0.1914028    
 -8.7357827E-02 -0.1342704     -8.5200690E-02 -6.0760003E-02 -7.5805113E-02
  0.1169271      0.1169328      0.1169328      7.1491502E-02 -1.0069352E-02
 -9.0601884E-02 -0.1735323     -0.2588743     -0.3338697     -0.4044215    
 -0.4506559     -0.4631228     -0.3221207     -0.4247566     -0.4007659    
 -0.2889349     -0.3753160     -0.3616104     -0.2599184     -0.3358939    
 -0.3227152     -0.2339528     -0.2956457     -0.2811505     -0.2054060    
 -0.2540081     -0.2393689     -0.1777427     -0.2127796     -0.1992183    
 -0.1621342     -0.1630848     -0.1287194     -0.1241934     -9.5771730E-02
 -8.6453319E-02 -6.3488573E-02 -5.0609075E-02 -3.1477317E-02 -1.6516043E-02
 -1.0453165E-05  1.6148672E-02  3.1205354E-02  4.7587551E-02  6.2029742E-02
  7.8025460E-02  9.2272393E-02  0.1072101      0.1215143      0.1351702    
 -0.9911352     -0.9911842     -0.9911842     -0.9784721     -0.9737053    
 -0.9643095     -0.9089765     -0.8593386     -0.7971547     -0.8296921    
 -0.8917091     -0.8845029     -0.6239645     -0.8774595     -0.8852903    
 -0.6745247     -0.9139062     -0.9196406     -0.6900104     -0.9303507    
 -0.9339246     -0.7096786     -0.9434934     -0.9460151     -0.7303825    
 -0.9569798     -0.9584494     -0.7574404     -0.9665390     -0.9684070    
 -0.8622077     -0.9762831     -0.8788713     -0.9838554     -0.8986147    
 -0.9882118     -0.9204778     -0.9912812     -0.9366851     -0.9942358    
 -0.9536902     -0.9941941     -0.9694552     -0.9938973     -0.9795495    
 -0.9931166     -0.9866394     -0.9905791     -0.9907283     -0.9879184    
    1.82812E+02   ! Azimuth index:  66 in degrees
  2.7144760E-02  3.0638095E-02  3.4131426E-02  3.7624758E-02  4.1118093E-02
  4.4611424E-02  4.8104759E-02  5.1598094E-02  5.5091426E-02  5.8584761E-02
  6.2078092E-02  6.5571427E-02  6.9064766E-02  7.2558090E-02  7.6051429E-02
  7.9544768E-02  8.3038092E-02  8.6531430E-02  9.0024769E-02  9.3518093E-02
  9.7011432E-02  0.1005048      0.1039981      0.1074914      0.1109848    
  0.1144781      0.1179714      0.1214648      0.1249581      0.1284514    
  0.1328181      0.1380581      0.1432981      0.1485381      0.1537781    
  0.1590181      0.1642581      0.1694981      0.1747381      0.1799781    
  0.1852181      0.1904581      0.1956981      0.2009381      0.2061781    
  0.2114181      0.2166581      0.2218981      0.2271381      0.2323781    
  0.0000000E+00  0.0000000E+00  0.0000000E+00  2.1729549E-05  6.5223212E-05
  1.0833047E-04 -3.4858345E-04 -1.2774649E-03 -2.1360943E-03 -3.4056823E-03
 -4.9988450E-03 -6.4512468E-03 -8.2253711E-03 -1.0104306E-02 -1.1773271E-02
 -1.3700267E-02 -1.5696298E-02 -1.7531034E-02 -1.9566886E-02 -2.1653112E-02
 -2.3607137E-02 -2.5727717E-02 -2.7898613E-02 -2.9970046E-02 -3.2181185E-02
 -3.4449756E-02 -3.6651503E-02 -3.8974240E-02 -4.1366681E-02 -4.3720901E-02
 -4.6801344E-02 -5.0589204E-02 -5.4477774E-02 -5.8487117E-02 -6.2593900E-02
 -6.6813804E-02 -7.1127415E-02 -7.5545445E-02 -8.0056950E-02 -8.4667452E-02
 -8.9371786E-02 -9.4170310E-02 -9.9063419E-02 -0.1040463     -0.1091250    
 -0.1142894     -0.1195511     -0.1248949     -0.1303371     -0.1358577    
 -1.6871670E-03 -1.9085773E-03 -2.1285773E-03 -2.3361254E-03 -2.5268891E-03
 -2.7327300E-03 -2.8285126E-03 -2.7022338E-03 -2.3806023E-03 -2.7279539E-03
 -3.0156444E-03 -2.4415213E-03 -3.2870388E-03 -4.1884854E-03 -3.7382871E-03
 -4.6634637E-03 -5.5546234E-03 -5.0867982E-03 -5.9986738E-03 -6.9235489E-03
 -6.5138889E-03 -7.4249525E-03 -8.3331391E-03 -7.9780556E-03 -8.8975588E-03
 -9.7982641E-03 -9.4854832E-03 -1.0381370E-02 -1.1285280E-02 -1.1061430E-02
 -1.1883639E-02 -1.2696505E-02 -1.3502069E-02 -1.4347705E-02 -1.5163315E-02
 -1.6059283E-02 -1.6898047E-02 -1.7815256E-02 -1.8702649E-02 -1.9640129E-02
 -2.0521585E-02 -2.1498639E-02 -2.2402424E-02 -2.3385283E-02 -2.4321746E-02
 -2.5326449E-02 -2.6279612E-02 -2.7330980E-02 -2.8293706E-02 -2.9337201E-02
 -6.3079387E-02 -6.2283788E-02 -6.2284105E-02  0.1936117      0.2276036    
  0.2488299      0.3790404      0.4410735      0.5030922     -0.3847294    
  4.2071581E-02  5.6387413E-02 -0.7119509     -0.2227221     -0.2358041    
 -0.6793194     -0.1545277     -0.1531927     -0.6754708     -0.1469091    
 -0.1535982     -0.6644907     -0.1495569     -0.1611064     -0.6513442    
 -0.1400754     -0.1549795     -0.6281475     -0.1430720     -0.1497729    
 -0.4797604     -0.1421515     -0.4591796     -0.1286073     -0.4279474    
 -0.1260610     -0.3853654     -0.1213381     -0.3484786     -0.1056109    
 -0.3004756     -0.1060204     -0.2429448     -9.9122502E-02 -0.1910245    
 -8.6959757E-02 -0.1338499     -8.4768087E-02 -6.0325556E-02 -7.5347677E-02
  0.1169270      0.1169329      0.1169329      7.1491361E-02 -1.0069315E-02
 -9.0601020E-02 -0.1735299     -0.2588704     -0.3338638     -0.4044304    
 -0.4506546     -0.4631210     -0.3221313     -0.4247659     -0.4007753    
 -0.2889505     -0.3753227     -0.3616162     -0.2599345     -0.3359009    
 -0.3227230     -0.2339684     -0.2956527     -0.2811584     -0.2054239    
 -0.2540144     -0.2393761     -0.1777606     -0.2127859     -0.1992252    
 -0.1621490     -0.1630904     -0.1287334     -0.1241974     -9.5782317E-02
 -8.6456485E-02 -6.3495427E-02 -5.0611041E-02 -3.1480744E-02 -1.6516617E-02
 -1.0453165E-05  1.6149299E-02  3.1208057E-02  4.7589473E-02  6.2034402E-02
  7.8028187E-02  9.2277691E-02  0.1072140      0.1215175      0.1351749    
 -0.9911352     -0.9911848     -0.9911848     -0.9784700     -0.9737018    
 -0.9643003     -0.9089641     -0.8593255     -0.7971407     -0.8297105    
 -0.8917065     -0.8844995     -0.6239851     -0.8774786     -0.8853111    
 -0.6745611     -0.9139224     -0.9196552     -0.6900530     -0.9303700    
 -0.9339473     -0.7097259     -0.9435160     -0.9460416     -0.7304462    
 -0.9570034     -0.9584782     -0.7575169     -0.9665674     -0.9684407    
 -0.8622863     -0.9763169     -0.8789665     -0.9838878     -0.8987140    
 -0.9882479     -0.9205769     -0.9913201     -0.9367879     -0.9942704    
 -0.9537895     -0.9942328     -0.9695380     -0.9939366     -0.9796231    
 -0.9931513     -0.9866959     -0.9906157     -0.9907544     -0.9879526    
    1.85625E+02   ! Azimuth index:  67 in degrees
  2.7144760E-02  3.0638095E-02  3.4131426E-02  3.7624758E-02  4.1118093E-02
  4.4611424E-02  4.8104759E-02  5.1598094E-02  5.5091426E-02  5.8584761E-02
  6.2078092E-02  6.5571427E-02  6.9064766E-02  7.2558090E-02  7.6051429E-02
  7.9544768E-02  8.3038092E-02  8.6531430E-02  9.0024769E-02  9.3518093E-02
  9.7011432E-02  0.1005048      0.1039981      0.1074914      0.1109848    
  0.1144781      0.1179714      0.1214648      0.1249581      0.1284514    
  0.1328181      0.1380581      0.1432981      0.1485381      0.1537781    
  0.1590181      0.1642581      0.1694981      0.1747381      0.1799781    
  0.1852181      0.1904581      0.1956981      0.2009381      0.2061781    
  0.2114181      0.2166581      0.2218981      0.2271381      0.2323781    
  0.0000000E+00  0.0000000E+00  0.0000000E+00  2.1729549E-05  6.5223212E-05
  1.0833047E-04 -3.4858345E-04 -1.2774649E-03 -2.1360943E-03 -3.4056823E-03
 -4.9988450E-03 -6.4512468E-03 -8.2253711E-03 -1.0104306E-02 -1.1773271E-02
 -1.3700267E-02 -1.5696298E-02 -1.7531034E-02 -1.9566886E-02 -2.1653112E-02
 -2.3607137E-02 -2.5727717E-02 -2.7898613E-02 -2.9970046E-02 -3.2181185E-02
 -3.4449756E-02 -3.6651503E-02 -3.8974240E-02 -4.1366681E-02 -4.3720901E-02
 -4.6801344E-02 -5.0589204E-02 -5.4477774E-02 -5.8487117E-02 -6.2593900E-02
 -6.6813804E-02 -7.1127415E-02 -7.5545445E-02 -8.0056950E-02 -8.4667452E-02
 -8.9371786E-02 -9.4170310E-02 -9.9063419E-02 -0.1040463     -0.1091250    
 -0.1142894     -0.1195511     -0.1248949     -0.1303371     -0.1358577    
 -1.6879574E-03 -1.9093176E-03 -2.1292483E-03 -2.3367284E-03 -2.5274181E-03
 -2.7331365E-03 -2.8287554E-03 -2.7023142E-03 -2.3805159E-03 -2.7276524E-03
 -3.0150660E-03 -2.4406537E-03 -3.2858960E-03 -4.1870098E-03 -3.7364115E-03
 -4.6611782E-03 -5.5519063E-03 -5.0836611E-03 -5.9951055E-03 -6.9194837E-03
 -6.5092649E-03 -7.4197901E-03 -8.3274366E-03 -7.9717413E-03 -8.8906074E-03
 -9.7906785E-03 -9.4772354E-03 -1.0372408E-02 -1.1275587E-02 -1.1050962E-02
 -1.1872196E-02 -1.2683861E-02 -1.3488101E-02 -1.4332389E-02 -1.5146603E-02
 -1.6041089E-02 -1.6878335E-02 -1.7793939E-02 -1.8679645E-02 -1.9615432E-02
 -2.0495128E-02 -2.1470323E-02 -2.2372255E-02 -2.3353176E-02 -2.4287604E-02
 -2.5290266E-02 -2.6241304E-02 -2.7290456E-02 -2.8250955E-02 -2.9292159E-02
 -6.3070625E-02 -6.2264327E-02 -6.2264521E-02  0.1936297      0.2276250    
  0.2488723      0.3790771      0.4411055      0.5031217     -0.3846766    
  4.2147510E-02  5.6459472E-02 -0.7119274     -0.2226256     -0.2357077    
 -0.6792757     -0.1544131     -0.1530904     -0.6754206     -0.1467705    
 -0.1534440     -0.6644348     -0.1494005     -0.1609377     -0.6512672    
 -0.1399050     -0.1547929     -0.6280509     -0.1428734     -0.1495500    
 -0.4796168     -0.1419185     -0.4589973     -0.1283622     -0.4277413    
 -0.1257832     -0.3851341     -0.1210277     -0.3482100     -0.1052967    
 -0.3001696     -0.1056697     -0.2426253     -9.8739974E-02 -0.1906587    
 -8.6575113E-02 -0.1334437     -8.4350325E-02 -5.9907038E-02 -7.4906930E-02
  0.1169271      0.1169330      0.1169331      7.1491092E-02 -1.0069263E-02
 -9.0599999E-02 -0.1735271     -0.2588658     -0.3338572     -0.4044400    
 -0.4506532     -0.4631191     -0.3221422     -0.4247755     -0.4007849    
 -0.2889665     -0.3753295     -0.3616220     -0.2599507     -0.3359079    
 -0.3227308     -0.2339840     -0.2956598     -0.2811663     -0.2054418    
 -0.2540206     -0.2393832     -0.1777785     -0.2127921     -0.1992321    
 -0.1621635     -0.1630959     -0.1287470     -0.1242014     -9.5792659E-02
 -8.6459562E-02 -6.3502058E-02 -5.0612994E-02 -3.1484123E-02 -1.6517168E-02
 -1.0456890E-05  1.6149908E-02  3.1210629E-02  4.7591254E-02  6.2038869E-02
  7.8030765E-02  9.2282742E-02  0.1072178      0.1215205      0.1351793    
 -0.9911358     -0.9911860     -0.9911860     -0.9784665     -0.9736968    
 -0.9642895     -0.9089493     -0.8593104     -0.7971248     -0.8297302    
 -0.8917036     -0.8844959     -0.6240063     -0.8774985     -0.8853322    
 -0.6745984     -0.9139391     -0.9196699     -0.6900961     -0.9303893    
 -0.9339699     -0.7097731     -0.9435384     -0.9460681     -0.7305099    
 -0.9570268     -0.9585066     -0.7575929     -0.9665954     -0.9684738    
 -0.8623635     -0.9763498     -0.8790596     -0.9839193     -0.8988110    
 -0.9882830     -0.9206733     -0.9913580     -0.9368876     -0.9943036    
 -0.9538858     -0.9942702     -0.9696179     -0.9939746     -0.9796941    
 -0.9931846     -0.9867505     -0.9906510     -0.9907794     -0.9879856    
    1.88438E+02   ! Azimuth index:  68 in degrees
  2.7144760E-02  3.0638095E-02  3.4131426E-02  3.7624758E-02  4.1118093E-02
  4.4611424E-02  4.8104759E-02  5.1598094E-02  5.5091426E-02  5.8584761E-02
  6.2078092E-02  6.5571427E-02  6.9064766E-02  7.2558090E-02  7.6051429E-02
  7.9544768E-02  8.3038092E-02  8.6531430E-02  9.0024769E-02  9.3518093E-02
  9.7011432E-02  0.1005048      0.1039981      0.1074914      0.1109848    
  0.1144781      0.1179714      0.1214648      0.1249581      0.1284514    
  0.1328181      0.1380581      0.1432981      0.1485381      0.1537781    
  0.1590181      0.1642581      0.1694981      0.1747381      0.1799781    
  0.1852181      0.1904581      0.1956981      0.2009381      0.2061781    
  0.2114181      0.2166581      0.2218981      0.2271381      0.2323781    
  0.0000000E+00  0.0000000E+00  0.0000000E+00  2.1729549E-05  6.5223212E-05
  1.0833047E-04 -3.4858345E-04 -1.2774649E-03 -2.1360943E-03 -3.4056823E-03
 -4.9988450E-03 -6.4512468E-03 -8.2253711E-03 -1.0104306E-02 -1.1773271E-02
 -1.3700267E-02 -1.5696298E-02 -1.7531034E-02 -1.9566886E-02 -2.1653112E-02
 -2.3607137E-02 -2.5727717E-02 -2.7898613E-02 -2.9970046E-02 -3.2181185E-02
 -3.4449756E-02 -3.6651503E-02 -3.8974240E-02 -4.1366681E-02 -4.3720901E-02
 -4.6801344E-02 -5.0589204E-02 -5.4477774E-02 -5.8487117E-02 -6.2593900E-02
 -6.6813804E-02 -7.1127415E-02 -7.5545445E-02 -8.0056950E-02 -8.4667452E-02
 -8.9371786E-02 -9.4170310E-02 -9.9063419E-02 -0.1040463     -0.1091250    
 -0.1142894     -0.1195511     -0.1248949     -0.1303371     -0.1358577    
 -1.6883938E-03 -1.9096658E-03 -2.1294905E-03 -2.3368679E-03 -2.5274530E-03
 -2.7330192E-03 -2.8284444E-03 -2.7018120E-03 -2.3798225E-03 -2.7267211E-03
 -3.0138358E-03 -2.4391143E-03 -3.2840651E-03 -4.1848300E-03 -3.7338173E-03
 -4.6581617E-03 -5.5484460E-03 -5.0797723E-03 -5.9907795E-03 -6.9146543E-03
 -6.5038744E-03 -7.4138604E-03 -8.3209686E-03 -7.9646632E-03 -8.8828951E-03
 -9.7823385E-03 -9.4682407E-03 -1.0362711E-02 -1.1265166E-02 -1.1039777E-02
 -1.1860056E-02 -1.2670546E-02 -1.3473494E-02 -1.4316469E-02 -1.5129325E-02
 -1.6022371E-02 -1.6858146E-02 -1.7772198E-02 -1.8656269E-02 -1.9590423E-02
 -2.0468423E-02 -2.1441827E-02 -2.2341974E-02 -2.3321033E-02 -2.4253502E-02
 -2.5254210E-02 -2.6203211E-02 -2.7250236E-02 -2.8208604E-02 -2.9247615E-02
 -6.3050650E-02 -6.2234487E-02 -6.2234581E-02  0.1936564      0.2276540    
  0.2489226      0.3791204      0.4411431      0.5031549     -0.3846192    
  4.2229116E-02  5.6536254E-02 -0.7119022     -0.2225258     -0.2356076    
 -0.6792303     -0.1542960     -0.1529863     -0.6753694     -0.1466304    
 -0.1532893     -0.6643789     -0.1492446     -0.1607697     -0.6511904    
 -0.1397369     -0.1546085     -0.6279559     -0.1426767     -0.1493309    
 -0.4794764     -0.1416905     -0.4588194     -0.1281244     -0.4275405    
 -0.1255137     -0.3849102     -0.1207272     -0.3479499     -0.1049936    
 -0.2998749     -0.1053314     -0.2423181     -9.8372601E-02 -0.1903072    
 -8.6206988E-02 -0.1330533     -8.3949335E-02 -5.9507664E-02 -7.4485093E-02
  0.1169273      0.1169333      0.1169332      7.1490705E-02 -1.0069197E-02
 -9.0598799E-02 -0.1735238     -0.2588605     -0.3338497     -0.4044504    
 -0.4506516     -0.4631171     -0.3221539     -0.4247854     -0.4007949    
 -0.2889830     -0.3753364     -0.3616279     -0.2599672     -0.3359149    
 -0.3227387     -0.2339995     -0.2956668     -0.2811741     -0.2054596    
 -0.2540267     -0.2393902     -0.1777960     -0.2127982     -0.1992387    
 -0.1621777     -0.1631013     -0.1287603     -0.1242053     -9.5802724E-02
 -8.6462528E-02 -6.3508481E-02 -5.0614834E-02 -3.1487338E-02 -1.6517702E-02
 -1.0484830E-05  1.6150460E-02  3.1213066E-02  4.7592998E-02  6.2043209E-02
  7.8033365E-02  9.2287719E-02  0.1072215      0.1215235      0.1351836    
 -0.9911371     -0.9911879     -0.9911879     -0.9784613     -0.9736901    
 -0.9642767     -0.9089319     -0.8592928     -0.7971069     -0.8297517    
 -0.8917006     -0.8844920     -0.6240289     -0.8775191     -0.8853544    
 -0.6746369     -0.9139559     -0.9196849     -0.6901399     -0.9304090    
 -0.9339926     -0.7098203     -0.9435609     -0.9460942     -0.7305734    
 -0.9570496     -0.9585346     -0.7576675     -0.9666232     -0.9685062    
 -0.8624389     -0.9763820     -0.8791505     -0.9839498     -0.8989054    
 -0.9883170     -0.9207664     -0.9913945     -0.9369842     -0.9943357    
 -0.9539786     -0.9943060     -0.9696946     -0.9940110     -0.9797621    
 -0.9932166     -0.9868028     -0.9906846     -0.9908031     -0.9880170    
    1.91250E+02   ! Azimuth index:  69 in degrees
  2.7144760E-02  3.0638095E-02  3.4131426E-02  3.7624758E-02  4.1118093E-02
  4.4611424E-02  4.8104759E-02  5.1598094E-02  5.5091426E-02  5.8584761E-02
  6.2078092E-02  6.5571427E-02  6.9064766E-02  7.2558090E-02  7.6051429E-02
  7.9544768E-02  8.3038092E-02  8.6531430E-02  9.0024769E-02  9.3518093E-02
  9.7011432E-02  0.1005048      0.1039981      0.1074914      0.1109848    
  0.1144781      0.1179714      0.1214648      0.1249581      0.1284514    
  0.1328181      0.1380581      0.1432981      0.1485381      0.1537781    
  0.1590181      0.1642581      0.1694981      0.1747381      0.1799781    
  0.1852181      0.1904581      0.1956981      0.2009381      0.2061781    
  0.2114181      0.2166581      0.2218981      0.2271381      0.2323781    
  0.0000000E+00  0.0000000E+00  0.0000000E+00  2.1729549E-05  6.5223212E-05
  1.0833047E-04 -3.4858345E-04 -1.2774649E-03 -2.1360943E-03 -3.4056823E-03
 -4.9988450E-03 -6.4512468E-03 -8.2253711E-03 -1.0104306E-02 -1.1773271E-02
 -1.3700267E-02 -1.5696298E-02 -1.7531034E-02 -1.9566886E-02 -2.1653112E-02
 -2.3607137E-02 -2.5727717E-02 -2.7898613E-02 -2.9970046E-02 -3.2181185E-02
 -3.4449756E-02 -3.6651503E-02 -3.8974240E-02 -4.1366681E-02 -4.3720901E-02
 -4.6801344E-02 -5.0589204E-02 -5.4477774E-02 -5.8487117E-02 -6.2593900E-02
 -6.6813804E-02 -7.1127415E-02 -7.5545445E-02 -8.0056950E-02 -8.4667452E-02
 -8.9371786E-02 -9.4170310E-02 -9.9063419E-02 -0.1040463     -0.1091250    
 -0.1142894     -0.1195511     -0.1248949     -0.1303371     -0.1358577    
 -1.6884441E-03 -1.9095861E-03 -2.1292651E-03 -2.3365018E-03 -2.5269485E-03
 -2.7323309E-03 -2.8275289E-03 -2.7006743E-03 -2.3784670E-03 -2.7251025E-03
 -3.0118932E-03 -2.4368414E-03 -3.2814811E-03 -4.1818819E-03 -3.7304400E-03
 -4.6543470E-03 -5.5441754E-03 -5.0750640E-03 -5.9856270E-03 -6.9089914E-03
 -6.4976471E-03 -7.4070939E-03 -8.3136652E-03 -7.9567507E-03 -8.8743512E-03
 -9.7731724E-03 -9.4584310E-03 -1.0352207E-02 -1.1253951E-02 -1.1027811E-02
 -1.1847155E-02 -1.2656497E-02 -1.3458185E-02 -1.4299888E-02 -1.5111428E-02
 -1.6003080E-02 -1.6837437E-02 -1.7749991E-02 -1.8632486E-02 -1.9565070E-02
 -2.0441443E-02 -2.1413125E-02 -2.2311568E-02 -2.3288848E-02 -2.4219450E-02
 -2.5218293E-02 -2.6165349E-02 -2.7210347E-02 -2.8166685E-02 -2.9203616E-02
 -6.3018709E-02 -6.2193271E-02 -6.2193569E-02  0.1936929      0.2276914    
  0.2489815      0.3791712      0.4411862      0.5031927     -0.3845564    
  4.2316005E-02  5.6618150E-02 -0.7118756     -0.2224225     -0.2355043    
 -0.6791837     -0.1541763     -0.1528807     -0.6753175     -0.1464891    
 -0.1531348     -0.6643230     -0.1490895     -0.1606019     -0.6511141    
 -0.1395718     -0.1544269     -0.6278618     -0.1424828     -0.1491161    
 -0.4793392     -0.1414678     -0.4586463     -0.1278946     -0.4273454    
 -0.1252533     -0.3846950     -0.1204369     -0.3476988     -0.1047037    
 -0.2995915     -0.1050070     -0.2420254     -9.8020069E-02 -0.1899728    
 -8.5855335E-02 -0.1326811     -8.3567068E-02 -5.9128672E-02 -7.4083507E-02
  0.1169275      0.1169336      0.1169336      7.1490176E-02 -1.0069104E-02
 -9.0597376E-02 -0.1735199     -0.2588544     -0.3338412     -0.4044619    
 -0.4506499     -0.4631150     -0.3221663     -0.4247957     -0.4008053    
 -0.2890000     -0.3753435     -0.3616339     -0.2599840     -0.3359221    
 -0.3227465     -0.2340151     -0.2956738     -0.2811818     -0.2054774    
 -0.2540327     -0.2393971     -0.1778133     -0.2128042     -0.1992453    
 -0.1621915     -0.1631065     -0.1287733     -0.1242090     -9.5812507E-02
 -8.6465411E-02 -6.3514687E-02 -5.0616659E-02 -3.1490467E-02 -1.6518209E-02
 -1.0488555E-05  1.6151043E-02  3.1215442E-02  4.7594633E-02  6.2047258E-02
  7.8035735E-02  9.2292368E-02  0.1072250      0.1215262      0.1351877    
 -0.9911390     -0.9911904     -0.9911904     -0.9784540     -0.9736813    
 -0.9642616     -0.9089114     -0.8592724     -0.7970867     -0.8297752    
 -0.8916973     -0.8844880     -0.6240529     -0.8775402     -0.8853772    
 -0.6746767     -0.9139732     -0.9197001     -0.6901845     -0.9304286    
 -0.9340153     -0.7098675     -0.9435833     -0.9461204     -0.7306363    
 -0.9570722     -0.9585622     -0.7577413     -0.9666505     -0.9685379    
 -0.8625125     -0.9764134     -0.8792390     -0.9839792     -0.8989972    
 -0.9883498     -0.9208559     -0.9914298     -0.9370773     -0.9943663    
 -0.9540676     -0.9943404     -0.9697676     -0.9940457     -0.9798267    
 -0.9932469     -0.9868525     -0.9907166     -0.9908255     -0.9880465    
    1.94062E+02   ! Azimuth index:  70 in degrees
  2.7144760E-02  3.0638095E-02  3.4131426E-02  3.7624758E-02  4.1118093E-02
  4.4611424E-02  4.8104759E-02  5.1598094E-02  5.5091426E-02  5.8584761E-02
  6.2078092E-02  6.5571427E-02  6.9064766E-02  7.2558090E-02  7.6051429E-02
  7.9544768E-02  8.3038092E-02  8.6531430E-02  9.0024769E-02  9.3518093E-02
  9.7011432E-02  0.1005048      0.1039981      0.1074914      0.1109848    
  0.1144781      0.1179714      0.1214648      0.1249581      0.1284514    
  0.1328181      0.1380581      0.1432981      0.1485381      0.1537781    
  0.1590181      0.1642581      0.1694981      0.1747381      0.1799781    
  0.1852181      0.1904581      0.1956981      0.2009381      0.2061781    
  0.2114181      0.2166581      0.2218981      0.2271381      0.2323781    
  0.0000000E+00  0.0000000E+00  0.0000000E+00  2.1729549E-05  6.5223212E-05
  1.0833047E-04 -3.4858345E-04 -1.2774649E-03 -2.1360943E-03 -3.4056823E-03
 -4.9988450E-03 -6.4512468E-03 -8.2253711E-03 -1.0104306E-02 -1.1773271E-02
 -1.3700267E-02 -1.5696298E-02 -1.7531034E-02 -1.9566886E-02 -2.1653112E-02
 -2.3607137E-02 -2.5727717E-02 -2.7898613E-02 -2.9970046E-02 -3.2181185E-02
 -3.4449756E-02 -3.6651503E-02 -3.8974240E-02 -4.1366681E-02 -4.3720901E-02
 -4.6801344E-02 -5.0589204E-02 -5.4477774E-02 -5.8487117E-02 -6.2593900E-02
 -6.6813804E-02 -7.1127415E-02 -7.5545445E-02 -8.0056950E-02 -8.4667452E-02
 -8.9371786E-02 -9.4170310E-02 -9.9063419E-02 -0.1040463     -0.1091250    
 -0.1142894     -0.1195511     -0.1248949     -0.1303371     -0.1358577    
 -1.6880868E-03 -1.9090560E-03 -2.1285475E-03 -2.3356043E-03 -2.5258781E-03
 -2.7310429E-03 -2.8259803E-03 -2.6988722E-03 -2.3764200E-03 -2.7227669E-03
 -3.0092101E-03 -2.4338062E-03 -3.2781176E-03 -4.1781384E-03 -3.7262533E-03
 -4.6497090E-03 -5.5390708E-03 -5.0695147E-03 -5.9796274E-03 -6.9024777E-03
 -6.4905677E-03 -7.3994771E-03 -8.3055152E-03 -7.9479981E-03 -8.8649727E-03
 -9.7631821E-03 -9.4478112E-03 -1.0340907E-02 -1.1241951E-02 -1.1015077E-02
 -1.1833515E-02 -1.2641746E-02 -1.3442214E-02 -1.4282690E-02 -1.5092967E-02
 -1.5983280E-02 -1.6816277E-02 -1.7727401E-02 -1.8608391E-02 -1.9539479E-02
 -2.0414308E-02 -2.1384357E-02 -2.2281181E-02 -2.3256779E-02 -2.4185615E-02
 -2.5182696E-02 -2.6127920E-02 -2.7171001E-02 -2.8125431E-02 -2.9160406E-02
 -6.2974043E-02 -6.2140360E-02 -6.2140703E-02  0.1937393      0.2277374    
  0.2490491      0.3792294      0.4412354      0.5032344     -0.3844884    
  4.2409182E-02  5.6705166E-02 -0.7118474     -0.2223159     -0.2353972    
 -0.6791357     -0.1540536     -0.1527738     -0.6752649     -0.1463464    
 -0.1529803     -0.6642675     -0.1489355     -0.1604361     -0.6510381    
 -0.1394111     -0.1542489     -0.6277695     -0.1422926     -0.1489070    
 -0.4792063     -0.1412520     -0.4584788     -0.1276741     -0.4271577    
 -0.1250037     -0.3844891     -0.1201590     -0.3474593     -0.1044286    
 -0.2993224     -0.1046983     -0.2417490     -9.7686522E-02 -0.1896566    
 -8.5523799E-02 -0.1323294     -8.3206199E-02 -5.8773514E-02 -7.3705383E-02
  0.1169278      0.1169339      0.1169340      7.1489528E-02 -1.0068992E-02
 -9.0595752E-02 -0.1735154     -0.2588474     -0.3338318     -0.4044743    
 -0.4506482     -0.4631127     -0.3221794     -0.4248063     -0.4008160    
 -0.2890175     -0.3753508     -0.3616399     -0.2600010     -0.3359292    
 -0.3227543     -0.2340305     -0.2956808     -0.2811896     -0.2054950    
 -0.2540385     -0.2394038     -0.1778303     -0.2128101     -0.1992516    
 -0.1622049     -0.1631116     -0.1287858     -0.1242125     -9.5821902E-02
 -8.6468138E-02 -6.3520581E-02 -5.0618406E-02 -3.1493478E-02 -1.6518690E-02
 -1.0486692E-05  1.6151542E-02  3.1217631E-02  4.7596201E-02  6.2051132E-02
  7.8037933E-02  9.2296705E-02  0.1072282      0.1215288      0.1351916    
 -0.9911419     -0.9911937     -0.9911938     -0.9784449     -0.9736705    
 -0.9642443     -0.9088880     -0.8592492     -0.7970643     -0.8298006    
 -0.8916938     -0.8844836     -0.6240783     -0.8775621     -0.8854008    
 -0.6747175     -0.9139909     -0.9197156     -0.6902296     -0.9304484    
 -0.9340379     -0.7099143     -0.9436054     -0.9461462     -0.7306991    
 -0.9570940     -0.9585891     -0.7578138     -0.9666772     -0.9685688    
 -0.8625839     -0.9764437     -0.8793244     -0.9840074     -0.8990855    
 -0.9883811     -0.9209415     -0.9914634     -0.9371661     -0.9943952    
 -0.9541522     -0.9943729     -0.9698366     -0.9940785     -0.9798878    
 -0.9932752     -0.9868994     -0.9907466     -0.9908463     -0.9880743    
    1.96875E+02   ! Azimuth index:  71 in degrees
  2.7144760E-02  3.0638095E-02  3.4131426E-02  3.7624758E-02  4.1118093E-02
  4.4611424E-02  4.8104759E-02  5.1598094E-02  5.5091426E-02  5.8584761E-02
  6.2078092E-02  6.5571427E-02  6.9064766E-02  7.2558090E-02  7.6051429E-02
  7.9544768E-02  8.3038092E-02  8.6531430E-02  9.0024769E-02  9.3518093E-02
  9.7011432E-02  0.1005048      0.1039981      0.1074914      0.1109848    
  0.1144781      0.1179714      0.1214648      0.1249581      0.1284514    
  0.1328181      0.1380581      0.1432981      0.1485381      0.1537781    
  0.1590181      0.1642581      0.1694981      0.1747381      0.1799781    
  0.1852181      0.1904581      0.1956981      0.2009381      0.2061781    
  0.2114181      0.2166581      0.2218981      0.2271381      0.2323781    
  0.0000000E+00  0.0000000E+00  0.0000000E+00  2.1729549E-05  6.5223212E-05
  1.0833047E-04 -3.4858345E-04 -1.2774649E-03 -2.1360943E-03 -3.4056823E-03
 -4.9988450E-03 -6.4512468E-03 -8.2253711E-03 -1.0104306E-02 -1.1773271E-02
 -1.3700267E-02 -1.5696298E-02 -1.7531034E-02 -1.9566886E-02 -2.1653112E-02
 -2.3607137E-02 -2.5727717E-02 -2.7898613E-02 -2.9970046E-02 -3.2181185E-02
 -3.4449756E-02 -3.6651503E-02 -3.8974240E-02 -4.1366681E-02 -4.3720901E-02
 -4.6801344E-02 -5.0589204E-02 -5.4477774E-02 -5.8487117E-02 -6.2593900E-02
 -6.6813804E-02 -7.1127415E-02 -7.5545445E-02 -8.0056950E-02 -8.4667452E-02
 -8.9371786E-02 -9.4170310E-02 -9.9063419E-02 -0.1040463     -0.1091250    
 -0.1142894     -0.1195511     -0.1248949     -0.1303371     -0.1358577    
 -1.6872934E-03 -1.9080448E-03 -2.1273056E-03 -2.3341421E-03 -2.5242066E-03
 -2.7291207E-03 -2.8237633E-03 -2.6963702E-03 -2.3736460E-03 -2.7196794E-03
 -3.0057512E-03 -2.4299761E-03 -3.2739420E-03 -4.1735703E-03 -3.7212300E-03
 -4.6442254E-03 -5.5331113E-03 -5.0631063E-03 -5.9727682E-03 -6.8951026E-03
 -6.4826310E-03 -7.3910104E-03 -8.2965242E-03 -7.9384148E-03 -8.8547738E-03
 -9.7523881E-03 -9.4364099E-03 -1.0328845E-02 -1.1229211E-02 -1.1001628E-02
 -1.1819196E-02 -1.2626362E-02 -1.3425664E-02 -1.4264977E-02 -1.5074058E-02
 -1.5963100E-02 -1.6794816E-02 -1.7704595E-02 -1.8584166E-02 -1.9513853E-02
 -2.0387238E-02 -2.1355759E-02 -2.2251077E-02 -2.3225106E-02 -2.4152299E-02
 -2.5147749E-02 -2.6091274E-02 -2.7132578E-02 -2.8085247E-02 -2.9118419E-02
 -6.2916279E-02 -6.2075403E-02 -6.2075518E-02  0.1937959      0.2277922    
  0.2491255      0.3792952      0.4412901      0.5032803     -0.3844150    
  4.2507842E-02  5.6796513E-02 -0.7118180     -0.2222062     -0.2352873    
 -0.6790867     -0.1539292     -0.1526666     -0.6752121     -0.1462042    
 -0.1528275     -0.6642128     -0.1487842     -0.1602728     -0.6509637    
 -0.1392557     -0.1540764     -0.6276800     -0.1421078     -0.1487059    
 -0.4790790     -0.1410451     -0.4583189     -0.1274661     -0.4269792    
 -0.1247676     -0.3842956     -0.1198974     -0.3472335     -0.1041719    
 -0.2990705     -0.1044098     -0.2414917     -9.7375818E-02 -0.1893626    
 -8.5217223E-02 -0.1320032     -8.2871459E-02 -5.8446061E-02 -7.3356457E-02
  0.1169282      0.1169344      0.1169344      7.1488701E-02 -1.0068865E-02
 -9.0593919E-02 -0.1735103     -0.2588396     -0.3338216     -0.4044877    
 -0.4506463     -0.4631103     -0.3221931     -0.4248172     -0.4008269    
 -0.2890353     -0.3753582     -0.3616460     -0.2600180     -0.3359363    
 -0.3227620     -0.2340458     -0.2956875     -0.2811971     -0.2055123    
 -0.2540441     -0.2394104     -0.1778468     -0.2128158     -0.1992577    
 -0.1622178     -0.1631165     -0.1287977     -0.1242159     -9.5830858E-02
 -8.6470746E-02 -6.3526139E-02 -5.0619986E-02 -3.1496260E-02 -1.6519135E-02
 -1.0460615E-05  1.6152065E-02  3.1219693E-02  4.7597684E-02  6.2054746E-02
  7.8039989E-02  9.2300765E-02  0.1072312      0.1215312      0.1351950    
 -0.9911455     -0.9911978     -0.9911978     -0.9784337     -0.9736577    
 -0.9642247     -0.9088615     -0.8592235     -0.7970397     -0.8298281    
 -0.8916900     -0.8844790     -0.6241048     -0.8775846     -0.8854251    
 -0.6747591     -0.9140087     -0.9197310     -0.6902748     -0.9304682    
 -0.9340602     -0.7099605     -0.9436271     -0.9461717     -0.7307606    
 -0.9571152     -0.9586151     -0.7578842     -0.9667031     -0.9685984    
 -0.8626522     -0.9764729     -0.8794060     -0.9840339     -0.8991693    
 -0.9884108     -0.9210219     -0.9914950     -0.9372497     -0.9944221    
 -0.9542310     -0.9944031     -0.9699006     -0.9941089     -0.9799444    
 -0.9933015     -0.9869426     -0.9907743     -0.9908655     -0.9880998    
    1.99688E+02   ! Azimuth index:  72 in degrees
  2.7144760E-02  3.0638095E-02  3.4131426E-02  3.7624758E-02  4.1118093E-02
  4.4611424E-02  4.8104759E-02  5.1598094E-02  5.5091426E-02  5.8584761E-02
  6.2078092E-02  6.5571427E-02  6.9064766E-02  7.2558090E-02  7.6051429E-02
  7.9544768E-02  8.3038092E-02  8.6531430E-02  9.0024769E-02  9.3518093E-02
  9.7011432E-02  0.1005048      0.1039981      0.1074914      0.1109848    
  0.1144781      0.1179714      0.1214648      0.1249581      0.1284514    
  0.1328181      0.1380581      0.1432981      0.1485381      0.1537781    
  0.1590181      0.1642581      0.1694981      0.1747381      0.1799781    
  0.1852181      0.1904581      0.1956981      0.2009381      0.2061781    
  0.2114181      0.2166581      0.2218981      0.2271381      0.2323781    
  0.0000000E+00  0.0000000E+00  0.0000000E+00  2.1729549E-05  6.5223212E-05
  1.0833047E-04 -3.4858345E-04 -1.2774649E-03 -2.1360943E-03 -3.4056823E-03
 -4.9988450E-03 -6.4512468E-03 -8.2253711E-03 -1.0104306E-02 -1.1773271E-02
 -1.3700267E-02 -1.5696298E-02 -1.7531034E-02 -1.9566886E-02 -2.1653112E-02
 -2.3607137E-02 -2.5727717E-02 -2.7898613E-02 -2.9970046E-02 -3.2181185E-02
 -3.4449756E-02 -3.6651503E-02 -3.8974240E-02 -4.1366681E-02 -4.3720901E-02
 -4.6801344E-02 -5.0589204E-02 -5.4477774E-02 -5.8487117E-02 -6.2593900E-02
 -6.6813804E-02 -7.1127415E-02 -7.5545445E-02 -8.0056950E-02 -8.4667452E-02
 -8.9371786E-02 -9.4170310E-02 -9.9063419E-02 -0.1040463     -0.1091250    
 -0.1142894     -0.1195511     -0.1248949     -0.1303371     -0.1358577    
 -1.6860191E-03 -1.9065038E-03 -2.1254872E-03 -2.3320587E-03 -2.5218751E-03
 -2.7265011E-03 -2.8208126E-03 -2.6930999E-03 -2.3700749E-03 -2.7157688E-03
 -3.0014454E-03 -2.4252778E-03 -3.2688812E-03 -4.1681034E-03 -3.7152981E-03
 -4.6378220E-03 -5.5262260E-03 -5.0557693E-03 -5.9649786E-03 -6.8867998E-03
 -6.4737732E-03 -7.3816329E-03 -8.2866335E-03 -7.9279449E-03 -8.8437051E-03
 -9.7407438E-03 -9.4241826E-03 -1.0315984E-02 -1.1215696E-02 -1.0987435E-02
 -1.1804177E-02 -1.2610335E-02 -1.3408536E-02 -1.4246758E-02 -1.5054718E-02
 -1.5942574E-02 -1.6773103E-02 -1.7681632E-02 -1.8559888E-02 -1.9488284E-02
 -2.0360341E-02 -2.1327455E-02 -2.2221394E-02 -2.3194000E-02 -2.4119694E-02
 -2.5113657E-02 -2.6055634E-02 -2.7095323E-02 -2.8046397E-02 -2.9077943E-02
 -6.2844023E-02 -6.1997082E-02 -6.1997347E-02  0.1938638      0.2278568    
  0.2492114      0.3793692      0.4413514      0.5033308     -0.3843364    
  4.2612180E-02  5.6892775E-02 -0.7117872     -0.2220940     -0.2351754    
 -0.6790367     -0.1538039     -0.1525589     -0.6751592     -0.1460630    
 -0.1526775     -0.6641592     -0.1486361     -0.1601140     -0.6508911    
 -0.1391069     -0.1539107     -0.6275938     -0.1419302     -0.1485143    
 -0.4789586     -0.1408493     -0.4581682     -0.1272719     -0.4268117    
 -0.1245482     -0.3841160     -0.1196546     -0.3470246     -0.1039359    
 -0.2988389     -0.1041443     -0.2412581     -9.7091682E-02 -0.1890952    
 -8.4938265E-02 -0.1317059     -8.2567200E-02 -5.8151875E-02 -7.3040478E-02
  0.1169288      0.1169350      0.1169350      7.1487725E-02 -1.0068701E-02
 -9.0591848E-02 -0.1735047     -0.2588309     -0.3338102     -0.4045021    
 -0.4506443     -0.4631077     -0.3222074     -0.4248283     -0.4008381    
 -0.2890535     -0.3753656     -0.3616520     -0.2600350     -0.3359435    
 -0.3227696     -0.2340606     -0.2956942     -0.2812044     -0.2055292    
 -0.2540495     -0.2394166     -0.1778627     -0.2128212     -0.1992635    
 -0.1622299     -0.1631211     -0.1288090     -0.1242190     -9.5839210E-02
 -8.6473152E-02 -6.3531287E-02 -5.0621510E-02 -3.1498883E-02 -1.6519547E-02
 -1.0460615E-05  1.6152548E-02  3.1221626E-02  4.7599047E-02  6.2058002E-02
  7.8041852E-02  9.2304438E-02  0.1072340      0.1215332      0.1351981    
 -0.9911500     -0.9912025     -0.9912027     -0.9784204     -0.9736426    
 -0.9642028     -0.9088318     -0.8591947     -0.7970124     -0.8298575    
 -0.8916860     -0.8844742     -0.6241325     -0.8776076     -0.8854498    
 -0.6748016     -0.9140269     -0.9197465     -0.6903201     -0.9304879    
 -0.9340821     -0.7100057     -0.9436483     -0.9461964     -0.7308205    
 -0.9571354     -0.9586403     -0.7579518     -0.9667280     -0.9686267    
 -0.8627167     -0.9765003     -0.8794829     -0.9840587     -0.8992478    
 -0.9884382     -0.9210965     -0.9915242     -0.9373269     -0.9944469    
 -0.9543036     -0.9944310     -0.9699587     -0.9941366     -0.9799957    
 -0.9933252     -0.9869820     -0.9907995     -0.9908824     -0.9881228    
    2.02500E+02   ! Azimuth index:  73 in degrees
  2.7144760E-02  3.0638095E-02  3.4131426E-02  3.7624758E-02  4.1118093E-02
  4.4611424E-02  4.8104759E-02  5.1598094E-02  5.5091426E-02  5.8584761E-02
  6.2078092E-02  6.5571427E-02  6.9064766E-02  7.2558090E-02  7.6051429E-02
  7.9544768E-02  8.3038092E-02  8.6531430E-02  9.0024769E-02  9.3518093E-02
  9.7011432E-02  0.1005048      0.1039981      0.1074914      0.1109848    
  0.1144781      0.1179714      0.1214648      0.1249581      0.1284514    
  0.1328181      0.1380581      0.1432981      0.1485381      0.1537781    
  0.1590181      0.1642581      0.1694981      0.1747381      0.1799781    
  0.1852181      0.1904581      0.1956981      0.2009381      0.2061781    
  0.2114181      0.2166581      0.2218981      0.2271381      0.2323781    
  0.0000000E+00  0.0000000E+00  0.0000000E+00  2.1729549E-05  6.5223212E-05
  1.0833047E-04 -3.4858345E-04 -1.2774649E-03 -2.1360943E-03 -3.4056823E-03
 -4.9988450E-03 -6.4512468E-03 -8.2253711E-03 -1.0104306E-02 -1.1773271E-02
 -1.3700267E-02 -1.5696298E-02 -1.7531034E-02 -1.9566886E-02 -2.1653112E-02
 -2.3607137E-02 -2.5727717E-02 -2.7898613E-02 -2.9970046E-02 -3.2181185E-02
 -3.4449756E-02 -3.6651503E-02 -3.8974240E-02 -4.1366681E-02 -4.3720901E-02
 -4.6801344E-02 -5.0589204E-02 -5.4477774E-02 -5.8487117E-02 -6.2593900E-02
 -6.6813804E-02 -7.1127415E-02 -7.5545445E-02 -8.0056950E-02 -8.4667452E-02
 -8.9371786E-02 -9.4170310E-02 -9.9063419E-02 -0.1040463     -0.1091250    
 -0.1142894     -0.1195511     -0.1248949     -0.1303371     -0.1358577    
 -1.6842007E-03 -1.9043628E-03 -2.1230150E-03 -2.3292713E-03 -2.5187947E-03
 -2.7230913E-03 -2.8170296E-03 -2.6889583E-03 -2.3655994E-03 -2.7109233E-03
 -2.9961760E-03 -2.4195923E-03 -3.2628137E-03 -4.1616145E-03 -3.7083302E-03
 -4.6303715E-03 -5.5182842E-03 -5.0473716E-03 -5.9561273E-03 -6.8774354E-03
 -6.4638606E-03 -7.3712105E-03 -8.2757100E-03 -7.9164580E-03 -8.8316333E-03
 -9.7281197E-03 -9.4110025E-03 -1.0302196E-02 -1.1201282E-02 -1.0972374E-02
 -1.1788340E-02 -1.2593552E-02 -1.3390722E-02 -1.4227932E-02 -1.5034857E-02
 -1.5921619E-02 -1.6751060E-02 -1.7658450E-02 -1.8535502E-02 -1.9462727E-02
 -2.0333592E-02 -2.1299435E-02 -2.2192137E-02 -2.3163464E-02 -2.4087816E-02
 -2.5080461E-02 -2.6021065E-02 -2.7059315E-02 -2.8008981E-02 -2.9039094E-02
 -6.2755480E-02 -6.1903749E-02 -6.1903954E-02  0.1939445      0.2279324    
  0.2493081      0.3794526      0.4414199      0.5033863     -0.3842516    
  4.2723216E-02  5.6994747E-02 -0.7117547     -0.2219788     -0.2350597    
 -0.6789857     -0.1536765     -0.1524511     -0.6751061     -0.1459225    
 -0.1525301     -0.6641068     -0.1484921     -0.1599589     -0.6508204    
 -0.1389661     -0.1537524     -0.6275110     -0.1417593     -0.1483333    
 -0.4788455     -0.1406655     -0.4580275     -0.1270934     -0.4266563    
 -0.1243462     -0.3839527     -0.1194319     -0.3468336     -0.1037243    
 -0.2986296     -0.1039042     -0.2410501     -9.6836224E-02 -0.1888570    
 -8.4691003E-02 -0.1314414     -8.2296155E-02 -5.7894323E-02 -7.2761260E-02
  0.1169295      0.1169357      0.1169357      7.1486570E-02 -1.0068521E-02
 -9.0589523E-02 -0.1734982     -0.2588212     -0.3337977     -0.4045176    
 -0.4506421     -0.4631050     -0.3222225     -0.4248397     -0.4008496    
 -0.2890721     -0.3753731     -0.3616582     -0.2600522     -0.3359505    
 -0.3227770     -0.2340752     -0.2957007     -0.2812116     -0.2055456    
 -0.2540545     -0.2394226     -0.1778779     -0.2128265     -0.1992690    
 -0.1622413     -0.1631254     -0.1288195     -0.1242219     -9.5846981E-02
 -8.6475328E-02 -6.3535944E-02 -5.0622851E-02 -3.1501230E-02 -1.6519913E-02
 -1.0488555E-05  1.6152892E-02  3.1223226E-02  4.7600202E-02  6.2060896E-02
  7.8043476E-02  9.2307664E-02  0.1072363      0.1215350      0.1352009    
 -0.9911556     -0.9912083     -0.9912084     -0.9784045     -0.9736249    
 -0.9641779     -0.9087982     -0.8591624     -0.7969826     -0.8298894    
 -0.8916817     -0.8844690     -0.6241617     -0.8776312     -0.8854753    
 -0.6748450     -0.9140452     -0.9197620     -0.6903656     -0.9305074    
 -0.9341036     -0.7100499     -0.9436690     -0.9462205     -0.7308789    
 -0.9571545     -0.9586642     -0.7580168     -0.9667519     -0.9686533    
 -0.8627774     -0.9765261     -0.8795547     -0.9840814     -0.8993208    
 -0.9884635     -0.9211642     -0.9915510     -0.9373976     -0.9944689    
 -0.9543691     -0.9944561     -0.9700103     -0.9941614     -0.9800416    
 -0.9933463     -0.9870170     -0.9908218     -0.9908974     -0.9881430    
    2.05312E+02   ! Azimuth index:  74 in degrees
  2.7144760E-02  3.0638095E-02  3.4131426E-02  3.7624758E-02  4.1118093E-02
  4.4611424E-02  4.8104759E-02  5.1598094E-02  5.5091426E-02  5.8584761E-02
  6.2078092E-02  6.5571427E-02  6.9064766E-02  7.2558090E-02  7.6051429E-02
  7.9544768E-02  8.3038092E-02  8.6531430E-02  9.0024769E-02  9.3518093E-02
  9.7011432E-02  0.1005048      0.1039981      0.1074914      0.1109848    
  0.1144781      0.1179714      0.1214648      0.1249581      0.1284514    
  0.1328181      0.1380581      0.1432981      0.1485381      0.1537781    
  0.1590181      0.1642581      0.1694981      0.1747381      0.1799781    
  0.1852181      0.1904581      0.1956981      0.2009381      0.2061781    
  0.2114181      0.2166581      0.2218981      0.2271381      0.2323781    
  0.0000000E+00  0.0000000E+00  0.0000000E+00  2.1729549E-05  6.5223212E-05
  1.0833047E-04 -3.4858345E-04 -1.2774649E-03 -2.1360943E-03 -3.4056823E-03
 -4.9988450E-03 -6.4512468E-03 -8.2253711E-03 -1.0104306E-02 -1.1773271E-02
 -1.3700267E-02 -1.5696298E-02 -1.7531034E-02 -1.9566886E-02 -2.1653112E-02
 -2.3607137E-02 -2.5727717E-02 -2.7898613E-02 -2.9970046E-02 -3.2181185E-02
 -3.4449756E-02 -3.6651503E-02 -3.8974240E-02 -4.1366681E-02 -4.3720901E-02
 -4.6801344E-02 -5.0589204E-02 -5.4477774E-02 -5.8487117E-02 -6.2593900E-02
 -6.6813804E-02 -7.1127415E-02 -7.5545445E-02 -8.0056950E-02 -8.4667452E-02
 -8.9371786E-02 -9.4170310E-02 -9.9063419E-02 -0.1040463     -0.1091250    
 -0.1142894     -0.1195511     -0.1248949     -0.1303371     -0.1358577    
 -1.6817993E-03 -1.9015789E-03 -2.1198427E-03 -2.3257295E-03 -2.5149123E-03
 -2.7188342E-03 -2.8123539E-03 -2.6838821E-03 -2.3601530E-03 -2.7050744E-03
 -2.9898733E-03 -2.4128477E-03 -3.2556644E-03 -4.1540265E-03 -3.7002494E-03
 -4.6217944E-03 -5.5092061E-03 -5.0378330E-03 -5.9461333E-03 -6.8669282E-03
 -6.4528105E-03 -7.3596602E-03 -8.2636718E-03 -7.9038721E-03 -8.8184802E-03
 -9.7144349E-03 -9.3967896E-03 -1.0287404E-02 -1.1185894E-02 -1.0956374E-02
 -1.1771614E-02 -1.2575945E-02 -1.3372159E-02 -1.4208442E-02 -1.5014423E-02
 -1.5900185E-02 -1.6728645E-02 -1.7635006E-02 -1.8510977E-02 -1.9437160E-02
 -2.0306963E-02 -2.1271683E-02 -2.2163298E-02 -2.3133509E-02 -2.4056688E-02
 -2.5048187E-02 -2.5987597E-02 -2.7024597E-02 -2.7973052E-02 -2.9001940E-02
 -6.2649310E-02 -6.1794169E-02 -6.1794460E-02  0.1940389      0.2280197    
  0.2494166      0.3795461      0.4414963      0.5034477     -0.3841600    
  4.2841155E-02  5.7103015E-02 -0.7117205     -0.2218603     -0.2349407    
 -0.6789332     -0.1535467     -0.1523429     -0.6750528     -0.1457825    
 -0.1523853     -0.6640556     -0.1483516     -0.1598084     -0.6507515    
 -0.1388324     -0.1536016     -0.6274321     -0.1415969     -0.1481630    
 -0.4787403     -0.1404944     -0.4578973     -0.1269315     -0.4265138    
 -0.1241631     -0.3838059     -0.1192311     -0.3466617     -0.1035375    
 -0.2984438     -0.1036920     -0.2408685     -9.6612044E-02 -0.1886497    
 -8.4476709E-02 -0.1312111     -8.2060851E-02 -5.7674933E-02 -7.2521232E-02
  0.1169302      0.1169365      0.1169365      7.1485206E-02 -1.0068311E-02
 -9.0586908E-02 -0.1734910     -0.2588104     -0.3337839     -0.4045343    
 -0.4506398     -0.4631022     -0.3222383     -0.4248515     -0.4008615    
 -0.2890912     -0.3753808     -0.3616643     -0.2600694     -0.3359575    
 -0.3227844     -0.2340895     -0.2957070     -0.2812186     -0.2055615    
 -0.2540593     -0.2394283     -0.1778925     -0.2128315     -0.1992741    
 -0.1622519     -0.1631294     -0.1288292     -0.1242245     -9.5854126E-02
 -8.6477369E-02 -6.3540131E-02 -5.0624054E-02 -3.1503364E-02 -1.6520236E-02
 -1.0462478E-05  1.6153315E-02  3.1224711E-02  4.7601245E-02  6.2063418E-02
  7.8044958E-02  9.2310585E-02  0.1072384      0.1215365      0.1352032    
 -0.9911621     -0.9912151     -0.9912151     -0.9783859     -0.9736044    
 -0.9641501     -0.9087605     -0.8591265     -0.7969497     -0.8299236    
 -0.8916773     -0.8844635     -0.6241925     -0.8776555     -0.8855015    
 -0.6748896     -0.9140638     -0.9197775     -0.6904112     -0.9305269    
 -0.9341248     -0.7100931     -0.9436892     -0.9462439     -0.7309356    
 -0.9571725     -0.9586868     -0.7580786     -0.9667746     -0.9686783    
 -0.8628337     -0.9765502     -0.8796210     -0.9841019     -0.8993876    
 -0.9884863     -0.9212251     -0.9915751     -0.9374611     -0.9944884    
 -0.9544273     -0.9944782     -0.9700553     -0.9941832     -0.9800813    
 -0.9933643     -0.9870474     -0.9908410     -0.9909099     -0.9881603    
    2.08125E+02   ! Azimuth index:  75 in degrees
  2.7144760E-02  3.0638095E-02  3.4131426E-02  3.7624758E-02  4.1118093E-02
  4.4611424E-02  4.8104759E-02  5.1598094E-02  5.5091426E-02  5.8584761E-02
  6.2078092E-02  6.5571427E-02  6.9064766E-02  7.2558090E-02  7.6051429E-02
  7.9544768E-02  8.3038092E-02  8.6531430E-02  9.0024769E-02  9.3518093E-02
  9.7011432E-02  0.1005048      0.1039981      0.1074914      0.1109848    
  0.1144781      0.1179714      0.1214648      0.1249581      0.1284514    
  0.1328181      0.1380581      0.1432981      0.1485381      0.1537781    
  0.1590181      0.1642581      0.1694981      0.1747381      0.1799781    
  0.1852181      0.1904581      0.1956981      0.2009381      0.2061781    
  0.2114181      0.2166581      0.2218981      0.2271381      0.2323781    
  0.0000000E+00  0.0000000E+00  0.0000000E+00  2.1729549E-05  6.5223212E-05
  1.0833047E-04 -3.4858345E-04 -1.2774649E-03 -2.1360943E-03 -3.4056823E-03
 -4.9988450E-03 -6.4512468E-03 -8.2253711E-03 -1.0104306E-02 -1.1773271E-02
 -1.3700267E-02 -1.5696298E-02 -1.7531034E-02 -1.9566886E-02 -2.1653112E-02
 -2.3607137E-02 -2.5727717E-02 -2.7898613E-02 -2.9970046E-02 -3.2181185E-02
 -3.4449756E-02 -3.6651503E-02 -3.8974240E-02 -4.1366681E-02 -4.3720901E-02
 -4.6801344E-02 -5.0589204E-02 -5.4477774E-02 -5.8487117E-02 -6.2593900E-02
 -6.6813804E-02 -7.1127415E-02 -7.5545445E-02 -8.0056950E-02 -8.4667452E-02
 -8.9371786E-02 -9.4170310E-02 -9.9063419E-02 -0.1040463     -0.1091250    
 -0.1142894     -0.1195511     -0.1248949     -0.1303371     -0.1358577    
 -1.6788370E-03 -1.8981773E-03 -2.1159982E-03 -2.3214638E-03 -2.5102608E-03
 -2.7137659E-03 -2.8068251E-03 -2.6779131E-03 -2.3537804E-03 -2.6982692E-03
 -2.9825862E-03 -2.4050954E-03 -3.2474888E-03 -4.1453973E-03 -3.6911150E-03
 -4.6121534E-03 -5.4990565E-03 -5.0272201E-03 -5.9350654E-03 -6.8553500E-03
 -6.4406991E-03 -7.3470618E-03 -8.2505997E-03 -7.8902692E-03 -8.8043278E-03
 -9.6997758E-03 -9.3816351E-03 -1.0271703E-02 -1.1169624E-02 -1.0939529E-02
 -1.1754096E-02 -1.2557616E-02 -1.3352950E-02 -1.4188395E-02 -1.4993525E-02
 -1.5878387E-02 -1.6705977E-02 -1.7611429E-02 -1.8486436E-02 -1.9411707E-02
 -2.0280596E-02 -2.1244336E-02 -2.2135016E-02 -2.3104273E-02 -2.4026450E-02
 -2.5016982E-02 -2.5955383E-02 -2.6991323E-02 -2.7938768E-02 -2.8966639E-02
 -6.2526390E-02 -6.1669264E-02 -6.1669417E-02  0.1941462      0.2281183    
  0.2495360      0.3796490      0.4415798      0.5035139     -0.3840626    
  4.2966198E-02  5.7216398E-02 -0.7116848     -0.2217385     -0.2348188    
 -0.6788800     -0.1534162     -0.1522345     -0.6749996     -0.1456440    
 -0.1522438     -0.6640059     -0.1482155     -0.1596626     -0.6506850    
 -0.1387072     -0.1534599     -0.6273571     -0.1414426     -0.1480040    
 -0.4786433     -0.1403365     -0.4577780     -0.1267868     -0.4263844    
 -0.1239998     -0.3836763     -0.1190525     -0.3465096     -0.1033763    
 -0.2982824     -0.1035066     -0.2407148     -9.6419513E-02 -0.1884740    
 -8.4295943E-02 -0.1310161     -8.1861511E-02 -5.7494681E-02 -7.2320245E-02
  0.1169311      0.1169374      0.1169374      7.1483657E-02 -1.0068068E-02
 -9.0584032E-02 -0.1734831     -0.2587985     -0.3337690     -0.4045520    
 -0.4506375     -0.4630992     -0.3222550     -0.4248635     -0.4008737    
 -0.2891106     -0.3753885     -0.3616703     -0.2600866     -0.3359644    
 -0.3227915     -0.2341033     -0.2957131     -0.2812253     -0.2055770    
 -0.2540638     -0.2394336     -0.1779063     -0.2128362     -0.1992789    
 -0.1622617     -0.1631331     -0.1288381     -0.1242268     -9.5860600E-02
 -8.6479142E-02 -6.3543841E-02 -5.0625172E-02 -3.1505276E-02 -1.6520515E-02
 -1.0462478E-05  1.6153604E-02  3.1225903E-02  4.7602102E-02  6.2065519E-02
  7.8046128E-02  9.2312947E-02  0.1072402      0.1215378      0.1352052    
 -0.9911699     -0.9912227     -0.9912229     -0.9783647     -0.9735814    
 -0.9641196     -0.9087191     -0.8590871     -0.7969141     -0.8299600    
 -0.8916726     -0.8844578     -0.6242247     -0.8776805     -0.8855284    
 -0.6749348     -0.9140826     -0.9197930     -0.6904567     -0.9305460    
 -0.9341453     -0.7101350     -0.9437087     -0.9462665     -0.7309905    
 -0.9571895     -0.9587083     -0.7581375     -0.9667962     -0.9687015    
 -0.8628857     -0.9765722     -0.8796818     -0.9841203     -0.8994482    
 -0.9885067     -0.9212790     -0.9915965     -0.9375172     -0.9945052    
 -0.9544777     -0.9944976     -0.9700934     -0.9942018     -0.9801151    
 -0.9933797     -0.9870731     -0.9908574     -0.9909202     -0.9881747    
    2.10938E+02   ! Azimuth index:  76 in degrees
  2.7144760E-02  3.0638095E-02  3.4131426E-02  3.7624758E-02  4.1118093E-02
  4.4611424E-02  4.8104759E-02  5.1598094E-02  5.5091426E-02  5.8584761E-02
  6.2078092E-02  6.5571427E-02  6.9064766E-02  7.2558090E-02  7.6051429E-02
  7.9544768E-02  8.3038092E-02  8.6531430E-02  9.0024769E-02  9.3518093E-02
  9.7011432E-02  0.1005048      0.1039981      0.1074914      0.1109848    
  0.1144781      0.1179714      0.1214648      0.1249581      0.1284514    
  0.1328181      0.1380581      0.1432981      0.1485381      0.1537781    
  0.1590181      0.1642581      0.1694981      0.1747381      0.1799781    
  0.1852181      0.1904581      0.1956981      0.2009381      0.2061781    
  0.2114181      0.2166581      0.2218981      0.2271381      0.2323781    
  0.0000000E+00  0.0000000E+00  0.0000000E+00  2.1729549E-05  6.5223212E-05
  1.0833047E-04 -3.4858345E-04 -1.2774649E-03 -2.1360943E-03 -3.4056823E-03
 -4.9988450E-03 -6.4512468E-03 -8.2253711E-03 -1.0104306E-02 -1.1773271E-02
 -1.3700267E-02 -1.5696298E-02 -1.7531034E-02 -1.9566886E-02 -2.1653112E-02
 -2.3607137E-02 -2.5727717E-02 -2.7898613E-02 -2.9970046E-02 -3.2181185E-02
 -3.4449756E-02 -3.6651503E-02 -3.8974240E-02 -4.1366681E-02 -4.3720901E-02
 -4.6801344E-02 -5.0589204E-02 -5.4477774E-02 -5.8487117E-02 -6.2593900E-02
 -6.6813804E-02 -7.1127415E-02 -7.5545445E-02 -8.0056950E-02 -8.4667452E-02
 -8.9371786E-02 -9.4170310E-02 -9.9063419E-02 -0.1040463     -0.1091250    
 -0.1142894     -0.1195511     -0.1248949     -0.1303371     -0.1358577    
 -1.6753469E-03 -1.8941951E-03 -2.1115229E-03 -2.3165201E-03 -2.5048896E-03
 -2.7079396E-03 -2.8005000E-03 -2.6711123E-03 -2.3465469E-03 -2.6905769E-03
 -2.9743884E-03 -2.3964127E-03 -3.2383665E-03 -4.1358112E-03 -3.6810162E-03
 -4.6015419E-03 -5.4879328E-03 -5.0156340E-03 -5.9230281E-03 -6.8428088E-03
 -6.4276368E-03 -7.3335283E-03 -8.2366094E-03 -7.8757703E-03 -8.7893028E-03
 -9.6842730E-03 -9.3656704E-03 -1.0255225E-02 -1.1152614E-02 -1.0921984E-02
 -1.1735937E-02 -1.2538718E-02 -1.3333255E-02 -1.4167953E-02 -1.4972330E-02
 -1.5856396E-02 -1.6683228E-02 -1.7587893E-02 -1.8462069E-02 -1.9386563E-02
 -2.0254679E-02 -2.1217590E-02 -2.2107495E-02 -2.3075962E-02 -2.3997316E-02
 -2.4987061E-02 -2.5924642E-02 -2.6959717E-02 -2.7906355E-02 -2.8933425E-02
 -6.2387966E-02 -6.1530203E-02 -6.1530363E-02  0.1942655      0.2282270    
  0.2496652      0.3797603      0.4416698      0.5035851     -0.3839594    
  4.3096516E-02  5.7334311E-02 -0.7116479     -0.2216151     -0.2346953    
 -0.6788260     -0.1532849     -0.1521272     -0.6749467     -0.1455073    
 -0.1521068     -0.6639577     -0.1480849     -0.1595229     -0.6506212    
 -0.1385911     -0.1533267     -0.6272870     -0.1412974     -0.1478579    
 -0.4785552     -0.1401928     -0.4576706     -0.1266596     -0.4262690    
 -0.1238565     -0.3835646     -0.1188974     -0.3463782     -0.1032409    
 -0.2981458     -0.1033504     -0.2405893     -9.6258923E-02 -0.1883305    
 -8.4149592E-02 -0.1308567     -8.1699491E-02 -5.7353877E-02 -7.2159916E-02
  0.1169321      0.1169384      0.1169384      7.1481928E-02 -1.0067809E-02
 -9.0580910E-02 -0.1734745     -0.2587858     -0.3337529     -0.4045708    
 -0.4506349     -0.4630960     -0.3222721     -0.4248758     -0.4008860    
 -0.2891302     -0.3753962     -0.3616765     -0.2601036     -0.3359712    
 -0.3227983     -0.2341167     -0.2957189     -0.2812317     -0.2055918    
 -0.2540680     -0.2394386     -0.1779192     -0.2128407     -0.1992833    
 -0.1622706     -0.1631364     -0.1288462     -0.1242288     -9.5866337E-02
 -8.6480677E-02 -6.3547023E-02 -5.0626125E-02 -3.1506911E-02 -1.6520750E-02
 -1.0462478E-05  1.6153865E-02  3.1226931E-02  4.7602914E-02  6.2067285E-02
  7.8047089E-02  9.2314899E-02  0.1072416      0.1215388      0.1352068    
 -0.9911784     -0.9912313     -0.9912313     -0.9783410     -0.9735559    
 -0.9640863     -0.9086741     -0.8590447     -0.7968758     -0.8299986    
 -0.8916675     -0.8844518     -0.6242579     -0.8777058     -0.8855556    
 -0.6749808     -0.9141014     -0.9198085     -0.6905020     -0.9305649    
 -0.9341653     -0.7101757     -0.9437273     -0.9462882     -0.7310431    
 -0.9572052     -0.9587284     -0.7581924     -0.9668165     -0.9687230    
 -0.8629329     -0.9765923     -0.8797365     -0.9841364     -0.8995023    
 -0.9885246     -0.9213252     -0.9916151     -0.9375657     -0.9945192    
 -0.9545203     -0.9945138     -0.9701245     -0.9942174     -0.9801424    
 -0.9933919     -0.9870940     -0.9908705     -0.9909283     -0.9881863    
    2.13750E+02   ! Azimuth index:  77 in degrees
  2.7144760E-02  3.0638095E-02  3.4131426E-02  3.7624758E-02  4.1118093E-02
  4.4611424E-02  4.8104759E-02  5.1598094E-02  5.5091426E-02  5.8584761E-02
  6.2078092E-02  6.5571427E-02  6.9064766E-02  7.2558090E-02  7.6051429E-02
  7.9544768E-02  8.3038092E-02  8.6531430E-02  9.0024769E-02  9.3518093E-02
  9.7011432E-02  0.1005048      0.1039981      0.1074914      0.1109848    
  0.1144781      0.1179714      0.1214648      0.1249581      0.1284514    
  0.1328181      0.1380581      0.1432981      0.1485381      0.1537781    
  0.1590181      0.1642581      0.1694981      0.1747381      0.1799781    
  0.1852181      0.1904581      0.1956981      0.2009381      0.2061781    
  0.2114181      0.2166581      0.2218981      0.2271381      0.2323781    
  0.0000000E+00  0.0000000E+00  0.0000000E+00  2.1729549E-05  6.5223212E-05
  1.0833047E-04 -3.4858345E-04 -1.2774649E-03 -2.1360943E-03 -3.4056823E-03
 -4.9988450E-03 -6.4512468E-03 -8.2253711E-03 -1.0104306E-02 -1.1773271E-02
 -1.3700267E-02 -1.5696298E-02 -1.7531034E-02 -1.9566886E-02 -2.1653112E-02
 -2.3607137E-02 -2.5727717E-02 -2.7898613E-02 -2.9970046E-02 -3.2181185E-02
 -3.4449756E-02 -3.6651503E-02 -3.8974240E-02 -4.1366681E-02 -4.3720901E-02
 -4.6801344E-02 -5.0589204E-02 -5.4477774E-02 -5.8487117E-02 -6.2593900E-02
 -6.6813804E-02 -7.1127415E-02 -7.5545445E-02 -8.0056950E-02 -8.4667452E-02
 -8.9371786E-02 -9.4170310E-02 -9.9063419E-02 -0.1040463     -0.1091250    
 -0.1142894     -0.1195511     -0.1248949     -0.1303371     -0.1358577    
 -1.6713475E-03 -1.8896537E-03 -2.1064407E-03 -2.3109249E-03 -2.4988274E-03
 -2.7013861E-03 -2.7934124E-03 -2.6635160E-03 -2.3384900E-03 -2.6820367E-03
 -2.9653222E-03 -2.3868445E-03 -3.2283454E-03 -4.1253171E-03 -3.6700042E-03
 -4.5900131E-03 -5.4758908E-03 -5.0031329E-03 -5.9100818E-03 -6.8293670E-03
 -6.4136889E-03 -7.3191272E-03 -8.2217734E-03 -7.8604491E-03 -8.7734796E-03
 -9.6680010E-03 -9.3489718E-03 -1.0238050E-02 -1.1134944E-02 -1.0903822E-02
 -1.1717221E-02 -1.2519339E-02 -1.3313167E-02 -1.4147213E-02 -1.4950937E-02
 -1.5834317E-02 -1.6660510E-02 -1.7564509E-02 -1.8437985E-02 -1.9361839E-02
 -2.0229332E-02 -2.1191569E-02 -2.2080857E-02 -2.3048708E-02 -2.3969414E-02
 -2.4958555E-02 -2.5895506E-02 -2.6929915E-02 -2.7875952E-02 -2.8902436E-02
 -6.2234856E-02 -6.1377611E-02 -6.1377931E-02  0.1943962      0.2283455    
  0.2498036      0.3798796      0.4417659      0.5036601     -0.3838516    
  4.3231089E-02  5.7456151E-02 -0.7116098     -0.2214904     -0.2345702    
 -0.6787719     -0.1531536     -0.1520214     -0.6748945     -0.1453737    
 -0.1519747     -0.6639117     -0.1479605     -0.1593899     -0.6505603    
 -0.1384845     -0.1532036     -0.6272214     -0.1411631     -0.1477248    
 -0.4784761     -0.1400638     -0.4575753     -0.1265508     -0.4261680    
 -0.1237344     -0.3834709     -0.1187663     -0.3462680     -0.1031321    
 -0.2980349     -0.1032231     -0.2404924     -9.6131645E-02 -0.1882192    
 -8.4038615E-02 -0.1307331     -8.1574991E-02 -5.7253245E-02 -7.2040260E-02
  0.1169333      0.1169395      0.1169395      7.1480051E-02 -1.0067524E-02
 -9.0577580E-02 -0.1734654     -0.2587721     -0.3337360     -0.4045904    
 -0.4506323     -0.4630927     -0.3222898     -0.4248881     -0.4008984    
 -0.2891499     -0.3754039     -0.3616824     -0.2601205     -0.3359779    
 -0.3228050     -0.2341295     -0.2957245     -0.2812378     -0.2056059    
 -0.2540719     -0.2394432     -0.1779312     -0.2128448     -0.1992873    
 -0.1622785     -0.1631394     -0.1288532     -0.1242306     -9.5871374E-02
 -8.6482026E-02 -6.3549735E-02 -5.0626919E-02 -3.1508248E-02 -1.6520936E-02
 -1.0464340E-05  1.6154077E-02  3.1227672E-02  4.7603428E-02  6.2068611E-02
  7.8047834E-02  9.2316411E-02  0.1072428      0.1215396      0.1352081    
 -0.9911879     -0.9912406     -0.9912406     -0.9783153     -0.9735281    
 -0.9640508     -0.9086260     -0.8589994     -0.7968355     -0.8300388    
 -0.8916622     -0.8844455     -0.6242921     -0.8777312     -0.8855830    
 -0.6750267     -0.9141203     -0.9198236     -0.6905466     -0.9305834    
 -0.9341845     -0.7102145     -0.9437451     -0.9463088     -0.7310934    
 -0.9572197     -0.9587469     -0.7582439     -0.9668352     -0.9687424    
 -0.8629752     -0.9766104     -0.8797851     -0.9841502     -0.8995497    
 -0.9885396     -0.9213640     -0.9916308     -0.9376064     -0.9945305    
 -0.9545550     -0.9945270     -0.9701486     -0.9942296     -0.9801638    
 -0.9934013     -0.9871102     -0.9908807     -0.9909340     -0.9881949    
    2.16562E+02   ! Azimuth index:  78 in degrees
  2.7144760E-02  3.0638095E-02  3.4131426E-02  3.7624758E-02  4.1118093E-02
  4.4611424E-02  4.8104759E-02  5.1598094E-02  5.5091426E-02  5.8584761E-02
  6.2078092E-02  6.5571427E-02  6.9064766E-02  7.2558090E-02  7.6051429E-02
  7.9544768E-02  8.3038092E-02  8.6531430E-02  9.0024769E-02  9.3518093E-02
  9.7011432E-02  0.1005048      0.1039981      0.1074914      0.1109848    
  0.1144781      0.1179714      0.1214648      0.1249581      0.1284514    
  0.1328181      0.1380581      0.1432981      0.1485381      0.1537781    
  0.1590181      0.1642581      0.1694981      0.1747381      0.1799781    
  0.1852181      0.1904581      0.1956981      0.2009381      0.2061781    
  0.2114181      0.2166581      0.2218981      0.2271381      0.2323781    
  0.0000000E+00  0.0000000E+00  0.0000000E+00  2.1729549E-05  6.5223212E-05
  1.0833047E-04 -3.4858345E-04 -1.2774649E-03 -2.1360943E-03 -3.4056823E-03
 -4.9988450E-03 -6.4512468E-03 -8.2253711E-03 -1.0104306E-02 -1.1773271E-02
 -1.3700267E-02 -1.5696298E-02 -1.7531034E-02 -1.9566886E-02 -2.1653112E-02
 -2.3607137E-02 -2.5727717E-02 -2.7898613E-02 -2.9970046E-02 -3.2181185E-02
 -3.4449756E-02 -3.6651503E-02 -3.8974240E-02 -4.1366681E-02 -4.3720901E-02
 -4.6801344E-02 -5.0589204E-02 -5.4477774E-02 -5.8487117E-02 -6.2593900E-02
 -6.6813804E-02 -7.1127415E-02 -7.5545445E-02 -8.0056950E-02 -8.4667452E-02
 -8.9371786E-02 -9.4170310E-02 -9.9063419E-02 -0.1040463     -0.1091250    
 -0.1142894     -0.1195511     -0.1248949     -0.1303371     -0.1358577    
 -1.6668361E-03 -1.8845501E-03 -2.1007485E-03 -2.3046746E-03 -2.4920702E-03
 -2.6941015E-03 -2.7855579E-03 -2.6551201E-03 -2.3296056E-03 -2.6726455E-03
 -2.9553832E-03 -2.3763867E-03 -3.2174205E-03 -4.1139107E-03 -3.6580749E-03
 -4.5775622E-03 -5.4629268E-03 -4.9897125E-03 -5.8962223E-03 -6.8150209E-03
 -6.3988520E-03 -7.3038563E-03 -8.2060862E-03 -7.8443009E-03 -8.7568546E-03
 -9.6509587E-03 -9.3315393E-03 -1.0220177E-02 -1.1116614E-02 -1.0885043E-02
 -1.1697946E-02 -1.2499481E-02 -1.3292685E-02 -1.4126174E-02 -1.4929350E-02
 -1.5812151E-02 -1.6637821E-02 -1.7541284E-02 -1.8414188E-02 -1.9337542E-02
 -2.0204561E-02 -2.1166280E-02 -2.2055112E-02 -2.3022516E-02 -2.3942757E-02
 -2.4931476E-02 -2.5867989E-02 -2.6901934E-02 -2.7847581E-02 -2.8873695E-02
 -6.2066738E-02 -6.1211620E-02 -6.1211929E-02  0.1945383      0.2284737    
  0.2499513      0.3800069      0.4418679      0.5037394     -0.3837391    
  4.3370944E-02  5.7581931E-02 -0.7115707     -0.2213641     -0.2344439    
 -0.6787173     -0.1530233     -0.1519168     -0.6748431     -0.1452432    
 -0.1518473     -0.6638678     -0.1478420     -0.1592634     -0.6505024    
 -0.1383875     -0.1530901     -0.6271609     -0.1410383     -0.1476048    
 -0.4784062     -0.1399499     -0.4574921     -0.1264607     -0.4260818    
 -0.1236327     -0.3833962     -0.1186587     -0.3461788     -0.1030506    
 -0.2979496     -0.1031255     -0.2404237     -9.6037850E-02 -0.1881415    
 -8.3961755E-02 -0.1306465     -8.1488408E-02 -5.7192996E-02 -7.1961939E-02
  0.1169345      0.1169407      0.1169407      7.1477994E-02 -1.0067208E-02
 -9.0574011E-02 -0.1734556     -0.2587576     -0.3337181     -0.4046109    
 -0.4506295     -0.4630894     -0.3223080     -0.4249006     -0.4009110    
 -0.2891698     -0.3754116     -0.3616883     -0.2601371     -0.3359844    
 -0.3228114     -0.2341417     -0.2957298     -0.2812436     -0.2056193    
 -0.2540753     -0.2394475     -0.1779424     -0.2128486     -0.1992909    
 -0.1622856     -0.1631421     -0.1288594     -0.1242320     -9.5875703E-02
 -8.6483136E-02 -6.3551828E-02 -5.0627545E-02 -3.1509351E-02 -1.6521076E-02
 -1.0464340E-05  1.6154239E-02  3.1228255E-02  4.7603935E-02  6.2069573E-02
  7.8048378E-02  9.2317529E-02  0.1072435      0.1215400      0.1352087    
 -0.9911983     -0.9912508     -0.9912508     -0.9782872     -0.9734980    
 -0.9640128     -0.9085747     -0.8589513     -0.7967928     -0.8300809    
 -0.8916569     -0.8844391     -0.6243274     -0.8777571     -0.8856108    
 -0.6750731     -0.9141389     -0.9198385     -0.6905908     -0.9306014    
 -0.9342030     -0.7102516     -0.9437619     -0.9463283     -0.7311410    
 -0.9572328     -0.9587640     -0.7582914     -0.9668526     -0.9687600    
 -0.8630127     -0.9766262     -0.8798274     -0.9841616     -0.8995901    
 -0.9885523     -0.9213948     -0.9916435     -0.9376392     -0.9945390    
 -0.9545816     -0.9945371     -0.9701656     -0.9942387     -0.9801786    
 -0.9934077     -0.9871215     -0.9908878     -0.9909375     -0.9882005    
    2.19375E+02   ! Azimuth index:  79 in degrees
  2.7144760E-02  3.0638095E-02  3.4131426E-02  3.7624758E-02  4.1118093E-02
  4.4611424E-02  4.8104759E-02  5.1598094E-02  5.5091426E-02  5.8584761E-02
  6.2078092E-02  6.5571427E-02  6.9064766E-02  7.2558090E-02  7.6051429E-02
  7.9544768E-02  8.3038092E-02  8.6531430E-02  9.0024769E-02  9.3518093E-02
  9.7011432E-02  0.1005048      0.1039981      0.1074914      0.1109848    
  0.1144781      0.1179714      0.1214648      0.1249581      0.1284514    
  0.1328181      0.1380581      0.1432981      0.1485381      0.1537781    
  0.1590181      0.1642581      0.1694981      0.1747381      0.1799781    
  0.1852181      0.1904581      0.1956981      0.2009381      0.2061781    
  0.2114181      0.2166581      0.2218981      0.2271381      0.2323781    
  0.0000000E+00  0.0000000E+00  0.0000000E+00  2.1729549E-05  6.5223212E-05
  1.0833047E-04 -3.4858345E-04 -1.2774649E-03 -2.1360943E-03 -3.4056823E-03
 -4.9988450E-03 -6.4512468E-03 -8.2253711E-03 -1.0104306E-02 -1.1773271E-02
 -1.3700267E-02 -1.5696298E-02 -1.7531034E-02 -1.9566886E-02 -2.1653112E-02
 -2.3607137E-02 -2.5727717E-02 -2.7898613E-02 -2.9970046E-02 -3.2181185E-02
 -3.4449756E-02 -3.6651503E-02 -3.8974240E-02 -4.1366681E-02 -4.3720901E-02
 -4.6801344E-02 -5.0589204E-02 -5.4477774E-02 -5.8487117E-02 -6.2593900E-02
 -6.6813804E-02 -7.1127415E-02 -7.5545445E-02 -8.0056950E-02 -8.4667452E-02
 -8.9371786E-02 -9.4170310E-02 -9.9063419E-02 -0.1040463     -0.1091250    
 -0.1142894     -0.1195511     -0.1248949     -0.1303371     -0.1358577    
 -1.6618368E-03 -1.8789107E-03 -2.0944751E-03 -2.2978000E-03 -2.4846517E-03
 -2.6861210E-03 -2.7769739E-03 -2.6459629E-03 -2.3199338E-03 -2.6624440E-03
 -2.9446143E-03 -2.3650827E-03 -3.2056370E-03 -4.1016378E-03 -3.6452743E-03
 -4.5642364E-03 -5.4490864E-03 -4.9754204E-03 -5.8814972E-03 -6.7998180E-03
 -6.3831732E-03 -7.2877607E-03 -8.1895953E-03 -7.8273714E-03 -8.7394733E-03
 -9.6331881E-03 -9.3134139E-03 -1.0201648E-02 -1.1097663E-02 -1.0865686E-02
 -1.1678154E-02 -1.2479178E-02 -1.3271841E-02 -1.4104867E-02 -1.4907589E-02
 -1.5789915E-02 -1.6615177E-02 -1.7518226E-02 -1.8390687E-02 -1.9313674E-02
 -2.0180361E-02 -2.1141713E-02 -2.2030246E-02 -2.2997368E-02 -2.3917314E-02
 -2.4905792E-02 -2.5842052E-02 -2.6875723E-02 -2.7821179E-02 -2.8847132E-02
 -6.1884474E-02 -6.1032910E-02 -6.1032958E-02  0.1946911      0.2286111    
  0.2501076      0.3801416      0.4419758      0.5038229     -0.3836219    
  4.3515056E-02  5.7711449E-02 -0.7115305     -0.2212371     -0.2343165    
 -0.6786627     -0.1528925     -0.1518138     -0.6747923     -0.1451151    
 -0.1517252     -0.6638256     -0.1477295     -0.1591435     -0.6504475    
 -0.1382998     -0.1529865     -0.6271052     -0.1409236     -0.1474978    
 -0.4783455     -0.1398503     -0.4574207     -0.1263883     -0.4260096    
 -0.1235516     -0.3833387     -0.1185749     -0.3461103     -0.1029946    
 -0.2978889     -0.1030561     -0.2403835     -9.5975637E-02 -0.1880951    
 -8.3919257E-02 -0.1305951     -8.1438124E-02 -5.7171710E-02 -7.1922898E-02
  0.1169358      0.1169420      0.1169420      7.1475774E-02 -1.0066878E-02
 -9.0570226E-02 -0.1734452     -0.2587423     -0.3336994     -0.4046323    
 -0.4506267     -0.4630859     -0.3223267     -0.4249131     -0.4009237    
 -0.2891897     -0.3754193     -0.3616941     -0.2601534     -0.3359908    
 -0.3228175     -0.2341534     -0.2957349     -0.2812491     -0.2056320    
 -0.2540785     -0.2394514     -0.1779526     -0.2128521     -0.1992942    
 -0.1622917     -0.1631444     -0.1288648     -0.1242332     -9.5879287E-02
 -8.6483993E-02 -6.3553490E-02 -5.0628111E-02 -3.1510230E-02 -1.6521173E-02
 -1.0464340E-05  1.6154386E-02  3.1228574E-02  4.7604151E-02  6.2070101E-02
  7.8048617E-02  9.2318118E-02  0.1072440      0.1215401      0.1352091    
 -0.9912096     -0.9912615     -0.9912617     -0.9782569     -0.9734657    
 -0.9639726     -0.9085203     -0.8589003     -0.7967479     -0.8301247    
 -0.8916513     -0.8844325     -0.6243637     -0.8777831     -0.8856388    
 -0.6751195     -0.9141576     -0.9198533     -0.6906342     -0.9306191    
 -0.9342207     -0.7102871     -0.9437780     -0.9463469     -0.7311863    
 -0.9572446     -0.9587795     -0.7583350     -0.9668685     -0.9687756    
 -0.8630452     -0.9766400     -0.8798638     -0.9841708     -0.8996239    
 -0.9885624     -0.9214186     -0.9916536     -0.9376646     -0.9945448    
 -0.9546005     -0.9945443     -0.9701755     -0.9942447     -0.9801875    
 -0.9934112     -0.9871283     -0.9908918     -0.9909387     -0.9882032    
    2.22188E+02   ! Azimuth index:  80 in degrees
  2.7144760E-02  3.0638095E-02  3.4131426E-02  3.7624758E-02  4.1118093E-02
  4.4611424E-02  4.8104759E-02  5.1598094E-02  5.5091426E-02  5.8584761E-02
  6.2078092E-02  6.5571427E-02  6.9064766E-02  7.2558090E-02  7.6051429E-02
  7.9544768E-02  8.3038092E-02  8.6531430E-02  9.0024769E-02  9.3518093E-02
  9.7011432E-02  0.1005048      0.1039981      0.1074914      0.1109848    
  0.1144781      0.1179714      0.1214648      0.1249581      0.1284514    
  0.1328181      0.1380581      0.1432981      0.1485381      0.1537781    
  0.1590181      0.1642581      0.1694981      0.1747381      0.1799781    
  0.1852181      0.1904581      0.1956981      0.2009381      0.2061781    
  0.2114181      0.2166581      0.2218981      0.2271381      0.2323781    
  0.0000000E+00  0.0000000E+00  0.0000000E+00  2.1729549E-05  6.5223212E-05
  1.0833047E-04 -3.4858345E-04 -1.2774649E-03 -2.1360943E-03 -3.4056823E-03
 -4.9988450E-03 -6.4512468E-03 -8.2253711E-03 -1.0104306E-02 -1.1773271E-02
 -1.3700267E-02 -1.5696298E-02 -1.7531034E-02 -1.9566886E-02 -2.1653112E-02
 -2.3607137E-02 -2.5727717E-02 -2.7898613E-02 -2.9970046E-02 -3.2181185E-02
 -3.4449756E-02 -3.6651503E-02 -3.8974240E-02 -4.1366681E-02 -4.3720901E-02
 -4.6801344E-02 -5.0589204E-02 -5.4477774E-02 -5.8487117E-02 -6.2593900E-02
 -6.6813804E-02 -7.1127415E-02 -7.5545445E-02 -8.0056950E-02 -8.4667452E-02
 -8.9371786E-02 -9.4170310E-02 -9.9063419E-02 -0.1040463     -0.1091250    
 -0.1142894     -0.1195511     -0.1248949     -0.1303371     -0.1358577    
 -1.6564238E-03 -1.8728174E-03 -2.0877100E-03 -2.2903979E-03 -2.4766738E-03
 -2.6775524E-03 -2.7677738E-03 -2.6361635E-03 -2.3095990E-03 -2.6515606E-03
 -2.9331478E-03 -2.3530689E-03 -3.1931335E-03 -4.0886393E-03 -3.6317450E-03
 -4.5501809E-03 -5.4345177E-03 -4.9604038E-03 -5.8660535E-03 -6.7839064E-03
 -6.3667996E-03 -7.2709881E-03 -8.1724450E-03 -7.8098038E-03 -8.7214764E-03
 -9.6148308E-03 -9.2947325E-03 -1.0182597E-02 -1.1078222E-02 -1.0845874E-02
 -1.1657960E-02 -1.2458540E-02 -1.3250739E-02 -1.4083385E-02 -1.4885741E-02
 -1.5767686E-02 -1.6592640E-02 -1.7495379E-02 -1.8367510E-02 -1.9290250E-02
 -2.0156734E-02 -2.1117851E-02 -2.2006217E-02 -2.2973202E-02 -2.3893008E-02
 -2.4881402E-02 -2.5817573E-02 -2.6851140E-02 -2.7796581E-02 -2.8822556E-02
 -6.1690282E-02 -6.0843252E-02 -6.0843468E-02  0.1948529      0.2287563    
  0.2502712      0.3802827      0.4420884      0.5039096     -0.3835011    
  4.3663017E-02  5.7843715E-02 -0.7114896     -0.2211093     -0.2341885    
 -0.6786077     -0.1527631     -0.1517122     -0.6747423     -0.1449908    
 -0.1516072     -0.6637856     -0.1476217     -0.1590297     -0.6503956    
 -0.1382205     -0.1528914     -0.6270537     -0.1408175     -0.1474026    
 -0.4782925     -0.1397635     -0.4573601     -0.1263315     -0.4259497    
 -0.1234887     -0.3832974     -0.1185109     -0.3460598     -0.1029621    
 -0.2978502     -0.1030114     -0.2403674     -9.5941849E-02 -0.1880767    
 -8.3906479E-02 -0.1305746     -8.1419826E-02 -5.7184342E-02 -7.1919054E-02
  0.1169372      0.1169433      0.1169433      7.1473435E-02 -1.0066519E-02
 -9.0566278E-02 -0.1734343     -0.2587263     -0.3336798     -0.4046542    
 -0.4506238     -0.4630823     -0.3223457     -0.4249258     -0.4009363    
 -0.2892097     -0.3754269     -0.3616998     -0.2601695     -0.3359970    
 -0.3228234     -0.2341646     -0.2957397     -0.2812544     -0.2056441    
 -0.2540813     -0.2394550     -0.1779621     -0.2128554     -0.1992970    
 -0.1622970     -0.1631464     -0.1288693     -0.1242341     -9.5882259E-02
 -8.6484671E-02 -6.3554674E-02 -5.0628506E-02 -3.1510852E-02 -1.6521228E-02
 -1.0492280E-05  1.6154405E-02  3.1228667E-02  4.7604337E-02  6.2070370E-02
  7.8048661E-02  9.2318334E-02  0.1072441      0.1215400      0.1352092    
 -0.9912214     -0.9912732     -0.9912731     -0.9782248     -0.9734317    
 -0.9639305     -0.9084633     -0.8588472     -0.7967014     -0.8301697    
 -0.8916456     -0.8844256     -0.6244004     -0.8778091     -0.8856668    
 -0.6751661     -0.9141762     -0.9198678     -0.6906770     -0.9306362    
 -0.9342378     -0.7103209     -0.9437934     -0.9463644     -0.7312292    
 -0.9572554     -0.9587938     -0.7583754     -0.9668832     -0.9687895    
 -0.8630736     -0.9766521     -0.8798946     -0.9841779     -0.8996518    
 -0.9885702     -0.9214357     -0.9916612     -0.9376832     -0.9945481    
 -0.9546126     -0.9945490     -0.9701795     -0.9942480     -0.9801911    
 -0.9934124     -0.9871309     -0.9908932     -0.9909379     -0.9882035    
    2.25000E+02   ! Azimuth index:  81 in degrees
  2.7144760E-02  3.0638095E-02  3.4131426E-02  3.7624758E-02  4.1118093E-02
  4.4611424E-02  4.8104759E-02  5.1598094E-02  5.5091426E-02  5.8584761E-02
  6.2078092E-02  6.5571427E-02  6.9064766E-02  7.2558090E-02  7.6051429E-02
  7.9544768E-02  8.3038092E-02  8.6531430E-02  9.0024769E-02  9.3518093E-02
  9.7011432E-02  0.1005048      0.1039981      0.1074914      0.1109848    
  0.1144781      0.1179714      0.1214648      0.1249581      0.1284514    
  0.1328181      0.1380581      0.1432981      0.1485381      0.1537781    
  0.1590181      0.1642581      0.1694981      0.1747381      0.1799781    
  0.1852181      0.1904581      0.1956981      0.2009381      0.2061781    
  0.2114181      0.2166581      0.2218981      0.2271381      0.2323781    
  0.0000000E+00  0.0000000E+00  0.0000000E+00  2.1729549E-05  6.5223212E-05
  1.0833047E-04 -3.4858345E-04 -1.2774649E-03 -2.1360943E-03 -3.4056823E-03
 -4.9988450E-03 -6.4512468E-03 -8.2253711E-03 -1.0104306E-02 -1.1773271E-02
 -1.3700267E-02 -1.5696298E-02 -1.7531034E-02 -1.9566886E-02 -2.1653112E-02
 -2.3607137E-02 -2.5727717E-02 -2.7898613E-02 -2.9970046E-02 -3.2181185E-02
 -3.4449756E-02 -3.6651503E-02 -3.8974240E-02 -4.1366681E-02 -4.3720901E-02
 -4.6801344E-02 -5.0589204E-02 -5.4477774E-02 -5.8487117E-02 -6.2593900E-02
 -6.6813804E-02 -7.1127415E-02 -7.5545445E-02 -8.0056950E-02 -8.4667452E-02
 -8.9371786E-02 -9.4170310E-02 -9.9063419E-02 -0.1040463     -0.1091250    
 -0.1142894     -0.1195511     -0.1248949     -0.1303371     -0.1358577    
 -1.6506740E-03 -1.8663555E-03 -2.0805455E-03 -2.2825680E-03 -2.4682432E-03
 -2.6685088E-03 -2.7580769E-03 -2.6258472E-03 -2.2987300E-03 -2.6401295E-03
 -2.9211219E-03 -2.3404867E-03 -3.1800549E-03 -4.0750625E-03 -3.6176373E-03
 -4.5355470E-03 -5.4193735E-03 -4.9448167E-03 -5.8500469E-03 -6.7674406E-03
 -6.3498863E-03 -7.2536906E-03 -8.1547862E-03 -7.7917492E-03 -8.7030139E-03
 -9.5960293E-03 -9.2756376E-03 -1.0163160E-02 -1.1058426E-02 -1.0825742E-02
 -1.1637490E-02 -1.2437685E-02 -1.3229487E-02 -1.4061822E-02 -1.4863890E-02
 -1.5745535E-02 -1.6570266E-02 -1.7472791E-02 -1.8344689E-02 -1.9267283E-02
 -2.0133672E-02 -2.1094669E-02 -2.1982986E-02 -2.2949960E-02 -2.3869755E-02
 -2.4858197E-02 -2.5794420E-02 -2.6828030E-02 -2.7773606E-02 -2.8799761E-02
 -6.1486661E-02 -6.0645133E-02 -6.0645286E-02  0.1950221      0.2289075    
  0.2504405      0.3804284      0.4422048      0.5039986     -0.3833776    
  4.3813217E-02  5.7977952E-02 -0.7114482     -0.2209814     -0.2340603    
 -0.6785529     -0.1526345     -0.1516122     -0.6746931     -0.1448689    
 -0.1514940     -0.6637470     -0.1475197     -0.1589213     -0.6503460    
 -0.1381486     -0.1528044     -0.6270062     -0.1407197     -0.1473173    
 -0.4782467     -0.1396884     -0.4573086     -0.1262886     -0.4259011    
 -0.1234414     -0.3832692     -0.1184653     -0.3460250     -0.1029488    
 -0.2978301     -0.1029888     -0.2403719     -9.5932201E-02 -0.1880821    
 -8.3919398E-02 -0.1305811     -8.1428900E-02 -5.7226013E-02 -7.1944721E-02
  0.1169387      0.1169447      0.1169447      7.1470991E-02 -1.0066158E-02
 -9.0562180E-02 -0.1734231     -0.2587097     -0.3336598     -0.4046767    
 -0.4506208     -0.4630788     -0.3223649     -0.4249384     -0.4009491    
 -0.2892296     -0.3754344     -0.3617054     -0.2601854     -0.3360030    
 -0.3228291     -0.2341753     -0.2957442     -0.2812593     -0.2056556    
 -0.2540839     -0.2394582     -0.1779708     -0.2128584     -0.1992996    
 -0.1623016     -0.1631482     -0.1288731     -0.1242348     -9.5884703E-02
 -8.6485185E-02 -6.3555457E-02 -5.0628722E-02 -3.1511258E-02 -1.6521251E-02
 -1.0494143E-05  1.6154470E-02  3.1228701E-02  4.7604412E-02  6.2070306E-02
  7.8048646E-02  9.2318334E-02  0.1072440      0.1215397      0.1352089    
 -0.9912339     -0.9912850     -0.9912851     -0.9781913     -0.9733961    
 -0.9638870     -0.9084045     -0.8587923     -0.7966534     -0.8302158    
 -0.8916396     -0.8844188     -0.6244376     -0.8778353     -0.8856950    
 -0.6752127     -0.9141946     -0.9198820     -0.6907191     -0.9306530    
 -0.9342542     -0.7103533     -0.9438078     -0.9463812     -0.7312701    
 -0.9572651     -0.9588068     -0.7584126     -0.9668967     -0.9688020    
 -0.8630980     -0.9766626     -0.8799208     -0.9841834     -0.8996746    
 -0.9885760     -0.9214474     -0.9916666     -0.9376960     -0.9945495    
 -0.9546189     -0.9945513     -0.9701784     -0.9942489     -0.9801900    
 -0.9934112     -0.9871301     -0.9908925     -0.9909356     -0.9882017    
    2.27812E+02   ! Azimuth index:  82 in degrees
  2.7144760E-02  3.0638095E-02  3.4131426E-02  3.7624758E-02  4.1118093E-02
  4.4611424E-02  4.8104759E-02  5.1598094E-02  5.5091426E-02  5.8584761E-02
  6.2078092E-02  6.5571427E-02  6.9064766E-02  7.2558090E-02  7.6051429E-02
  7.9544768E-02  8.3038092E-02  8.6531430E-02  9.0024769E-02  9.3518093E-02
  9.7011432E-02  0.1005048      0.1039981      0.1074914      0.1109848    
  0.1144781      0.1179714      0.1214648      0.1249581      0.1284514    
  0.1328181      0.1380581      0.1432981      0.1485381      0.1537781    
  0.1590181      0.1642581      0.1694981      0.1747381      0.1799781    
  0.1852181      0.1904581      0.1956981      0.2009381      0.2061781    
  0.2114181      0.2166581      0.2218981      0.2271381      0.2323781    
  0.0000000E+00  0.0000000E+00  0.0000000E+00  2.1729549E-05  6.5223212E-05
  1.0833047E-04 -3.4858345E-04 -1.2774649E-03 -2.1360943E-03 -3.4056823E-03
 -4.9988450E-03 -6.4512468E-03 -8.2253711E-03 -1.0104306E-02 -1.1773271E-02
 -1.3700267E-02 -1.5696298E-02 -1.7531034E-02 -1.9566886E-02 -2.1653112E-02
 -2.3607137E-02 -2.5727717E-02 -2.7898613E-02 -2.9970046E-02 -3.2181185E-02
 -3.4449756E-02 -3.6651503E-02 -3.8974240E-02 -4.1366681E-02 -4.3720901E-02
 -4.6801344E-02 -5.0589204E-02 -5.4477774E-02 -5.8487117E-02 -6.2593900E-02
 -6.6813804E-02 -7.1127415E-02 -7.5545445E-02 -8.0056950E-02 -8.4667452E-02
 -8.9371786E-02 -9.4170310E-02 -9.9063419E-02 -0.1040463     -0.1091250    
 -0.1142894     -0.1195511     -0.1248949     -0.1303371     -0.1358577    
 -1.6446515E-03 -1.8595953E-03 -2.0730591E-03 -2.2743936E-03 -2.4594488E-03
 -2.6590840E-03 -2.7479820E-03 -2.6151184E-03 -2.2874363E-03 -2.6282636E-03
 -2.9086533E-03 -2.3274566E-03 -3.1665247E-03 -4.0610335E-03 -3.6030794E-03
 -4.5204656E-03 -5.4037864E-03 -4.9287938E-03 -5.8336123E-03 -6.7505576E-03
 -6.3325702E-03 -7.2360067E-03 -8.1367586E-03 -7.7733444E-03 -8.6842207E-03
 -9.5769232E-03 -9.2562623E-03 -1.0143470E-02 -1.1038405E-02 -1.0805417E-02
 -1.1616872E-02 -1.2416735E-02 -1.3208197E-02 -1.4040289E-02 -1.4842138E-02
 -1.5723556E-02 -1.6548146E-02 -1.7450538E-02 -1.8322291E-02 -1.9244831E-02
 -2.0111222E-02 -2.1072200E-02 -2.1960577E-02 -2.2927651E-02 -2.3847552E-02
 -2.4836164E-02 -2.5772562E-02 -2.6806341E-02 -2.7752187E-02 -2.8778661E-02
 -6.1275445E-02 -6.0440212E-02 -6.0440514E-02  0.1951969      0.2290634    
  0.2506140      0.3805778      0.4423238      0.5040895     -0.3832521    
  4.3965235E-02  5.8112968E-02 -0.7114064     -0.2208539     -0.2339325    
 -0.6784986     -0.1525071     -0.1515145     -0.6746449     -0.1447504    
 -0.1513851     -0.6637101     -0.1474223     -0.1588183     -0.6502988    
 -0.1380841     -0.1527241     -0.6269624     -0.1406295     -0.1472416    
 -0.4782073     -0.1396234     -0.4572655     -0.1262581     -0.4258625    
 -0.1234080     -0.3832537     -0.1184354     -0.3460044     -0.1029533    
 -0.2978268     -0.1029854     -0.2403957     -9.5944293E-02 -0.1881090    
 -8.3954796E-02 -0.1306111     -8.1462435E-02 -5.7293605E-02 -7.1996935E-02
  0.1169402      0.1169462      0.1169462      7.1468458E-02 -1.0065778E-02
 -9.0557985E-02 -0.1734115     -0.2586928     -0.3336392     -0.4046995    
 -0.4506178     -0.4630751     -0.3223844     -0.4249510     -0.4009618    
 -0.2892493     -0.3754419     -0.3617109     -0.2602009     -0.3360089    
 -0.3228345     -0.2341855     -0.2957486     -0.2812640     -0.2056665    
 -0.2540862     -0.2394612     -0.1779789     -0.2128611     -0.1993018    
 -0.1623056     -0.1631497     -0.1288763     -0.1242353     -9.5886648E-02
 -8.6485565E-02 -6.3555919E-02 -5.0628908E-02 -3.1511515E-02 -1.6521243E-02
 -1.0464340E-05  1.6154479E-02  3.1228444E-02  4.7604322E-02  6.2069979E-02
  7.8048334E-02  9.2317879E-02  0.1072437      0.1215392      0.1352085    
 -0.9912468     -0.9912975     -0.9912975     -0.9781567     -0.9733595    
 -0.9638423     -0.9083441     -0.8587362     -0.7966045     -0.8302627    
 -0.8916337     -0.8844119     -0.6244752     -0.8778611     -0.8857230    
 -0.6752588     -0.9142128     -0.9198960     -0.6907603     -0.9306693    
 -0.9342700     -0.7103844     -0.9438217     -0.9463971     -0.7313089    
 -0.9572737     -0.9588189     -0.7584469     -0.9669092     -0.9688129    
 -0.8631191     -0.9766716     -0.8799427     -0.9841872     -0.8996927    
 -0.9885801     -0.9214539     -0.9916702     -0.9377036     -0.9945490    
 -0.9546199     -0.9945517     -0.9701725     -0.9942477     -0.9801848    
 -0.9934083     -0.9871262     -0.9908898     -0.9909317     -0.9881980    
    2.30625E+02   ! Azimuth index:  83 in degrees
  2.7144760E-02  3.0638095E-02  3.4131426E-02  3.7624758E-02  4.1118093E-02
  4.4611424E-02  4.8104759E-02  5.1598094E-02  5.5091426E-02  5.8584761E-02
  6.2078092E-02  6.5571427E-02  6.9064766E-02  7.2558090E-02  7.6051429E-02
  7.9544768E-02  8.3038092E-02  8.6531430E-02  9.0024769E-02  9.3518093E-02
  9.7011432E-02  0.1005048      0.1039981      0.1074914      0.1109848    
  0.1144781      0.1179714      0.1214648      0.1249581      0.1284514    
  0.1328181      0.1380581      0.1432981      0.1485381      0.1537781    
  0.1590181      0.1642581      0.1694981      0.1747381      0.1799781    
  0.1852181      0.1904581      0.1956981      0.2009381      0.2061781    
  0.2114181      0.2166581      0.2218981      0.2271381      0.2323781    
  0.0000000E+00  0.0000000E+00  0.0000000E+00  2.1729549E-05  6.5223212E-05
  1.0833047E-04 -3.4858345E-04 -1.2774649E-03 -2.1360943E-03 -3.4056823E-03
 -4.9988450E-03 -6.4512468E-03 -8.2253711E-03 -1.0104306E-02 -1.1773271E-02
 -1.3700267E-02 -1.5696298E-02 -1.7531034E-02 -1.9566886E-02 -2.1653112E-02
 -2.3607137E-02 -2.5727717E-02 -2.7898613E-02 -2.9970046E-02 -3.2181185E-02
 -3.4449756E-02 -3.6651503E-02 -3.8974240E-02 -4.1366681E-02 -4.3720901E-02
 -4.6801344E-02 -5.0589204E-02 -5.4477774E-02 -5.8487117E-02 -6.2593900E-02
 -6.6813804E-02 -7.1127415E-02 -7.5545445E-02 -8.0056950E-02 -8.4667452E-02
 -8.9371786E-02 -9.4170310E-02 -9.9063419E-02 -0.1040463     -0.1091250    
 -0.1142894     -0.1195511     -0.1248949     -0.1303371     -0.1358577    
 -1.6384041E-03 -1.8525906E-03 -2.0653093E-03 -2.2659386E-03 -2.4503584E-03
 -2.6493506E-03 -2.7375666E-03 -2.6040578E-03 -2.2758022E-03 -2.6160509E-03
 -2.8958342E-03 -2.3140735E-03 -3.1526401E-03 -4.0466525E-03 -3.5881740E-03
 -4.5050425E-03 -5.3878641E-03 -4.9124435E-03 -5.8168606E-03 -6.7333695E-03
 -6.3149640E-03 -7.2180489E-03 -8.1184749E-03 -7.7547035E-03 -8.6652134E-03
 -9.5576253E-03 -9.2367213E-03 -1.0123642E-02 -1.1018272E-02 -1.0785010E-02
 -1.1596214E-02 -1.2395797E-02 -1.3186979E-02 -1.4018890E-02 -1.4820583E-02
 -1.5701843E-02 -1.6526368E-02 -1.7428705E-02 -1.8300395E-02 -1.9222971E-02
 -2.0089455E-02 -2.1050509E-02 -2.1939041E-02 -2.2906318E-02 -2.3826435E-02
 -2.4815325E-02 -2.5752014E-02 -2.6786085E-02 -2.7732320E-02 -2.8759241E-02
 -6.1058309E-02 -6.0230058E-02 -6.0230218E-02  0.1953759      0.2292230    
  0.2507907      0.3807299      0.4424447      0.5041817     -0.3831258    
  4.4118267E-02  5.8248963E-02 -0.7113647     -0.2207276     -0.2338055    
 -0.6784448     -0.1523817     -0.1514188     -0.6745978     -0.1446353    
 -0.1512807     -0.6636752     -0.1473302     -0.1587208     -0.6502544    
 -0.1380258     -0.1526515     -0.6269222     -0.1405467     -0.1471750    
 -0.4781743     -0.1395687     -0.4572307     -0.1262393     -0.4258331    
 -0.1233882     -0.3832495     -0.1184208     -0.3459971     -0.1029743    
 -0.2978395     -0.1030001     -0.2404361     -9.5976628E-02 -0.1881557    
 -8.4011100E-02 -0.1306630     -8.1518620E-02 -5.7384681E-02 -7.2073251E-02
  0.1169418      0.1169477      0.1169477      7.1465857E-02 -1.0065386E-02
 -9.0553708E-02 -0.1733998     -0.2586756     -0.3336185     -0.4047225    
 -0.4506148     -0.4630714     -0.3224037     -0.4249635     -0.4009744    
 -0.2892689     -0.3754492     -0.3617162     -0.2602161     -0.3360147    
 -0.3228398     -0.2341952     -0.2957527     -0.2812685     -0.2056768    
 -0.2540883     -0.2394639     -0.1779863     -0.2128636     -0.1993038    
 -0.1623089     -0.1631509     -0.1288789     -0.1242356     -9.5888093E-02
 -8.6485773E-02 -6.3556030E-02 -5.0629001E-02 -3.1511605E-02 -1.6521208E-02
 -1.0464340E-05  1.6154455E-02  3.1228159E-02  4.7604211E-02  6.2069416E-02
  7.8048050E-02  9.2317328E-02  0.1072432      0.1215386      0.1352077    
 -0.9912601     -0.9913101     -0.9913101     -0.9781211     -0.9733219    
 -0.9637968     -0.9082826     -0.8586791     -0.7965548     -0.8303098    
 -0.8916277     -0.8844048     -0.6245128     -0.8778869     -0.8857508    
 -0.6753045     -0.9142307     -0.9199096     -0.6908006     -0.9306851    
 -0.9342851     -0.7104139     -0.9438348     -0.9464121     -0.7313455    
 -0.9572816     -0.9588298     -0.7584784     -0.9669207     -0.9688227    
 -0.8631368     -0.9766793     -0.8799604     -0.9841896     -0.8997064    
 -0.9885827     -0.9214556     -0.9916719     -0.9377063     -0.9945469    
 -0.9546160     -0.9945502     -0.9701626     -0.9942446     -0.9801760    
 -0.9934036     -0.9871194     -0.9908853     -0.9909266     -0.9881925    
    2.33438E+02   ! Azimuth index:  84 in degrees
  2.7144760E-02  3.0638095E-02  3.4131426E-02  3.7624758E-02  4.1118093E-02
  4.4611424E-02  4.8104759E-02  5.1598094E-02  5.5091426E-02  5.8584761E-02
  6.2078092E-02  6.5571427E-02  6.9064766E-02  7.2558090E-02  7.6051429E-02
  7.9544768E-02  8.3038092E-02  8.6531430E-02  9.0024769E-02  9.3518093E-02
  9.7011432E-02  0.1005048      0.1039981      0.1074914      0.1109848    
  0.1144781      0.1179714      0.1214648      0.1249581      0.1284514    
  0.1328181      0.1380581      0.1432981      0.1485381      0.1537781    
  0.1590181      0.1642581      0.1694981      0.1747381      0.1799781    
  0.1852181      0.1904581      0.1956981      0.2009381      0.2061781    
  0.2114181      0.2166581      0.2218981      0.2271381      0.2323781    
  0.0000000E+00  0.0000000E+00  0.0000000E+00  2.1729549E-05  6.5223212E-05
  1.0833047E-04 -3.4858345E-04 -1.2774649E-03 -2.1360943E-03 -3.4056823E-03
 -4.9988450E-03 -6.4512468E-03 -8.2253711E-03 -1.0104306E-02 -1.1773271E-02
 -1.3700267E-02 -1.5696298E-02 -1.7531034E-02 -1.9566886E-02 -2.1653112E-02
 -2.3607137E-02 -2.5727717E-02 -2.7898613E-02 -2.9970046E-02 -3.2181185E-02
 -3.4449756E-02 -3.6651503E-02 -3.8974240E-02 -4.1366681E-02 -4.3720901E-02
 -4.6801344E-02 -5.0589204E-02 -5.4477774E-02 -5.8487117E-02 -6.2593900E-02
 -6.6813804E-02 -7.1127415E-02 -7.5545445E-02 -8.0056950E-02 -8.4667452E-02
 -8.9371786E-02 -9.4170310E-02 -9.9063419E-02 -0.1040463     -0.1091250    
 -0.1142894     -0.1195511     -0.1248949     -0.1303371     -0.1358577    
 -1.6319724E-03 -1.8453859E-03 -2.0573456E-03 -2.2572558E-03 -2.4410288E-03
 -2.6393684E-03 -2.7268946E-03 -2.5927329E-03 -2.2638980E-03 -2.6035649E-03
 -2.8827405E-03 -2.3004161E-03 -3.1384826E-03 -4.0320023E-03 -3.5730065E-03
 -4.4893636E-03 -5.3716949E-03 -4.8958566E-03 -5.7998826E-03 -6.7159683E-03
 -6.2971618E-03 -7.1999123E-03 -8.1000291E-03 -7.7359220E-03 -8.6460859E-03
 -9.5382296E-03 -9.2171095E-03 -1.0103771E-02 -1.0998125E-02 -1.0764618E-02
 -1.1575609E-02 -1.2374965E-02 -1.3165921E-02 -1.3997709E-02 -1.4799312E-02
 -1.5680481E-02 -1.6505007E-02 -1.7407367E-02 -1.8279074E-02 -1.9201759E-02
 -2.0068426E-02 -2.1029644E-02 -2.1918423E-02 -2.2886001E-02 -2.3806432E-02
 -2.4795705E-02 -2.5732791E-02 -2.6767261E-02 -2.7714007E-02 -2.8741494E-02
 -6.0836319E-02 -6.0015950E-02 -6.0016137E-02  0.1955585      0.2293853    
  0.2509693      0.3808837      0.4425671      0.5042747     -0.3829985    
  4.4270888E-02  5.8384765E-02 -0.7113231     -0.2206028     -0.2336806    
 -0.6783918     -0.1522591     -0.1513259     -0.6745519     -0.1445241    
 -0.1511813     -0.6636420     -0.1472432     -0.1586291     -0.6502123    
 -0.1379745     -0.1525858     -0.6268857     -0.1404712     -0.1471174    
 -0.4781472     -0.1395236     -0.4572035     -0.1262319     -0.4258129    
 -0.1233808     -0.3832561     -0.1184208     -0.3460021     -0.1030107    
 -0.2978669     -0.1030312     -0.2404932     -9.6027754E-02 -0.1882206    
 -8.4087141E-02 -0.1307351     -8.1596151E-02 -5.7498038E-02 -7.2172686E-02
  0.1169434      0.1169492      0.1169492      7.1463212E-02 -1.0064995E-02
 -9.0549380E-02 -0.1733879     -0.2586582     -0.3335975     -0.4047456    
 -0.4506117     -0.4630677     -0.3224230     -0.4249758     -0.4009868    
 -0.2892882     -0.3754564     -0.3617214     -0.2602308     -0.3360202    
 -0.3228447     -0.2342044     -0.2957565     -0.2812727     -0.2056866    
 -0.2540901     -0.2394664     -0.1779930     -0.2128660     -0.1993055    
 -0.1623116     -0.1631520     -0.1288809     -0.1242356     -9.5889106E-02
 -8.6485870E-02 -6.3555822E-02 -5.0629001E-02 -3.1511545E-02 -1.6521145E-02
 -1.0494143E-05  1.6154401E-02  3.1227699E-02  4.7603913E-02  6.2068589E-02
  7.8047469E-02  9.2316359E-02  0.1072425      0.1215378      0.1352066    
 -0.9912736     -0.9913229     -0.9913229     -0.9780849     -0.9732836    
 -0.9637507     -0.9082204     -0.8586211     -0.7965047     -0.8303573    
 -0.8916216     -0.8843978     -0.6245502     -0.8779123     -0.8857781    
 -0.6753495     -0.9142482     -0.9199229     -0.6908398     -0.9307004    
 -0.9342995     -0.7104418     -0.9438472     -0.9464262     -0.7313801    
 -0.9572885     -0.9588397     -0.7585070     -0.9669312     -0.9688311    
 -0.8631513     -0.9766855     -0.8799742     -0.9841905     -0.8997159    
 -0.9885836     -0.9214528     -0.9916719     -0.9377045     -0.9945431    
 -0.9546074     -0.9945469     -0.9701484     -0.9942396     -0.9801636    
 -0.9933972     -0.9871100     -0.9908789     -0.9909200     -0.9881854    
    2.36250E+02   ! Azimuth index:  85 in degrees
  2.7144760E-02  3.0638095E-02  3.4131426E-02  3.7624758E-02  4.1118093E-02
  4.4611424E-02  4.8104759E-02  5.1598094E-02  5.5091426E-02  5.8584761E-02
  6.2078092E-02  6.5571427E-02  6.9064766E-02  7.2558090E-02  7.6051429E-02
  7.9544768E-02  8.3038092E-02  8.6531430E-02  9.0024769E-02  9.3518093E-02
  9.7011432E-02  0.1005048      0.1039981      0.1074914      0.1109848    
  0.1144781      0.1179714      0.1214648      0.1249581      0.1284514    
  0.1328181      0.1380581      0.1432981      0.1485381      0.1537781    
  0.1590181      0.1642581      0.1694981      0.1747381      0.1799781    
  0.1852181      0.1904581      0.1956981      0.2009381      0.2061781    
  0.2114181      0.2166581      0.2218981      0.2271381      0.2323781    
  0.0000000E+00  0.0000000E+00  0.0000000E+00  2.1729549E-05  6.5223212E-05
  1.0833047E-04 -3.4858345E-04 -1.2774649E-03 -2.1360943E-03 -3.4056823E-03
 -4.9988450E-03 -6.4512468E-03 -8.2253711E-03 -1.0104306E-02 -1.1773271E-02
 -1.3700267E-02 -1.5696298E-02 -1.7531034E-02 -1.9566886E-02 -2.1653112E-02
 -2.3607137E-02 -2.5727717E-02 -2.7898613E-02 -2.9970046E-02 -3.2181185E-02
 -3.4449756E-02 -3.6651503E-02 -3.8974240E-02 -4.1366681E-02 -4.3720901E-02
 -4.6801344E-02 -5.0589204E-02 -5.4477774E-02 -5.8487117E-02 -6.2593900E-02
 -6.6813804E-02 -7.1127415E-02 -7.5545445E-02 -8.0056950E-02 -8.4667452E-02
 -8.9371786E-02 -9.4170310E-02 -9.9063419E-02 -0.1040463     -0.1091250    
 -0.1142894     -0.1195511     -0.1248949     -0.1303371     -0.1358577    
 -1.6253978E-03 -1.8380272E-03 -2.0492175E-03 -2.2483994E-03 -2.4315175E-03
 -2.6291986E-03 -2.7160291E-03 -2.5812103E-03 -2.2517936E-03 -2.5908772E-03
 -2.8694458E-03 -2.2865601E-03 -3.1241295E-03 -4.0171617E-03 -3.5576555E-03
 -4.4735102E-03 -5.3553605E-03 -4.8791142E-03 -5.7827607E-03 -6.6984361E-03
 -6.2792446E-03 -7.1816770E-03 -8.0815023E-03 -7.7170781E-03 -8.6269174E-03
 -9.5188152E-03 -9.1975015E-03 -1.0083927E-02 -1.0978030E-02 -1.0744307E-02
 -1.1555124E-02 -1.2354294E-02 -1.3145077E-02 -1.3976797E-02 -1.4778363E-02
 -1.5659500E-02 -1.6484091E-02 -1.7386539E-02 -1.8258331E-02 -1.9181203E-02
 -2.0048121E-02 -2.1009587E-02 -2.1898694E-02 -2.2866653E-02 -2.3787491E-02
 -2.4777237E-02 -2.5714815E-02 -2.6749786E-02 -2.7697138E-02 -2.8725296E-02
 -6.0610939E-02 -5.9798870E-02 -5.9799045E-02  0.1957432      0.2295495    
  0.2511493      0.3810388      0.4426901      0.5043680     -0.3828714    
  4.4423103E-02  5.8519773E-02 -0.7112816     -0.2204799     -0.2335572    
 -0.6783398     -0.1521391     -0.1512356     -0.6745074     -0.1444165    
 -0.1510865     -0.6636106     -0.1471613     -0.1585429     -0.6501730    
 -0.1379298     -0.1525267     -0.6268524     -0.1404029     -0.1470682    
 -0.4781256     -0.1394872     -0.4571836     -0.1262342     -0.4258009    
 -0.1233849     -0.3832724     -0.1184333     -0.3460185     -0.1030604    
 -0.2979075     -0.1030778     -0.2405641     -9.6095219E-02 -0.1883016    
 -8.4180072E-02 -0.1308254     -8.1692152E-02 -5.7630368E-02 -7.2291449E-02
  0.1169450      0.1169507      0.1169507      7.1460523E-02 -1.0064591E-02
 -9.0545014E-02 -0.1733759     -0.2586406     -0.3335764     -0.4047687    
 -0.4506087     -0.4630641     -0.3224422     -0.4249879     -0.4009990    
 -0.2893071     -0.3754635     -0.3617265     -0.2602452     -0.3360255    
 -0.3228495     -0.2342131     -0.2957602     -0.2812766     -0.2056957    
 -0.2540917     -0.2394686     -0.1779991     -0.2128680     -0.1993070    
 -0.1623138     -0.1631528     -0.1288824     -0.1242356     -9.5889717E-02
 -8.6485833E-02 -6.3555375E-02 -5.0628923E-02 -3.1511340E-02 -1.6521059E-02
 -1.0464340E-05  1.6154354E-02  3.1227166E-02  4.7603667E-02  6.2067643E-02
  7.8046888E-02  9.2315286E-02  0.1072417      0.1215369      0.1352056    
 -0.9912872     -0.9913358     -0.9913358     -0.9780481     -0.9732450    
 -0.9637042     -0.9081576     -0.8585629     -0.7964544     -0.8304046    
 -0.8916157     -0.8843908     -0.6245874     -0.8779374     -0.8858052    
 -0.6753936     -0.9142653     -0.9199358     -0.6908779     -0.9307151    
 -0.9343132     -0.7104683     -0.9438588     -0.9464395     -0.7314125    
 -0.9572945     -0.9588485     -0.7585330     -0.9669406     -0.9688382    
 -0.8631629     -0.9766906     -0.8799844     -0.9841902     -0.8997215    
 -0.9885830     -0.9214461     -0.9916704     -0.9376984     -0.9945379    
 -0.9545948     -0.9945421     -0.9701307     -0.9942332     -0.9801479    
 -0.9933893     -0.9870981     -0.9908711     -0.9909126     -0.9881768    
    2.39062E+02   ! Azimuth index:  86 in degrees
  2.7144760E-02  3.0638095E-02  3.4131426E-02  3.7624758E-02  4.1118093E-02
  4.4611424E-02  4.8104759E-02  5.1598094E-02  5.5091426E-02  5.8584761E-02
  6.2078092E-02  6.5571427E-02  6.9064766E-02  7.2558090E-02  7.6051429E-02
  7.9544768E-02  8.3038092E-02  8.6531430E-02  9.0024769E-02  9.3518093E-02
  9.7011432E-02  0.1005048      0.1039981      0.1074914      0.1109848    
  0.1144781      0.1179714      0.1214648      0.1249581      0.1284514    
  0.1328181      0.1380581      0.1432981      0.1485381      0.1537781    
  0.1590181      0.1642581      0.1694981      0.1747381      0.1799781    
  0.1852181      0.1904581      0.1956981      0.2009381      0.2061781    
  0.2114181      0.2166581      0.2218981      0.2271381      0.2323781    
  0.0000000E+00  0.0000000E+00  0.0000000E+00  2.1729549E-05  6.5223212E-05
  1.0833047E-04 -3.4858345E-04 -1.2774649E-03 -2.1360943E-03 -3.4056823E-03
 -4.9988450E-03 -6.4512468E-03 -8.2253711E-03 -1.0104306E-02 -1.1773271E-02
 -1.3700267E-02 -1.5696298E-02 -1.7531034E-02 -1.9566886E-02 -2.1653112E-02
 -2.3607137E-02 -2.5727717E-02 -2.7898613E-02 -2.9970046E-02 -3.2181185E-02
 -3.4449756E-02 -3.6651503E-02 -3.8974240E-02 -4.1366681E-02 -4.3720901E-02
 -4.6801344E-02 -5.0589204E-02 -5.4477774E-02 -5.8487117E-02 -6.2593900E-02
 -6.6813804E-02 -7.1127415E-02 -7.5545445E-02 -8.0056950E-02 -8.4667452E-02
 -8.9371786E-02 -9.4170310E-02 -9.9063419E-02 -0.1040463     -0.1091250    
 -0.1142894     -0.1195511     -0.1248949     -0.1303371     -0.1358577    
 -1.6187563E-03 -1.8305983E-03 -2.0410169E-03 -2.2394680E-03 -2.4219297E-03
 -2.6189517E-03 -2.7050884E-03 -2.5696130E-03 -2.2396161E-03 -2.5781202E-03
 -2.8560874E-03 -2.2726462E-03 -3.1097240E-03 -4.0022768E-03 -3.5422705E-03
 -4.4576321E-03 -5.3390125E-03 -4.8623700E-03 -5.7656476E-03 -6.6809272E-03
 -6.2613664E-03 -7.1634972E-03 -8.0630463E-03 -7.6983226E-03 -8.6078560E-03
 -9.4995275E-03 -9.1780405E-03 -1.0064253E-02 -1.0958128E-02 -1.0724213E-02
 -1.1534884E-02 -1.2333908E-02 -1.3124559E-02 -1.3956253E-02 -1.4757829E-02
 -1.5638983E-02 -1.6463690E-02 -1.7366279E-02 -1.8238213E-02 -1.9161325E-02
 -2.0028558E-02 -2.0990331E-02 -2.1879826E-02 -2.2848237E-02 -2.3769548E-02
 -2.4759835E-02 -2.5697976E-02 -2.6733525E-02 -2.7681563E-02 -2.8710468E-02
 -6.0384363E-02 -5.9581142E-02 -5.9581269E-02  0.1959287      0.2297140    
  0.2513290      0.3811936      0.4428127      0.5044609     -0.3827453    
  4.4573888E-02  5.8653198E-02 -0.7112407     -0.2203593     -0.2334364    
 -0.6782888     -0.1520220     -0.1511476     -0.6744642     -0.1443129    
 -0.1509959     -0.6635807     -0.1470838     -0.1584613     -0.6501357    
 -0.1378897     -0.1524734     -0.6268221     -0.1403409     -0.1470257    
 -0.4781084     -0.1394584     -0.4571694     -0.1262447     -0.4257956    
 -0.1233981     -0.3832960     -0.1184566     -0.3460439     -0.1031206    
 -0.2979584     -0.1031359     -0.2406460     -9.6176080E-02 -0.1883951    
 -8.4286258E-02 -0.1309298     -8.1802167E-02 -5.7776999E-02 -7.2425857E-02
  0.1169466      0.1169522      0.1169522      7.1457818E-02 -1.0064194E-02
 -9.0540640E-02 -0.1733640     -0.2586232     -0.3335554     -0.4047916    
 -0.4506056     -0.4630604     -0.3224612     -0.4249998     -0.4010110    
 -0.2893257     -0.3754703     -0.3617314     -0.2602591     -0.3360306    
 -0.3228540     -0.2342214     -0.2957636     -0.2812804     -0.2057043    
 -0.2540931     -0.2394706     -0.1780047     -0.2128700     -0.1993083    
 -0.1623155     -0.1631535     -0.1288835     -0.1242355     -9.5889971E-02
 -8.6485691E-02 -6.3554719E-02 -5.0628833E-02 -3.1511053E-02 -1.6520955E-02
 -1.0492280E-05  1.6154191E-02  3.1226454E-02  4.7603220E-02  6.2066469E-02
  7.8046232E-02  9.2314042E-02  0.1072407      0.1215358      0.1352042    
 -0.9913008     -0.9913487     -0.9913487     -0.9780111     -0.9732062    
 -0.9636577     -0.9080949     -0.8585050     -0.7964044     -0.8304515    
 -0.8916096     -0.8843839     -0.6246242     -0.8779619     -0.8858315    
 -0.6754369     -0.9142819     -0.9199483     -0.6909148     -0.9307293    
 -0.9343264     -0.7104934     -0.9438699     -0.9464520     -0.7314433    
 -0.9572999     -0.9588565     -0.7585568     -0.9669493     -0.9688444    
 -0.8631722     -0.9766945     -0.8799915     -0.9841889     -0.8997239    
 -0.9885814     -0.9214363     -0.9916677     -0.9376890     -0.9945317    
 -0.9545789     -0.9945360     -0.9701105     -0.9942254     -0.9801301    
 -0.9933804     -0.9870844     -0.9908623     -0.9909041     -0.9881672    
    2.41875E+02   ! Azimuth index:  87 in degrees
  2.7144760E-02  3.0638095E-02  3.4131426E-02  3.7624758E-02  4.1118093E-02
  4.4611424E-02  4.8104759E-02  5.1598094E-02  5.5091426E-02  5.8584761E-02
  6.2078092E-02  6.5571427E-02  6.9064766E-02  7.2558090E-02  7.6051429E-02
  7.9544768E-02  8.3038092E-02  8.6531430E-02  9.0024769E-02  9.3518093E-02
  9.7011432E-02  0.1005048      0.1039981      0.1074914      0.1109848    
  0.1144781      0.1179714      0.1214648      0.1249581      0.1284514    
  0.1328181      0.1380581      0.1432981      0.1485381      0.1537781    
  0.1590181      0.1642581      0.1694981      0.1747381      0.1799781    
  0.1852181      0.1904581      0.1956981      0.2009381      0.2061781    
  0.2114181      0.2166581      0.2218981      0.2271381      0.2323781    
  0.0000000E+00  0.0000000E+00  0.0000000E+00  2.1729549E-05  6.5223212E-05
  1.0833047E-04 -3.4858345E-04 -1.2774649E-03 -2.1360943E-03 -3.4056823E-03
 -4.9988450E-03 -6.4512468E-03 -8.2253711E-03 -1.0104306E-02 -1.1773271E-02
 -1.3700267E-02 -1.5696298E-02 -1.7531034E-02 -1.9566886E-02 -2.1653112E-02
 -2.3607137E-02 -2.5727717E-02 -2.7898613E-02 -2.9970046E-02 -3.2181185E-02
 -3.4449756E-02 -3.6651503E-02 -3.8974240E-02 -4.1366681E-02 -4.3720901E-02
 -4.6801344E-02 -5.0589204E-02 -5.4477774E-02 -5.8487117E-02 -6.2593900E-02
 -6.6813804E-02 -7.1127415E-02 -7.5545445E-02 -8.0056950E-02 -8.4667452E-02
 -8.9371786E-02 -9.4170310E-02 -9.9063419E-02 -0.1040463     -0.1091250    
 -0.1142894     -0.1195511     -0.1248949     -0.1303371     -0.1358577    
 -1.6121372E-03 -1.8231982E-03 -2.0328518E-03 -2.2305788E-03 -2.4123902E-03
 -2.6087610E-03 -2.6942119E-03 -2.5580893E-03 -2.2275201E-03 -2.5654540E-03
 -2.8428305E-03 -2.2588456E-03 -3.0954424E-03 -3.9875275E-03 -3.5270345E-03
 -4.4419179E-03 -5.3228424E-03 -4.8458166E-03 -5.7487404E-03 -6.6636391E-03
 -6.2437262E-03 -7.1455706E-03 -8.0448594E-03 -7.6798559E-03 -8.5891010E-03
 -9.4805639E-03 -9.1589224E-03 -1.0044942E-02 -1.0938609E-02 -1.0704523E-02
 -1.1515075E-02 -1.2313987E-02 -1.3104542E-02 -1.3936248E-02 -1.4737867E-02
 -1.5619076E-02 -1.6443938E-02 -1.7346710E-02 -1.8218828E-02 -1.9142224E-02
 -2.0009814E-02 -2.0971943E-02 -2.1861875E-02 -2.2830782E-02 -2.3752619E-02
 -2.4743501E-02 -2.5682259E-02 -2.6718438E-02 -2.7667211E-02 -2.8696921E-02
 -6.0159575E-02 -5.9365287E-02 -5.9365507E-02  0.1961125      0.2298769    
  0.2515063      0.3813463      0.4429338      0.5045522     -0.3826213    
  4.4721425E-02  5.8783870E-02 -0.7112008     -0.2202415     -0.2333192    
 -0.6782392     -0.1519086     -0.1510637     -0.6744226     -0.1442136    
 -0.1509102     -0.6635525     -0.1470109     -0.1583852     -0.6501009    
 -0.1378547     -0.1524253     -0.6267946     -0.1402841     -0.1469894    
 -0.4780953     -0.1394359     -0.4571602     -0.1262613     -0.4257956    
 -0.1234184     -0.3833262     -0.1184874     -0.3460760     -0.1031888    
 -0.2980168     -0.1032030     -0.2407361     -9.6265785E-02 -0.1884982    
 -8.4401853E-02 -0.1310442     -8.1922457E-02 -5.7933882E-02 -7.2570480E-02
  0.1169482      0.1169538      0.1169538      7.1455158E-02 -1.0063797E-02
 -9.0536326E-02 -0.1733522     -0.2586060     -0.3335348     -0.4048141    
 -0.4506027     -0.4630569     -0.3224798     -0.4250114     -0.4010226    
 -0.2893437     -0.3754769     -0.3617361     -0.2602725     -0.3360355    
 -0.3228583     -0.2342293     -0.2957669     -0.2812839     -0.2057124    
 -0.2540944     -0.2394724     -0.1780097     -0.2128717     -0.1993094    
 -0.1623168     -0.1631540     -0.1288842     -0.1242352     -9.5889948E-02
 -8.6485431E-02 -6.3553855E-02 -5.0628617E-02 -3.1510625E-02 -1.6520837E-02
 -1.0492280E-05  1.6154084E-02  3.1225767E-02  4.7602843E-02  6.2065229E-02
  7.8045383E-02  9.2312559E-02  0.1072396      0.1215347      0.1352028    
 -0.9913142     -0.9913615     -0.9913615     -0.9779745     -0.9731677    
 -0.9636118     -0.9080331     -0.8584477     -0.7963552     -0.8304977    
 -0.8916037     -0.8843771     -0.6246601     -0.8779858     -0.8858573    
 -0.6754790     -0.9142981     -0.9199603     -0.6909503     -0.9307430    
 -0.9343387     -0.7105172     -0.9438802     -0.9464638     -0.7314720    
 -0.9573046     -0.9588636     -0.7585783     -0.9669571     -0.9688498    
 -0.8631791     -0.9766977     -0.8799962     -0.9841868     -0.8997239    
 -0.9885789     -0.9214239     -0.9916640     -0.9376771     -0.9945247    
 -0.9545607     -0.9945291     -0.9700882     -0.9942167     -0.9801103    
 -0.9933707     -0.9870693     -0.9908524     -0.9908950     -0.9881567    
    2.44688E+02   ! Azimuth index:  88 in degrees
  2.7144760E-02  3.0638095E-02  3.4131426E-02  3.7624758E-02  4.1118093E-02
  4.4611424E-02  4.8104759E-02  5.1598094E-02  5.5091426E-02  5.8584761E-02
  6.2078092E-02  6.5571427E-02  6.9064766E-02  7.2558090E-02  7.6051429E-02
  7.9544768E-02  8.3038092E-02  8.6531430E-02  9.0024769E-02  9.3518093E-02
  9.7011432E-02  0.1005048      0.1039981      0.1074914      0.1109848    
  0.1144781      0.1179714      0.1214648      0.1249581      0.1284514    
  0.1328181      0.1380581      0.1432981      0.1485381      0.1537781    
  0.1590181      0.1642581      0.1694981      0.1747381      0.1799781    
  0.1852181      0.1904581      0.1956981      0.2009381      0.2061781    
  0.2114181      0.2166581      0.2218981      0.2271381      0.2323781    
  0.0000000E+00  0.0000000E+00  0.0000000E+00  2.1729549E-05  6.5223212E-05
  1.0833047E-04 -3.4858345E-04 -1.2774649E-03 -2.1360943E-03 -3.4056823E-03
 -4.9988450E-03 -6.4512468E-03 -8.2253711E-03 -1.0104306E-02 -1.1773271E-02
 -1.3700267E-02 -1.5696298E-02 -1.7531034E-02 -1.9566886E-02 -2.1653112E-02
 -2.3607137E-02 -2.5727717E-02 -2.7898613E-02 -2.9970046E-02 -3.2181185E-02
 -3.4449756E-02 -3.6651503E-02 -3.8974240E-02 -4.1366681E-02 -4.3720901E-02
 -4.6801344E-02 -5.0589204E-02 -5.4477774E-02 -5.8487117E-02 -6.2593900E-02
 -6.6813804E-02 -7.1127415E-02 -7.5545445E-02 -8.0056950E-02 -8.4667452E-02
 -8.9371786E-02 -9.4170310E-02 -9.9063419E-02 -0.1040463     -0.1091250    
 -0.1142894     -0.1195511     -0.1248949     -0.1303371     -0.1358577    
 -1.6055966E-03 -1.8158893E-03 -2.0247907E-03 -2.2218053E-03 -2.4029776E-03
 -2.5987094E-03 -2.6834884E-03 -2.5467314E-03 -2.2156020E-03 -2.5529787E-03
 -2.8297796E-03 -2.2452646E-03 -3.0813937E-03 -3.9730254E-03 -3.5120617E-03
 -4.4264826E-03 -5.3069685E-03 -4.8295744E-03 -5.7321582E-03 -6.6466932E-03
 -6.2264455E-03 -7.1280198E-03 -8.0270655E-03 -7.6617980E-03 -8.5707745E-03
 -9.4620455E-03 -9.1402680E-03 -1.0026112E-02 -1.0919590E-02 -1.0685354E-02
 -1.1495812E-02 -1.2294639E-02 -1.3085129E-02 -1.3916874E-02 -1.4718570E-02
 -1.5599866E-02 -1.6424913E-02 -1.7327901E-02 -1.8200241E-02 -1.9123953E-02
 -1.9991936E-02 -2.0954456E-02 -2.1844860E-02 -2.2814300E-02 -2.3736700E-02
 -2.4728209E-02 -2.5667623E-02 -2.6704472E-02 -2.7654026E-02 -2.8684579E-02
 -5.9938293E-02 -5.9153054E-02 -5.9153132E-02  0.1962930      0.2300369    
  0.2516803      0.3814960      0.4430524      0.5046418     -0.3825003    
  4.4865310E-02  5.8910999E-02 -0.7111619     -0.2201284     -0.2332052    
 -0.6781916     -0.1517995     -0.1509826     -0.6743829     -0.1441188    
 -0.1508292     -0.6635261     -0.1469426     -0.1583137     -0.6500680    
 -0.1378239     -0.1523825     -0.6267694     -0.1402328     -0.1469588    
 -0.4780855     -0.1394189     -0.4571551     -0.1262834     -0.4258004    
 -0.1234447     -0.3833610     -0.1185244     -0.3461139     -0.1032633    
 -0.2980811     -0.1032771     -0.2408315     -9.6363157E-02 -0.1886074    
 -8.4524386E-02 -0.1311657     -8.2050607E-02 -5.8098029E-02 -7.2723016E-02
  0.1169497      0.1169552      0.1169552      7.1452513E-02 -1.0063402E-02
 -9.0532109E-02 -0.1733406     -0.2585891     -0.3335147     -0.4048361    
 -0.4505998     -0.4630534     -0.3224978     -0.4250225     -0.4010338    
 -0.2893610     -0.3754833     -0.3617407     -0.2602853     -0.3360403    
 -0.3228623     -0.2342366     -0.2957699     -0.2812871     -0.2057200    
 -0.2540955     -0.2394740     -0.1780144     -0.2128733     -0.1993103    
 -0.1623178     -0.1631544     -0.1288846     -0.1242348     -9.5889717E-02
 -8.6485140E-02 -6.3552834E-02 -5.0628372E-02 -3.1510159E-02 -1.6520709E-02
 -1.0492280E-05  1.6153958E-02  3.1225001E-02  4.7602426E-02  6.2063929E-02
  7.8044571E-02  9.2311062E-02  0.1072385      0.1215335      0.1352012    
 -0.9913275     -0.9913741     -0.9913741     -0.9779385     -0.9731300    
 -0.9635668     -0.9079724     -0.8583917     -0.7963069     -0.8305427    
 -0.8915980     -0.8843704     -0.6246951     -0.8780088     -0.8858821    
 -0.6755193     -0.9143135     -0.9199718     -0.6909843     -0.9307560    
 -0.9343504     -0.7105395     -0.9438899     -0.9464747     -0.7314990    
 -0.9573087     -0.9588701     -0.7585980     -0.9669643     -0.9688541    
 -0.8631843     -0.9767001     -0.8799988     -0.9841840     -0.8997217    
 -0.9885756     -0.9214094     -0.9916596     -0.9376632     -0.9945169    
 -0.9545406     -0.9945214     -0.9700646     -0.9942073     -0.9800895    
 -0.9933602     -0.9870533     -0.9908419     -0.9908856     -0.9881458    
    2.47500E+02   ! Azimuth index:  89 in degrees
  2.7144760E-02  3.0638095E-02  3.4131426E-02  3.7624758E-02  4.1118093E-02
  4.4611424E-02  4.8104759E-02  5.1598094E-02  5.5091426E-02  5.8584761E-02
  6.2078092E-02  6.5571427E-02  6.9064766E-02  7.2558090E-02  7.6051429E-02
  7.9544768E-02  8.3038092E-02  8.6531430E-02  9.0024769E-02  9.3518093E-02
  9.7011432E-02  0.1005048      0.1039981      0.1074914      0.1109848    
  0.1144781      0.1179714      0.1214648      0.1249581      0.1284514    
  0.1328181      0.1380581      0.1432981      0.1485381      0.1537781    
  0.1590181      0.1642581      0.1694981      0.1747381      0.1799781    
  0.1852181      0.1904581      0.1956981      0.2009381      0.2061781    
  0.2114181      0.2166581      0.2218981      0.2271381      0.2323781    
  0.0000000E+00  0.0000000E+00  0.0000000E+00  2.1729549E-05  6.5223212E-05
  1.0833047E-04 -3.4858345E-04 -1.2774649E-03 -2.1360943E-03 -3.4056823E-03
 -4.9988450E-03 -6.4512468E-03 -8.2253711E-03 -1.0104306E-02 -1.1773271E-02
 -1.3700267E-02 -1.5696298E-02 -1.7531034E-02 -1.9566886E-02 -2.1653112E-02
 -2.3607137E-02 -2.5727717E-02 -2.7898613E-02 -2.9970046E-02 -3.2181185E-02
 -3.4449756E-02 -3.6651503E-02 -3.8974240E-02 -4.1366681E-02 -4.3720901E-02
 -4.6801344E-02 -5.0589204E-02 -5.4477774E-02 -5.8487117E-02 -6.2593900E-02
 -6.6813804E-02 -7.1127415E-02 -7.5545445E-02 -8.0056950E-02 -8.4667452E-02
 -8.9371786E-02 -9.4170310E-02 -9.9063419E-02 -0.1040463     -0.1091250    
 -0.1142894     -0.1195511     -0.1248949     -0.1303371     -0.1358577    
 -1.5991658E-03 -1.8087054E-03 -2.0168698E-03 -2.2131873E-03 -2.3937337E-03
 -2.5888404E-03 -2.6729635E-03 -2.5355867E-03 -2.2039108E-03 -2.5407448E-03
 -2.8169858E-03 -2.2319565E-03 -3.0676313E-03 -3.9588241E-03 -3.4974059E-03
 -4.4113807E-03 -5.2914429E-03 -4.8136953E-03 -5.7159541E-03 -6.6301404E-03
 -6.2095746E-03 -7.1108937E-03 -8.0097094E-03 -7.6441946E-03 -8.5529182E-03
 -9.4440123E-03 -9.1221128E-03 -1.0007798E-02 -1.0901103E-02 -1.0666733E-02
 -1.1477116E-02 -1.2275880E-02 -1.3066330E-02 -1.3898140E-02 -1.4699936E-02
 -1.5581343E-02 -1.6406599E-02 -1.7309828E-02 -1.8182412E-02 -1.9106466E-02
 -1.9974867E-02 -2.0937804E-02 -2.1828702E-02 -2.2798700E-02 -2.3721689E-02
 -2.4713852E-02 -2.5653947E-02 -2.6691493E-02 -2.7641848E-02 -2.8673269E-02
 -5.9721258E-02 -5.8945064E-02 -5.8945324E-02  0.1964699      0.2301935    
  0.2518500      0.3816422      0.4431681      0.5047292     -0.3823826    
  4.5004930E-02  5.9034582E-02 -0.7111242     -0.2200184     -0.2330954    
 -0.6781454     -0.1516941     -0.1509052     -0.6743445     -0.1440284    
 -0.1507526     -0.6635011     -0.1468783     -0.1582467     -0.6500375    
 -0.1377969     -0.1523434     -0.6267467     -0.1401857     -0.1469329    
 -0.4780784     -0.1394063     -0.4571536     -0.1263092     -0.4258088    
 -0.1234755     -0.3833990     -0.1185667     -0.3461558     -0.1033416    
 -0.2981504     -0.1033554     -0.2409308     -9.6465997E-02 -0.1887211    
 -8.4651239E-02 -0.1312922     -8.2183622E-02 -5.8266137E-02 -7.2880797E-02
  0.1169513      0.1169567      0.1169567      7.1449935E-02 -1.0063022E-02
 -9.0527982E-02 -0.1733292     -0.2585725     -0.3334949     -0.4048574    
 -0.4505969     -0.4630500     -0.3225153     -0.4250333     -0.4010447    
 -0.2893778     -0.3754895     -0.3617450     -0.2602976     -0.3360447    
 -0.3228661     -0.2342436     -0.2957728     -0.2812902     -0.2057271    
 -0.2540964     -0.2394755     -0.1780185     -0.2128747     -0.1993111    
 -0.1623186     -0.1631547     -0.1288847     -0.1242344     -9.5889322E-02
 -8.6484820E-02 -6.3551746E-02 -5.0628137E-02 -3.1509668E-02 -1.6520575E-02
 -1.0490417E-05  1.6153825E-02  3.1224210E-02  4.7601961E-02  6.2062550E-02
  7.8043766E-02  9.2309535E-02  0.1072373      0.1215323      0.1351998    
 -0.9913404     -0.9913862     -0.9913862     -0.9779031     -0.9730929    
 -0.9635229     -0.9079131     -0.8583370     -0.7962599     -0.8305866    
 -0.8915924     -0.8843639     -0.6247290     -0.8780311     -0.8859061    
 -0.6755586     -0.9143286     -0.9199827     -0.6910171     -0.9307684    
 -0.9343614     -0.7105604     -0.9438990     -0.9464851     -0.7315242    
 -0.9573123     -0.9588759     -0.7586159     -0.9669708     -0.9688579    
 -0.8631881     -0.9767018     -0.8799996     -0.9841807     -0.8997177    
 -0.9885718     -0.9213937     -0.9916545     -0.9376478     -0.9945087    
 -0.9545190     -0.9945133     -0.9700399     -0.9941973     -0.9800677    
 -0.9933496     -0.9870366     -0.9908310     -0.9908758     -0.9881343    
    2.50312E+02   ! Azimuth index:  90 in degrees
  2.7144760E-02  3.0638095E-02  3.4131426E-02  3.7624758E-02  4.1118093E-02
  4.4611424E-02  4.8104759E-02  5.1598094E-02  5.5091426E-02  5.8584761E-02
  6.2078092E-02  6.5571427E-02  6.9064766E-02  7.2558090E-02  7.6051429E-02
  7.9544768E-02  8.3038092E-02  8.6531430E-02  9.0024769E-02  9.3518093E-02
  9.7011432E-02  0.1005048      0.1039981      0.1074914      0.1109848    
  0.1144781      0.1179714      0.1214648      0.1249581      0.1284514    
  0.1328181      0.1380581      0.1432981      0.1485381      0.1537781    
  0.1590181      0.1642581      0.1694981      0.1747381      0.1799781    
  0.1852181      0.1904581      0.1956981      0.2009381      0.2061781    
  0.2114181      0.2166581      0.2218981      0.2271381      0.2323781    
  0.0000000E+00  0.0000000E+00  0.0000000E+00  2.1729549E-05  6.5223212E-05
  1.0833047E-04 -3.4858345E-04 -1.2774649E-03 -2.1360943E-03 -3.4056823E-03
 -4.9988450E-03 -6.4512468E-03 -8.2253711E-03 -1.0104306E-02 -1.1773271E-02
 -1.3700267E-02 -1.5696298E-02 -1.7531034E-02 -1.9566886E-02 -2.1653112E-02
 -2.3607137E-02 -2.5727717E-02 -2.7898613E-02 -2.9970046E-02 -3.2181185E-02
 -3.4449756E-02 -3.6651503E-02 -3.8974240E-02 -4.1366681E-02 -4.3720901E-02
 -4.6801344E-02 -5.0589204E-02 -5.4477774E-02 -5.8487117E-02 -6.2593900E-02
 -6.6813804E-02 -7.1127415E-02 -7.5545445E-02 -8.0056950E-02 -8.4667452E-02
 -8.9371786E-02 -9.4170310E-02 -9.9063419E-02 -0.1040463     -0.1091250    
 -0.1142894     -0.1195511     -0.1248949     -0.1303371     -0.1358577    
 -1.5929039E-03 -1.8017117E-03 -2.0091608E-03 -2.2048010E-03 -2.3847399E-03
 -2.5792411E-03 -2.6627281E-03 -2.5247512E-03 -2.1925459E-03 -2.5288546E-03
 -2.8045550E-03 -2.2190288E-03 -3.0542654E-03 -3.9450359E-03 -3.4831809E-03
 -4.3967264E-03 -5.2763829E-03 -4.7982968E-03 -5.7002446E-03 -6.6140983E-03
 -6.1932304E-03 -7.0943083E-03 -7.9929065E-03 -7.6271594E-03 -8.5356440E-03
 -9.4265752E-03 -9.1045639E-03 -9.9901045E-03 -1.0883252E-02 -1.0648761E-02
 -1.1459082E-02 -1.2257803E-02 -1.3048230E-02 -1.3880117E-02 -1.4682028E-02
 -1.5563564E-02 -1.6389044E-02 -1.7292524E-02 -1.8165369E-02 -1.9089777E-02
 -1.9958604E-02 -2.0921968E-02 -2.1813374E-02 -2.2783939E-02 -2.3707524E-02
 -2.4700347E-02 -2.5641128E-02 -2.6679382E-02 -2.7630543E-02 -2.8662840E-02
 -5.9510253E-02 -5.8743142E-02 -5.8743391E-02  0.1966415      0.2303454    
  0.2520144      0.3817838      0.4432800      0.5048136     -0.3822686    
  4.5139875E-02  5.9153836E-02 -0.7110876     -0.2199136     -0.2329899    
 -0.6781011     -0.1515935     -0.1508313     -0.6743081     -0.1439423    
 -0.1506800     -0.6634774     -0.1468180     -0.1581836     -0.6500086    
 -0.1377729     -0.1523075     -0.6267259     -0.1401425     -0.1469102    
 -0.4780734     -0.1393972     -0.4571540     -0.1263375     -0.4258195    
 -0.1235088     -0.3834390     -0.1186114     -0.3461999     -0.1034221    
 -0.2982205     -0.1034371     -0.2410314     -9.6570276E-02 -0.1888361    
 -8.4779695E-02 -0.1314202     -8.2318291E-02 -5.8434863E-02 -7.3039800E-02
  0.1169527      0.1169581      0.1169581      7.1447432E-02 -1.0062645E-02
 -9.0523973E-02 -0.1733183     -0.2585566     -0.3334758     -0.4048780    
 -0.4505942     -0.4630468     -0.3225323     -0.4250436     -0.4010552    
 -0.2893938     -0.3754954     -0.3617491     -0.2603094     -0.3360490    
 -0.3228697     -0.2342501     -0.2957754     -0.2812930     -0.2057338    
 -0.2540973     -0.2394768     -0.1780223     -0.2128760     -0.1993118    
 -0.1623190     -0.1631549     -0.1288846     -0.1242340     -9.5888764E-02
 -8.6484447E-02 -6.3550606E-02 -5.0627835E-02 -3.1509094E-02 -1.6520435E-02
 -1.0492280E-05  1.6153717E-02  3.1223403E-02  4.7601402E-02  6.2061116E-02
  7.8042910E-02  9.2307955E-02  0.1072362      0.1215312      0.1351981    
 -0.9913529     -0.9913980     -0.9913981     -0.9778689     -0.9730570    
 -0.9634802     -0.9078556     -0.8582839     -0.7962143     -0.8306289    
 -0.8915870     -0.8843577     -0.6247619     -0.8780524     -0.8859292    
 -0.6755961     -0.9143428     -0.9199933     -0.6910483     -0.9307801    
 -0.9343719     -0.7105805     -0.9439075     -0.9464947     -0.7315481    
 -0.9573156     -0.9588813     -0.7586322     -0.9669767     -0.9688613    
 -0.8631908     -0.9767031     -0.8799994     -0.9841772     -0.8997127    
 -0.9885677     -0.9213771     -0.9916492     -0.9376315     -0.9945004    
 -0.9544971     -0.9945049     -0.9700150     -0.9941872     -0.9800456    
 -0.9933387     -0.9870198     -0.9908199     -0.9908661     -0.9881229    
    2.53125E+02   ! Azimuth index:  91 in degrees
  2.7144760E-02  3.0638095E-02  3.4131426E-02  3.7624758E-02  4.1118093E-02
  4.4611424E-02  4.8104759E-02  5.1598094E-02  5.5091426E-02  5.8584761E-02
  6.2078092E-02  6.5571427E-02  6.9064766E-02  7.2558090E-02  7.6051429E-02
  7.9544768E-02  8.3038092E-02  8.6531430E-02  9.0024769E-02  9.3518093E-02
  9.7011432E-02  0.1005048      0.1039981      0.1074914      0.1109848    
  0.1144781      0.1179714      0.1214648      0.1249581      0.1284514    
  0.1328181      0.1380581      0.1432981      0.1485381      0.1537781    
  0.1590181      0.1642581      0.1694981      0.1747381      0.1799781    
  0.1852181      0.1904581      0.1956981      0.2009381      0.2061781    
  0.2114181      0.2166581      0.2218981      0.2271381      0.2323781    
  0.0000000E+00  0.0000000E+00  0.0000000E+00  2.1729549E-05  6.5223212E-05
  1.0833047E-04 -3.4858345E-04 -1.2774649E-03 -2.1360943E-03 -3.4056823E-03
 -4.9988450E-03 -6.4512468E-03 -8.2253711E-03 -1.0104306E-02 -1.1773271E-02
 -1.3700267E-02 -1.5696298E-02 -1.7531034E-02 -1.9566886E-02 -2.1653112E-02
 -2.3607137E-02 -2.5727717E-02 -2.7898613E-02 -2.9970046E-02 -3.2181185E-02
 -3.4449756E-02 -3.6651503E-02 -3.8974240E-02 -4.1366681E-02 -4.3720901E-02
 -4.6801344E-02 -5.0589204E-02 -5.4477774E-02 -5.8487117E-02 -6.2593900E-02
 -6.6813804E-02 -7.1127415E-02 -7.5545445E-02 -8.0056950E-02 -8.4667452E-02
 -8.9371786E-02 -9.4170310E-02 -9.9063419E-02 -0.1040463     -0.1091250    
 -0.1142894     -0.1195511     -0.1248949     -0.1303371     -0.1358577    
 -1.5869015E-03 -1.7950095E-03 -2.0017738E-03 -2.1967660E-03 -2.3761240E-03
 -2.5700454E-03 -2.6529250E-03 -2.5143742E-03 -2.1816634E-03 -2.5174711E-03
 -2.7926560E-03 -2.2066562E-03 -3.0414755E-03 -3.9318441E-03 -3.4695738E-03
 -4.3827118E-03 -5.2619819E-03 -4.7835754E-03 -5.6852279E-03 -6.5987678E-03
 -6.1776140E-03 -7.0784646E-03 -7.9768598E-03 -7.6108947E-03 -8.5191568E-03
 -9.4099352E-03 -9.0878233E-03 -9.9732298E-03 -1.0866231E-02 -1.0631630E-02
 -1.1441901E-02 -1.2240587E-02 -1.3031002E-02 -1.3862975E-02 -1.4665006E-02
 -1.5546676E-02 -1.6372379E-02 -1.7276116E-02 -1.8149221E-02 -1.9073982E-02
 -1.9943230E-02 -2.0907020E-02 -2.1798920E-02 -2.2770042E-02 -2.3694215E-02
 -2.4687689E-02 -2.5629144E-02 -2.6668089E-02 -2.7620040E-02 -2.8653190E-02
 -5.9308421E-02 -5.8549974E-02 -5.8550172E-02  0.1968058      0.2304908    
  0.2521717      0.3819191      0.4433872      0.5048942     -0.3821600    
  4.5268536E-02  5.9267372E-02 -0.7110531     -0.2198133     -0.2328892    
 -0.6780588     -0.1514978     -0.1507610     -0.6742735     -0.1438608    
 -0.1506115     -0.6634552     -0.1467614     -0.1581242     -0.6499814    
 -0.1377507     -0.1522751     -0.6267064     -0.1401030     -0.1468901    
 -0.4780698     -0.1393900     -0.4571562     -0.1263665     -0.4258313    
 -0.1235430     -0.3834789     -0.1186571     -0.3462439     -0.1035015    
 -0.2982907     -0.1035169     -0.2411301     -9.6672900E-02 -0.1889495    
 -8.4905356E-02 -0.1315462     -8.2449913E-02 -5.8599818E-02 -7.3194861E-02
  0.1169541      0.1169594      0.1169594      7.1445033E-02 -1.0062290E-02
 -9.0520144E-02 -0.1733078     -0.2585413     -0.3334576     -0.4048977    
 -0.4505916     -0.4630436     -0.3225483     -0.4250534     -0.4010651    
 -0.2894092     -0.3755009     -0.3617530     -0.2603205     -0.3360530    
 -0.3228731     -0.2342563     -0.2957779     -0.2812958     -0.2057401    
 -0.2540981     -0.2394780     -0.1780259     -0.2128772     -0.1993124    
 -0.1623194     -0.1631551     -0.1288845     -0.1242335     -9.5888205E-02
 -8.6484104E-02 -6.3549489E-02 -5.0627589E-02 -3.1508546E-02 -1.6520299E-02
 -1.0492280E-05  1.6153552E-02  3.1222619E-02  4.7600962E-02  6.2059753E-02
  7.8042068E-02  9.2306405E-02  0.1072350      0.1215301      0.1351965    
 -0.9913648     -0.9914093     -0.9914093     -0.9778360     -0.9730225    
 -0.9634395     -0.9078007     -0.8582332     -0.7961707     -0.8306694    
 -0.8915818     -0.8843517     -0.6247929     -0.8780727     -0.8859512    
 -0.6756319     -0.9143562     -0.9200032     -0.6910778     -0.9307913    
 -0.9343817     -0.7105992     -0.9439155     -0.9465039     -0.7315704    
 -0.9573187     -0.9588861     -0.7586474     -0.9669821     -0.9688642    
 -0.8631927     -0.9767041     -0.8799983     -0.9841735     -0.8997073    
 -0.9885635     -0.9213607     -0.9916438     -0.9376152     -0.9944922    
 -0.9544751     -0.9944965     -0.9699904     -0.9941773     -0.9800239    
 -0.9933280     -0.9870031     -0.9908091     -0.9908564     -0.9881115    
    2.55938E+02   ! Azimuth index:  92 in degrees
  2.7144760E-02  3.0638095E-02  3.4131426E-02  3.7624758E-02  4.1118093E-02
  4.4611424E-02  4.8104759E-02  5.1598094E-02  5.5091426E-02  5.8584761E-02
  6.2078092E-02  6.5571427E-02  6.9064766E-02  7.2558090E-02  7.6051429E-02
  7.9544768E-02  8.3038092E-02  8.6531430E-02  9.0024769E-02  9.3518093E-02
  9.7011432E-02  0.1005048      0.1039981      0.1074914      0.1109848    
  0.1144781      0.1179714      0.1214648      0.1249581      0.1284514    
  0.1328181      0.1380581      0.1432981      0.1485381      0.1537781    
  0.1590181      0.1642581      0.1694981      0.1747381      0.1799781    
  0.1852181      0.1904581      0.1956981      0.2009381      0.2061781    
  0.2114181      0.2166581      0.2218981      0.2271381      0.2323781    
  0.0000000E+00  0.0000000E+00  0.0000000E+00  2.1729549E-05  6.5223212E-05
  1.0833047E-04 -3.4858345E-04 -1.2774649E-03 -2.1360943E-03 -3.4056823E-03
 -4.9988450E-03 -6.4512468E-03 -8.2253711E-03 -1.0104306E-02 -1.1773271E-02
 -1.3700267E-02 -1.5696298E-02 -1.7531034E-02 -1.9566886E-02 -2.1653112E-02
 -2.3607137E-02 -2.5727717E-02 -2.7898613E-02 -2.9970046E-02 -3.2181185E-02
 -3.4449756E-02 -3.6651503E-02 -3.8974240E-02 -4.1366681E-02 -4.3720901E-02
 -4.6801344E-02 -5.0589204E-02 -5.4477774E-02 -5.8487117E-02 -6.2593900E-02
 -6.6813804E-02 -7.1127415E-02 -7.5545445E-02 -8.0056950E-02 -8.4667452E-02
 -8.9371786E-02 -9.4170310E-02 -9.9063419E-02 -0.1040463     -0.1091250    
 -0.1142894     -0.1195511     -0.1248949     -0.1303371     -0.1358577    
 -1.5812434E-03 -1.7886916E-03 -1.9948110E-03 -2.1891925E-03 -2.3680029E-03
 -2.5613785E-03 -2.6436858E-03 -2.5045946E-03 -2.1714075E-03 -2.5067432E-03
 -2.7814424E-03 -2.1949969E-03 -3.0294233E-03 -3.9194133E-03 -3.4567523E-03
 -4.3695066E-03 -5.2484144E-03 -4.7697057E-03 -5.6710811E-03 -6.5843253E-03
 -6.1629037E-03 -7.0635416E-03 -7.9617454E-03 -7.5955754E-03 -8.5036280E-03
 -9.3942648E-03 -9.0720579E-03 -9.9573405E-03 -1.0850205E-02 -1.0615502E-02
 -1.1425726E-02 -1.2224382E-02 -1.3014787E-02 -1.3846844E-02 -1.4648990E-02
 -1.5530787E-02 -1.6356707E-02 -1.7260684E-02 -1.8134039E-02 -1.9059135E-02
 -1.9928781E-02 -2.0892974E-02 -2.1785347E-02 -2.2756997E-02 -2.3681726E-02
 -2.4675814E-02 -2.5617912E-02 -2.6657511E-02 -2.7610211E-02 -2.8644167E-02
 -5.9118196E-02 -5.8367938E-02 -5.8368061E-02  0.1969606      0.2306277    
  0.2523197      0.3820465      0.4434881      0.5049703     -0.3820577    
  4.5389675E-02  5.9374023E-02 -0.7110204     -0.2197188     -0.2327948    
 -0.6780193     -0.1514083     -0.1506951     -0.6742409     -0.1437843    
 -0.1505468     -0.6634344     -0.1467083     -0.1580687     -0.6499560    
 -0.1377305     -0.1522445     -0.6266884     -0.1400654     -0.1468718    
 -0.4780665     -0.1393837     -0.4571582     -0.1263943     -0.4258427    
 -0.1235754     -0.3835172     -0.1186997     -0.3462867     -0.1035763    
 -0.2983568     -0.1035932     -0.2412241     -9.6770324E-02 -0.1890565    
 -8.5024714E-02 -0.1316653     -8.2574874E-02 -5.8755644E-02 -7.3342040E-02
  0.1169555      0.1169607      0.1169606      7.1442753E-02 -1.0061959E-02
 -9.0516530E-02 -0.1732980     -0.2585269     -0.3334404     -0.4049163    
 -0.4505890     -0.4630407     -0.3225635     -0.4250627     -0.4010744    
 -0.2894236     -0.3755061     -0.3617567     -0.2603310     -0.3360568    
 -0.3228764     -0.2342621     -0.2957803     -0.2812983     -0.2057459    
 -0.2540988     -0.2394792     -0.1780292     -0.2128783     -0.1993129    
 -0.1623197     -0.1631552     -0.1288843     -0.1242331     -9.5887609E-02
 -8.6483732E-02 -6.3548401E-02 -5.0627351E-02 -3.1508043E-02 -1.6520167E-02
 -1.0490417E-05  1.6153421E-02  3.1221833E-02  4.7600470E-02  6.2058441E-02
  7.8041278E-02  9.2304938E-02  0.1072339      0.1215289      0.1351951    
 -0.9913760     -0.9914200     -0.9914199     -0.9778049     -0.9729900    
 -0.9634011     -0.9077490     -0.8581854     -0.7961298     -0.8307073    
 -0.8915768     -0.8843461     -0.6248223     -0.8780919     -0.8859718    
 -0.6756655     -0.9143690     -0.9200126     -0.6911057     -0.9308017    
 -0.9343911     -0.7106166     -0.9439230     -0.9465123     -0.7315913    
 -0.9573213     -0.9588907     -0.7586614     -0.9669874     -0.9688669    
 -0.8631945     -0.9767050     -0.8799973     -0.9841700     -0.8997020    
 -0.9885595     -0.9213448     -0.9916386     -0.9375995     -0.9944843    
 -0.9544544     -0.9944885     -0.9699671     -0.9941678     -0.9800033    
 -0.9933178     -0.9869875     -0.9907988     -0.9908474     -0.9881008    
    2.58750E+02   ! Azimuth index:  93 in degrees
  2.7144760E-02  3.0638095E-02  3.4131426E-02  3.7624758E-02  4.1118093E-02
  4.4611424E-02  4.8104759E-02  5.1598094E-02  5.5091426E-02  5.8584761E-02
  6.2078092E-02  6.5571427E-02  6.9064766E-02  7.2558090E-02  7.6051429E-02
  7.9544768E-02  8.3038092E-02  8.6531430E-02  9.0024769E-02  9.3518093E-02
  9.7011432E-02  0.1005048      0.1039981      0.1074914      0.1109848    
  0.1144781      0.1179714      0.1214648      0.1249581      0.1284514    
  0.1328181      0.1380581      0.1432981      0.1485381      0.1537781    
  0.1590181      0.1642581      0.1694981      0.1747381      0.1799781    
  0.1852181      0.1904581      0.1956981      0.2009381      0.2061781    
  0.2114181      0.2166581      0.2218981      0.2271381      0.2323781    
  0.0000000E+00  0.0000000E+00  0.0000000E+00  2.1729549E-05  6.5223212E-05
  1.0833047E-04 -3.4858345E-04 -1.2774649E-03 -2.1360943E-03 -3.4056823E-03
 -4.9988450E-03 -6.4512468E-03 -8.2253711E-03 -1.0104306E-02 -1.1773271E-02
 -1.3700267E-02 -1.5696298E-02 -1.7531034E-02 -1.9566886E-02 -2.1653112E-02
 -2.3607137E-02 -2.5727717E-02 -2.7898613E-02 -2.9970046E-02 -3.2181185E-02
 -3.4449756E-02 -3.6651503E-02 -3.8974240E-02 -4.1366681E-02 -4.3720901E-02
 -4.6801344E-02 -5.0589204E-02 -5.4477774E-02 -5.8487117E-02 -6.2593900E-02
 -6.6813804E-02 -7.1127415E-02 -7.5545445E-02 -8.0056950E-02 -8.4667452E-02
 -8.9371786E-02 -9.4170310E-02 -9.9063419E-02 -0.1040463     -0.1091250    
 -0.1142894     -0.1195511     -0.1248949     -0.1303371     -0.1358577    
 -1.5759747E-03 -1.7828082E-03 -1.9883262E-03 -2.1821386E-03 -2.3604385E-03
 -2.5533054E-03 -2.6350783E-03 -2.4954830E-03 -2.1618519E-03 -2.4967468E-03
 -2.7709925E-03 -2.1841307E-03 -3.0181897E-03 -3.9078263E-03 -3.4447992E-03
 -4.3571945E-03 -5.2357623E-03 -4.7567710E-03 -5.6578871E-03 -6.5708533E-03
 -6.1491798E-03 -7.0496174E-03 -7.9476405E-03 -7.5812778E-03 -8.4891338E-03
 -9.3796346E-03 -9.0573374E-03 -9.9424999E-03 -1.0835235E-02 -1.0600434E-02
 -1.1410610E-02 -1.2209233E-02 -1.2999626E-02 -1.3831753E-02 -1.4634002E-02
 -1.5515913E-02 -1.6342025E-02 -1.7246224E-02 -1.8119805E-02 -1.9045202E-02
 -1.9915216E-02 -2.0879777E-02 -2.1772582E-02 -2.2744719E-02 -2.3669958E-02
 -2.4664611E-02 -2.5607293E-02 -2.6647495E-02 -2.7600884E-02 -2.8635584E-02
 -5.8940832E-02 -5.8198247E-02 -5.8198348E-02  0.1971048      0.2307552    
  0.2524578      0.3821655      0.4435821      0.5050412     -0.3819621    
  4.5502704E-02  5.9474178E-02 -0.7109900     -0.2196308     -0.2327065    
 -0.6779822     -0.1513239     -0.1506333     -0.6742104     -0.1437120    
 -0.1504866     -0.6634148     -0.1466579     -0.1580164     -0.6499320    
 -0.1377106     -0.1522154     -0.6266713     -0.1400299     -0.1468537    
 -0.4780628     -0.1393769     -0.4571597     -0.1264190     -0.4258525    
 -0.1236048     -0.3835517     -0.1187390     -0.3463245     -0.1036449    
 -0.2984180     -0.1036624     -0.2413104     -9.6859656E-02 -0.1891546    
 -8.5134119E-02 -0.1317745     -8.2689926E-02 -5.8899440E-02 -7.3477238E-02
  0.1169567      0.1169618      0.1169618      7.1440630E-02 -1.0061648E-02
 -9.0513155E-02 -0.1732887     -0.2585135     -0.3334244     -0.4049336    
 -0.4505867     -0.4630379     -0.3225776     -0.4250714     -0.4010831    
 -0.2894371     -0.3755110     -0.3617601     -0.2603408     -0.3360603    
 -0.3228793     -0.2342675     -0.2957826     -0.2813007     -0.2057515    
 -0.2540995     -0.2394802     -0.1780324     -0.2128794     -0.1993135    
 -0.1623201     -0.1631554     -0.1288842     -0.1242327     -9.5887125E-02
 -8.6483434E-02 -6.3547425E-02 -5.0627116E-02 -3.1507570E-02 -1.6520051E-02
 -1.0488555E-05  1.6153304E-02  3.1221148E-02  4.7600091E-02  6.2057283E-02
  7.8040503E-02  9.2303552E-02  0.1072328      0.1215279      0.1351938    
 -0.9913865     -0.9914297     -0.9914297     -0.9777759     -0.9729598    
 -0.9633652     -0.9077007     -0.8581408     -0.7960914     -0.8307430    
 -0.8915722     -0.8843408     -0.6248496     -0.8781098     -0.8859910    
 -0.6756970     -0.9143810     -0.9200213     -0.6911317     -0.9308117    
 -0.9343997     -0.7106332     -0.9439301     -0.9465203     -0.7316110    
 -0.9573240     -0.9588950     -0.7586749     -0.9669923     -0.9688695    
 -0.8631965     -0.9767059     -0.8799966     -0.9841669     -0.8996974    
 -0.9885558     -0.9213306     -0.9916341     -0.9375855     -0.9944772    
 -0.9544353     -0.9944814     -0.9699457     -0.9941592     -0.9799843    
 -0.9933085     -0.9869729     -0.9907894     -0.9908390     -0.9880910    
    2.61562E+02   ! Azimuth index:  94 in degrees
  2.7144760E-02  3.0638095E-02  3.4131426E-02  3.7624758E-02  4.1118093E-02
  4.4611424E-02  4.8104759E-02  5.1598094E-02  5.5091426E-02  5.8584761E-02
  6.2078092E-02  6.5571427E-02  6.9064766E-02  7.2558090E-02  7.6051429E-02
  7.9544768E-02  8.3038092E-02  8.6531430E-02  9.0024769E-02  9.3518093E-02
  9.7011432E-02  0.1005048      0.1039981      0.1074914      0.1109848    
  0.1144781      0.1179714      0.1214648      0.1249581      0.1284514    
  0.1328181      0.1380581      0.1432981      0.1485381      0.1537781    
  0.1590181      0.1642581      0.1694981      0.1747381      0.1799781    
  0.1852181      0.1904581      0.1956981      0.2009381      0.2061781    
  0.2114181      0.2166581      0.2218981      0.2271381      0.2323781    
  0.0000000E+00  0.0000000E+00  0.0000000E+00  2.1729549E-05  6.5223212E-05
  1.0833047E-04 -3.4858345E-04 -1.2774649E-03 -2.1360943E-03 -3.4056823E-03
 -4.9988450E-03 -6.4512468E-03 -8.2253711E-03 -1.0104306E-02 -1.1773271E-02
 -1.3700267E-02 -1.5696298E-02 -1.7531034E-02 -1.9566886E-02 -2.1653112E-02
 -2.3607137E-02 -2.5727717E-02 -2.7898613E-02 -2.9970046E-02 -3.2181185E-02
 -3.4449756E-02 -3.6651503E-02 -3.8974240E-02 -4.1366681E-02 -4.3720901E-02
 -4.6801344E-02 -5.0589204E-02 -5.4477774E-02 -5.8487117E-02 -6.2593900E-02
 -6.6813804E-02 -7.1127415E-02 -7.5545445E-02 -8.0056950E-02 -8.4667452E-02
 -8.9371786E-02 -9.4170310E-02 -9.9063419E-02 -0.1040463     -0.1091250    
 -0.1142894     -0.1195511     -0.1248949     -0.1303371     -0.1358577    
 -1.5710865E-03 -1.7773488E-03 -1.9823082E-03 -2.1755919E-03 -2.3534177E-03
 -2.5458112E-03 -2.6270880E-03 -2.4870243E-03 -2.1529796E-03 -2.4874648E-03
 -2.7612881E-03 -2.1740389E-03 -3.0077556E-03 -3.8970620E-03 -3.4336946E-03
 -4.3457546E-03 -5.2240058E-03 -4.7447504E-03 -5.6456234E-03 -6.5583303E-03
 -6.1364206E-03 -7.0366692E-03 -7.9345237E-03 -7.5679789E-03 -8.4756492E-03
 -9.3660224E-03 -9.0436377E-03 -9.9286875E-03 -1.0821300E-02 -1.0586403E-02
 -1.1396532E-02 -1.2195121E-02 -1.2985494E-02 -1.3817684E-02 -1.4620021E-02
 -1.5502032E-02 -1.6328320E-02 -1.7232712E-02 -1.8106498E-02 -1.9032171E-02
 -1.9902518E-02 -2.0867415E-02 -2.1760613E-02 -2.2733189E-02 -2.3658898E-02
 -2.4654064E-02 -2.5597285E-02 -2.6638038E-02 -2.7592059E-02 -2.8627440E-02
 -5.8776300E-02 -5.8040570E-02 -5.8040693E-02  0.1972388      0.2308739    
  0.2525861      0.3822759      0.4436694      0.5051069     -0.3818729    
  4.5608222E-02  5.9567250E-02 -0.7109615     -0.2195487     -0.2326240    
 -0.6779476     -0.1512452     -0.1505755     -0.6741819     -0.1436449    
 -0.1504297     -0.6633964     -0.1466107     -0.1579670     -0.6499094    
 -0.1376918     -0.1521876     -0.6266548     -0.1399968     -0.1468359    
 -0.4780589     -0.1393697     -0.4571600     -0.1264411     -0.4258610    
 -0.1236307     -0.3835830     -0.1187736     -0.3463588     -0.1037078    
 -0.2984730     -0.1037260     -0.2413884     -9.6941285E-02 -0.1892445    
 -8.5234024E-02 -0.1318745     -8.2795225E-02 -5.9031326E-02 -7.3600829E-02
  0.1169578      0.1169629      0.1169629      7.1438678E-02 -1.0061355E-02
 -9.0510026E-02 -0.1732801     -0.2585010     -0.3334095     -0.4049498    
 -0.4505846     -0.4630353     -0.3225908     -0.4250794     -0.4010912    
 -0.2894496     -0.3755156     -0.3617634     -0.2603500     -0.3360637    
 -0.3228822     -0.2342726     -0.2957847     -0.2813030     -0.2057567    
 -0.2541002     -0.2394813     -0.1780354     -0.2128804     -0.1993140    
 -0.1623205     -0.1631556     -0.1288842     -0.1242323     -9.5886722E-02
 -8.6483128E-02 -6.3546494E-02 -5.0626874E-02 -3.1507146E-02 -1.6519940E-02
 -1.0490417E-05  1.6153194E-02  3.1220552E-02  4.7599755E-02  6.2056191E-02
  7.8039870E-02  9.2302345E-02  0.1072319      0.1215269      0.1351925    
 -0.9913962     -0.9914387     -0.9914388     -0.9777491     -0.9729316    
 -0.9633318     -0.9076558     -0.8580994     -0.7960560     -0.8307760    
 -0.8915680     -0.8843359     -0.6248751     -0.8781264     -0.8860090    
 -0.6757262     -0.9143921     -0.9200295     -0.6911560     -0.9308208    
 -0.9344079     -0.7106487     -0.9439368     -0.9465279     -0.7316297    
 -0.9573266     -0.9588992     -0.7586878     -0.9669968     -0.9688721    
 -0.8631986     -0.9767069     -0.8799964     -0.9841641     -0.8996934    
 -0.9885525     -0.9213175     -0.9916298     -0.9375728     -0.9944707    
 -0.9544181     -0.9944747     -0.9699263     -0.9941512     -0.9799671    
 -0.9933001     -0.9869597     -0.9907807     -0.9908312     -0.9880819    
    2.64375E+02   ! Azimuth index:  95 in degrees
  2.7144760E-02  3.0638095E-02  3.4131426E-02  3.7624758E-02  4.1118093E-02
  4.4611424E-02  4.8104759E-02  5.1598094E-02  5.5091426E-02  5.8584761E-02
  6.2078092E-02  6.5571427E-02  6.9064766E-02  7.2558090E-02  7.6051429E-02
  7.9544768E-02  8.3038092E-02  8.6531430E-02  9.0024769E-02  9.3518093E-02
  9.7011432E-02  0.1005048      0.1039981      0.1074914      0.1109848    
  0.1144781      0.1179714      0.1214648      0.1249581      0.1284514    
  0.1328181      0.1380581      0.1432981      0.1485381      0.1537781    
  0.1590181      0.1642581      0.1694981      0.1747381      0.1799781    
  0.1852181      0.1904581      0.1956981      0.2009381      0.2061781    
  0.2114181      0.2166581      0.2218981      0.2271381      0.2323781    
  0.0000000E+00  0.0000000E+00  0.0000000E+00  2.1729549E-05  6.5223212E-05
  1.0833047E-04 -3.4858345E-04 -1.2774649E-03 -2.1360943E-03 -3.4056823E-03
 -4.9988450E-03 -6.4512468E-03 -8.2253711E-03 -1.0104306E-02 -1.1773271E-02
 -1.3700267E-02 -1.5696298E-02 -1.7531034E-02 -1.9566886E-02 -2.1653112E-02
 -2.3607137E-02 -2.5727717E-02 -2.7898613E-02 -2.9970046E-02 -3.2181185E-02
 -3.4449756E-02 -3.6651503E-02 -3.8974240E-02 -4.1366681E-02 -4.3720901E-02
 -4.6801344E-02 -5.0589204E-02 -5.4477774E-02 -5.8487117E-02 -6.2593900E-02
 -6.6813804E-02 -7.1127415E-02 -7.5545445E-02 -8.0056950E-02 -8.4667452E-02
 -8.9371786E-02 -9.4170310E-02 -9.9063419E-02 -0.1040463     -0.1091250    
 -0.1142894     -0.1195511     -0.1248949     -0.1303371     -0.1358577    
 -1.5665814E-03 -1.7723169E-03 -1.9767608E-03 -2.1695569E-03 -2.3469450E-03
 -2.5389018E-03 -2.6197196E-03 -2.4792231E-03 -2.1447968E-03 -2.4789029E-03
 -2.7523360E-03 -2.1647275E-03 -2.9981281E-03 -3.8871290E-03 -3.4234445E-03
 -4.3351944E-03 -5.2131512E-03 -4.7336500E-03 -5.6342976E-03 -6.5467628E-03
 -6.1246329E-03 -7.0247054E-03 -7.9224017E-03 -7.5556869E-03 -8.4631834E-03
 -9.3534356E-03 -9.0309689E-03 -9.9159107E-03 -1.0808405E-02 -1.0573419E-02
 -1.1383499E-02 -1.2182049E-02 -1.2972401E-02 -1.3804642E-02 -1.4607055E-02
 -1.5489153E-02 -1.6315592E-02 -1.7220162E-02 -1.8094128E-02 -1.9020049E-02
 -1.9890694E-02 -2.0855891E-02 -2.1749444E-02 -2.2722421E-02 -2.3648549E-02
 -2.4644185E-02 -2.5587890E-02 -2.6629142E-02 -2.7583735E-02 -2.8619736E-02
 -5.8624271E-02 -5.7895046E-02 -5.7895362E-02  0.1973625      0.2309832    
  0.2527048      0.3823780      0.4437502      0.5051681     -0.3817910    
  4.5705419E-02  5.9653435E-02 -0.7109351     -0.2194722     -0.2325475    
 -0.6779155     -0.1511722     -0.1505219     -0.6741552     -0.1435824    
 -0.1503768     -0.6633791     -0.1465664     -0.1579210     -0.6498882    
 -0.1376737     -0.1521611     -0.6266394     -0.1399648     -0.1468186    
 -0.4780546     -0.1393620     -0.4571598     -0.1264604     -0.4258677    
 -0.1236537     -0.3836105     -0.1188053     -0.3463894     -0.1037638    
 -0.2985224     -0.1037826     -0.2414597     -9.7014390E-02 -0.1893260    
 -8.5324794E-02 -0.1319648     -8.2890444E-02 -5.9150659E-02 -7.3713489E-02
  0.1169589      0.1169639      0.1169639      7.1436860E-02 -1.0061085E-02
 -9.0507135E-02 -0.1732722     -0.2584895     -0.3333957     -0.4049646    
 -0.4505826     -0.4630330     -0.3226030     -0.4250869     -0.4010988    
 -0.2894612     -0.3755198     -0.3617664     -0.2603585     -0.3360667    
 -0.3228848     -0.2342774     -0.2957866     -0.2813050     -0.2057616    
 -0.2541009     -0.2394823     -0.1780382     -0.2128814     -0.1993145    
 -0.1623210     -0.1631557     -0.1288842     -0.1242320     -9.5886365E-02
 -8.6482905E-02 -6.3545741E-02 -5.0626680E-02 -3.1506743E-02 -1.6519845E-02
 -1.0490417E-05  1.6153103E-02  3.1219978E-02  4.7599409E-02  6.2055189E-02
  7.8039311E-02  9.2301272E-02  0.1072311      0.1215261      0.1351914    
 -0.9914050     -0.9914472     -0.9914472     -0.9777243     -0.9729056    
 -0.9633010     -0.9076144     -0.8580611     -0.7960230     -0.8308064    
 -0.8915640     -0.8843313     -0.6248988     -0.8781419     -0.8860256    
 -0.6757535     -0.9144024     -0.9200371     -0.6911789     -0.9308293    
 -0.9344156     -0.7106633     -0.9439431     -0.9465350     -0.7316471    
 -0.9573290     -0.9589033     -0.7586999     -0.9670013     -0.9688746    
 -0.8632008     -0.9767081     -0.8799965     -0.9841616     -0.8996903    
 -0.9885498     -0.9213061     -0.9916261     -0.9375615     -0.9944648    
 -0.9544027     -0.9944688     -0.9699085     -0.9941440     -0.9799514    
 -0.9932923     -0.9869477     -0.9907728     -0.9908242     -0.9880738    
    2.67188E+02   ! Azimuth index:  96 in degrees
  2.7144760E-02  3.0638095E-02  3.4131426E-02  3.7624758E-02  4.1118093E-02
  4.4611424E-02  4.8104759E-02  5.1598094E-02  5.5091426E-02  5.8584761E-02
  6.2078092E-02  6.5571427E-02  6.9064766E-02  7.2558090E-02  7.6051429E-02
  7.9544768E-02  8.3038092E-02  8.6531430E-02  9.0024769E-02  9.3518093E-02
  9.7011432E-02  0.1005048      0.1039981      0.1074914      0.1109848    
  0.1144781      0.1179714      0.1214648      0.1249581      0.1284514    
  0.1328181      0.1380581      0.1432981      0.1485381      0.1537781    
  0.1590181      0.1642581      0.1694981      0.1747381      0.1799781    
  0.1852181      0.1904581      0.1956981      0.2009381      0.2061781    
  0.2114181      0.2166581      0.2218981      0.2271381      0.2323781    
  0.0000000E+00  0.0000000E+00  0.0000000E+00  2.1729549E-05  6.5223212E-05
  1.0833047E-04 -3.4858345E-04 -1.2774649E-03 -2.1360943E-03 -3.4056823E-03
 -4.9988450E-03 -6.4512468E-03 -8.2253711E-03 -1.0104306E-02 -1.1773271E-02
 -1.3700267E-02 -1.5696298E-02 -1.7531034E-02 -1.9566886E-02 -2.1653112E-02
 -2.3607137E-02 -2.5727717E-02 -2.7898613E-02 -2.9970046E-02 -3.2181185E-02
 -3.4449756E-02 -3.6651503E-02 -3.8974240E-02 -4.1366681E-02 -4.3720901E-02
 -4.6801344E-02 -5.0589204E-02 -5.4477774E-02 -5.8487117E-02 -6.2593900E-02
 -6.6813804E-02 -7.1127415E-02 -7.5545445E-02 -8.0056950E-02 -8.4667452E-02
 -8.9371786E-02 -9.4170310E-02 -9.9063419E-02 -0.1040463     -0.1091250    
 -0.1142894     -0.1195511     -0.1248949     -0.1303371     -0.1358577    
 -1.5624730E-03 -1.7677268E-03 -1.9716993E-03 -2.1640491E-03 -2.3410367E-03
 -2.5325934E-03 -2.6129908E-03 -2.4720973E-03 -2.1373206E-03 -2.4710787E-03
 -2.7441522E-03 -2.1562136E-03 -2.9893224E-03 -3.8780412E-03 -3.4140642E-03
 -4.3255268E-03 -5.2032112E-03 -4.7234818E-03 -5.6239190E-03 -6.5361592E-03
 -6.1138235E-03 -7.0137307E-03 -7.9112770E-03 -7.5444011E-03 -8.4517319E-03
 -9.3418695E-03 -9.0193208E-03 -9.9041574E-03 -1.0796539E-02 -1.0561463E-02
 -1.1371491E-02 -1.2169996E-02 -1.2960316E-02 -1.3792591E-02 -1.4595062E-02
 -1.5477223E-02 -1.6303791E-02 -1.7208505E-02 -1.8082619E-02 -1.9008752E-02
 -1.9879654E-02 -2.0845110E-02 -2.1738973E-02 -2.2712298E-02 -2.3638792E-02
 -2.4634834E-02 -2.5578965E-02 -2.6620653E-02 -2.7575746E-02 -2.8612293E-02
 -5.8485493E-02 -5.7761967E-02 -5.7762228E-02  0.1974755      0.2310834    
  0.2528134      0.3824716      0.4438243      0.5052237     -0.3817150    
  4.5795307E-02  5.9732337E-02 -0.7109107     -0.2194015     -0.2324766    
 -0.6778859     -0.1511045     -0.1504716     -0.6741307     -0.1435236    
 -0.1503272     -0.6633627     -0.1465248     -0.1578769     -0.6498683    
 -0.1376553     -0.1521354     -0.6266243     -0.1399335     -0.1468010    
 -0.4780495     -0.1393529     -0.4571578     -0.1264759     -0.4258721    
 -0.1236721     -0.3836339     -0.1188304     -0.3464147     -0.1038131    
 -0.2985649     -0.1038313     -0.2415219     -9.7078092E-02 -0.1893970    
 -8.5404105E-02 -0.1320438     -8.2973391E-02 -5.9256405E-02 -7.3812209E-02
  0.1169598      0.1169648      0.1169648      7.1435206E-02 -1.0060841E-02
 -9.0504482E-02 -0.1732650     -0.2584789     -0.3333831     -0.4049783    
 -0.4505807     -0.4630308     -0.3226143     -0.4250938     -0.4011058    
 -0.2894720     -0.3755237     -0.3617692     -0.2603664     -0.3360696    
 -0.3228873     -0.2342820     -0.2957884     -0.2813070     -0.2057662    
 -0.2541015     -0.2394832     -0.1780410     -0.2128823     -0.1993150    
 -0.1623215     -0.1631559     -0.1288844     -0.1242318     -9.5886163E-02
 -8.6482704E-02 -6.3545056E-02 -5.0626501E-02 -3.1506427E-02 -1.6519757E-02
 -1.0462478E-05  1.6153047E-02  3.1219451E-02  4.7599047E-02  6.2054303E-02
  7.8038730E-02  9.2300251E-02  0.1072303      0.1215253      0.1351905    
 -0.9914131     -0.9914549     -0.9914549     -0.9777016     -0.9728819    
 -0.9632728     -0.9075763     -0.8580260     -0.7959929     -0.8308346    
 -0.8915603     -0.8843272     -0.6249207     -0.8781562     -0.8860412    
 -0.6757786     -0.9144120     -0.9200443     -0.6911998     -0.9308374    
 -0.9344226     -0.7106770     -0.9439489     -0.9465417     -0.7316635    
 -0.9573314     -0.9589070     -0.7587116     -0.9670055     -0.9688771    
 -0.8632036     -0.9767092     -0.8799976     -0.9841596     -0.8996882    
 -0.9885474     -0.9212965     -0.9916231     -0.9375523     -0.9944596    
 -0.9543893     -0.9944637     -0.9698931     -0.9941379     -0.9799378    
 -0.9932855     -0.9869373     -0.9907659     -0.9908180     -0.9880664    
    2.70000E+02   ! Azimuth index:  97 in degrees
  2.7144760E-02  3.0638095E-02  3.4131426E-02  3.7624758E-02  4.1118093E-02
  4.4611424E-02  4.8104759E-02  5.1598094E-02  5.5091426E-02  5.8584761E-02
  6.2078092E-02  6.5571427E-02  6.9064766E-02  7.2558090E-02  7.6051429E-02
  7.9544768E-02  8.3038092E-02  8.6531430E-02  9.0024769E-02  9.3518093E-02
  9.7011432E-02  0.1005048      0.1039981      0.1074914      0.1109848    
  0.1144781      0.1179714      0.1214648      0.1249581      0.1284514    
  0.1328181      0.1380581      0.1432981      0.1485381      0.1537781    
  0.1590181      0.1642581      0.1694981      0.1747381      0.1799781    
  0.1852181      0.1904581      0.1956981      0.2009381      0.2061781    
  0.2114181      0.2166581      0.2218981      0.2271381      0.2323781    
  0.0000000E+00  0.0000000E+00  0.0000000E+00  2.1729549E-05  6.5223212E-05
  1.0833047E-04 -3.4858345E-04 -1.2774649E-03 -2.1360943E-03 -3.4056823E-03
 -4.9988450E-03 -6.4512468E-03 -8.2253711E-03 -1.0104306E-02 -1.1773271E-02
 -1.3700267E-02 -1.5696298E-02 -1.7531034E-02 -1.9566886E-02 -2.1653112E-02
 -2.3607137E-02 -2.5727717E-02 -2.7898613E-02 -2.9970046E-02 -3.2181185E-02
 -3.4449756E-02 -3.6651503E-02 -3.8974240E-02 -4.1366681E-02 -4.3720901E-02
 -4.6801344E-02 -5.0589204E-02 -5.4477774E-02 -5.8487117E-02 -6.2593900E-02
 -6.6813804E-02 -7.1127415E-02 -7.5545445E-02 -8.0056950E-02 -8.4667452E-02
 -8.9371786E-02 -9.4170310E-02 -9.9063419E-02 -0.1040463     -0.1091250    
 -0.1142894     -0.1195511     -0.1248949     -0.1303371     -0.1358577    
 -1.5587865E-03 -1.7636055E-03 -1.9671521E-03 -2.1590986E-03 -2.3357240E-03
 -2.5269182E-03 -2.6069344E-03 -2.4656805E-03 -2.1305853E-03 -2.4640262E-03
 -2.7367715E-03 -2.1485300E-03 -2.9813712E-03 -3.8698297E-03 -3.4055826E-03
 -4.3167789E-03 -5.1942100E-03 -4.7142678E-03 -5.6145079E-03 -6.5265372E-03
 -6.1040055E-03 -7.0037534E-03 -7.9011563E-03 -7.5341249E-03 -8.4412964E-03
 -9.3313176E-03 -9.0086842E-03 -9.8934146E-03 -1.0785680E-02 -1.0550511E-02
 -1.1360473E-02 -1.2158917E-02 -1.2949185E-02 -1.3781467E-02 -1.4583964E-02
 -1.5466159E-02 -1.6292814E-02 -1.7197633E-02 -1.8071851E-02 -1.8998142E-02
 -1.9869247E-02 -2.0834900E-02 -2.1729007E-02 -2.2702612E-02 -2.3629401E-02
 -2.4625774E-02 -2.5570253E-02 -2.6612293E-02 -2.7567802E-02 -2.8604798E-02
 -5.8360294E-02 -5.7641789E-02 -5.7641987E-02  0.1975777      0.2311740    
  0.2529121      0.3825564      0.4438916      0.5052748     -0.3816462    
  4.5877483E-02  5.9805136E-02 -0.7108886     -0.2193362     -0.2324113    
 -0.6778582     -0.1510414     -0.1504247     -0.6741076     -0.1434684    
 -0.1502795     -0.6633472     -0.1464842     -0.1578350     -0.6498488    
 -0.1376360     -0.1521089     -0.6266089     -0.1399025     -0.1467809    
 -0.4780423     -0.1393407     -0.4571528     -0.1264854     -0.4258725    
 -0.1236837     -0.3836508     -0.1188479     -0.3464330     -0.1038512    
 -0.2985978     -0.1038691     -0.2415717     -9.7128794E-02 -0.1894547    
 -8.5468821E-02 -0.1321081     -8.3040737E-02 -5.9344165E-02 -7.3893264E-02
  0.1169607      0.1169656      0.1169656      7.1433708E-02 -1.0060614E-02
 -9.0502068E-02 -0.1732584     -0.2584693     -0.3333716     -0.4049908    
 -0.4505790     -0.4630288     -0.3226245     -0.4251002     -0.4011122    
 -0.2894821     -0.3755274     -0.3617718     -0.2603739     -0.3360724    
 -0.3228896     -0.2342863     -0.2957902     -0.2813089     -0.2057707    
 -0.2541022     -0.2394842     -0.1780438     -0.2128833     -0.1993157    
 -0.1623222     -0.1631562     -0.1288847     -0.1242316     -9.5886141E-02
 -8.6482562E-02 -6.3544579E-02 -5.0626453E-02 -3.1506229E-02 -1.6519692E-02
 -1.0490417E-05  1.6152985E-02  3.1219078E-02  4.7598805E-02  6.2053595E-02
  7.8038298E-02  9.2299446E-02  0.1072297      0.1215246      0.1351896    
 -0.9914203     -0.9914618     -0.9914618     -0.9776812     -0.9728604    
 -0.9632471     -0.9075418     -0.8579941     -0.7959653     -0.8308601    
 -0.8915569     -0.8843233     -0.6249405     -0.8781694     -0.8860554    
 -0.6758021     -0.9144210     -0.9200509     -0.6912195     -0.9308449    
 -0.9344294     -0.7106901     -0.9439547     -0.9465481     -0.7316795    
 -0.9573341     -0.9589110     -0.7587237     -0.9670098     -0.9688802    
 -0.8632075     -0.9767109     -0.8800001     -0.9841585     -0.8996881    
 -0.9885460     -0.9212894     -0.9916210     -0.9375455     -0.9944557    
 -0.9543790     -0.9944598     -0.9698807     -0.9941329     -0.9799266    
 -0.9932799     -0.9869288     -0.9907603     -0.9908128     -0.9880605    
    2.72812E+02   ! Azimuth index:  98 in degrees
  2.7144760E-02  3.0638095E-02  3.4131426E-02  3.7624758E-02  4.1118093E-02
  4.4611424E-02  4.8104759E-02  5.1598094E-02  5.5091426E-02  5.8584761E-02
  6.2078092E-02  6.5571427E-02  6.9064766E-02  7.2558090E-02  7.6051429E-02
  7.9544768E-02  8.3038092E-02  8.6531430E-02  9.0024769E-02  9.3518093E-02
  9.7011432E-02  0.1005048      0.1039981      0.1074914      0.1109848    
  0.1144781      0.1179714      0.1214648      0.1249581      0.1284514    
  0.1328181      0.1380581      0.1432981      0.1485381      0.1537781    
  0.1590181      0.1642581      0.1694981      0.1747381      0.1799781    
  0.1852181      0.1904581      0.1956981      0.2009381      0.2061781    
  0.2114181      0.2166581      0.2218981      0.2271381      0.2323781    
  0.0000000E+00  0.0000000E+00  0.0000000E+00  2.1729549E-05  6.5223212E-05
  1.0833047E-04 -3.4858345E-04 -1.2774649E-03 -2.1360943E-03 -3.4056823E-03
 -4.9988450E-03 -6.4512468E-03 -8.2253711E-03 -1.0104306E-02 -1.1773271E-02
 -1.3700267E-02 -1.5696298E-02 -1.7531034E-02 -1.9566886E-02 -2.1653112E-02
 -2.3607137E-02 -2.5727717E-02 -2.7898613E-02 -2.9970046E-02 -3.2181185E-02
 -3.4449756E-02 -3.6651503E-02 -3.8974240E-02 -4.1366681E-02 -4.3720901E-02
 -4.6801344E-02 -5.0589204E-02 -5.4477774E-02 -5.8487117E-02 -6.2593900E-02
 -6.6813804E-02 -7.1127415E-02 -7.5545445E-02 -8.0056950E-02 -8.4667452E-02
 -8.9371786E-02 -9.4170310E-02 -9.9063419E-02 -0.1040463     -0.1091250    
 -0.1142894     -0.1195511     -0.1248949     -0.1303371     -0.1358577    
 -1.5555976E-03 -1.7600365E-03 -1.9632098E-03 -2.1548034E-03 -2.3311113E-03
 -2.5219861E-03 -2.6016654E-03 -2.4600928E-03 -2.1247156E-03 -2.4578737E-03
 -2.7303249E-03 -2.1418114E-03 -2.9744119E-03 -3.8626343E-03 -3.3981400E-03
 -4.3090926E-03 -5.1862905E-03 -4.7061509E-03 -5.6062075E-03 -6.5180380E-03
 -6.0953200E-03 -6.9949152E-03 -7.8921756E-03 -7.5249914E-03 -8.4320055E-03
 -9.3219075E-03 -8.9991810E-03 -9.8837987E-03 -1.0775942E-02 -1.0540670E-02
 -1.1350547E-02 -1.2148903E-02 -1.2939086E-02 -1.3771337E-02 -1.4573818E-02
 -1.5455998E-02 -1.6282685E-02 -1.7187547E-02 -1.8061809E-02 -1.8988192E-02
 -1.9859420E-02 -2.0825196E-02 -2.1719463E-02 -2.2693254E-02 -2.3620242E-02
 -2.4616849E-02 -2.5561564E-02 -2.6603848E-02 -2.7559653E-02 -2.8596975E-02
 -5.8250941E-02 -5.7536505E-02 -5.7536706E-02  0.1976672      0.2312535    
  0.2529991      0.3826315      0.4439511      0.5053199     -0.3815844    
  4.5950938E-02  5.9870657E-02 -0.7108685     -0.2192768     -0.2323516    
 -0.6778330     -0.1509831     -0.1503809     -0.6740860     -0.1434166    
 -0.1502335     -0.6633320     -0.1464447     -0.1577929     -0.6498297    
 -0.1376144     -0.1520803     -0.6265931     -0.1398695     -0.1467572    
 -0.4780319     -0.1393232     -0.4571432     -0.1264867     -0.4258668    
 -0.1236859     -0.3836588     -0.1188541     -0.3464414     -0.1038753    
 -0.2986177     -0.1038920     -0.2416065     -9.7161822E-02 -0.1894943    
 -8.5514337E-02 -0.1321518     -8.3087496E-02 -5.9408788E-02 -7.3951334E-02
  0.1169614      0.1169663      0.1169663      7.1432389E-02 -1.0060418E-02
 -9.0499930E-02 -0.1732526     -0.2584608     -0.3333614     -0.4050020    
 -0.4505775     -0.4630269     -0.3226339     -0.4251060     -0.4011181    
 -0.2894913     -0.3755308     -0.3617742     -0.2603808     -0.3360749    
 -0.3228919     -0.2342905     -0.2957920     -0.2813109     -0.2057752    
 -0.2541029     -0.2394853     -0.1780467     -0.2128843     -0.1993163    
 -0.1623232     -0.1631566     -0.1288854     -0.1242316     -9.5886402E-02
 -8.6482525E-02 -6.3544326E-02 -5.0626360E-02 -3.1506099E-02 -1.6519649E-02
 -1.0460615E-05  1.6152974E-02  3.1218834E-02  4.7598690E-02  6.2053114E-02
  7.8037992E-02  9.2298910E-02  0.1072293      0.1215241      0.1351890    
 -0.9914268     -0.9914678     -0.9914678     -0.9776632     -0.9728414    
 -0.9632244     -0.9075113     -0.8579659     -0.7959410     -0.8308831    
 -0.8915539     -0.8843198     -0.6249586     -0.8781815     -0.8860683    
 -0.6758236     -0.9144291     -0.9200571     -0.6912380     -0.9308520    
 -0.9344360     -0.7107028     -0.9439603     -0.9465545     -0.7316953    
 -0.9573369     -0.9589152     -0.7587361     -0.9670144     -0.9688835    
 -0.8632131     -0.9767134     -0.8800049     -0.9841583     -0.8996907    
 -0.9885457     -0.9212861     -0.9916203     -0.9375424     -0.9944531    
 -0.9543729     -0.9944574     -0.9698721     -0.9941298     -0.9799190    
 -0.9932761     -0.9869229     -0.9907565     -0.9908090     -0.9880563    
    2.75625E+02   ! Azimuth index:  99 in degrees
  2.7144760E-02  3.0638095E-02  3.4131426E-02  3.7624758E-02  4.1118093E-02
  4.4611424E-02  4.8104759E-02  5.1598094E-02  5.5091426E-02  5.8584761E-02
  6.2078092E-02  6.5571427E-02  6.9064766E-02  7.2558090E-02  7.6051429E-02
  7.9544768E-02  8.3038092E-02  8.6531430E-02  9.0024769E-02  9.3518093E-02
  9.7011432E-02  0.1005048      0.1039981      0.1074914      0.1109848    
  0.1144781      0.1179714      0.1214648      0.1249581      0.1284514    
  0.1328181      0.1380581      0.1432981      0.1485381      0.1537781    
  0.1590181      0.1642581      0.1694981      0.1747381      0.1799781    
  0.1852181      0.1904581      0.1956981      0.2009381      0.2061781    
  0.2114181      0.2166581      0.2218981      0.2271381      0.2323781    
  0.0000000E+00  0.0000000E+00  0.0000000E+00  2.1729549E-05  6.5223212E-05
  1.0833047E-04 -3.4858345E-04 -1.2774649E-03 -2.1360943E-03 -3.4056823E-03
 -4.9988450E-03 -6.4512468E-03 -8.2253711E-03 -1.0104306E-02 -1.1773271E-02
 -1.3700267E-02 -1.5696298E-02 -1.7531034E-02 -1.9566886E-02 -2.1653112E-02
 -2.3607137E-02 -2.5727717E-02 -2.7898613E-02 -2.9970046E-02 -3.2181185E-02
 -3.4449756E-02 -3.6651503E-02 -3.8974240E-02 -4.1366681E-02 -4.3720901E-02
 -4.6801344E-02 -5.0589204E-02 -5.4477774E-02 -5.8487117E-02 -6.2593900E-02
 -6.6813804E-02 -7.1127415E-02 -7.5545445E-02 -8.0056950E-02 -8.4667452E-02
 -8.9371786E-02 -9.4170310E-02 -9.9063419E-02 -0.1040463     -0.1091250    
 -0.1142894     -0.1195511     -0.1248949     -0.1303371     -0.1358577    
 -1.5529795E-03 -1.7571003E-03 -1.9599611E-03 -2.1512583E-03 -2.3272997E-03
 -2.5179042E-03 -2.5972964E-03 -2.4554525E-03 -2.1198341E-03 -2.4527488E-03
 -2.7249444E-03 -2.1361932E-03 -2.9685821E-03 -3.8565951E-03 -3.3918796E-03
 -4.3026134E-03 -5.1796008E-03 -4.6992796E-03 -5.5991663E-03 -6.5108114E-03
 -6.0879160E-03 -6.9873617E-03 -7.8844838E-03 -7.5171469E-03 -8.4240055E-03
 -9.3137827E-03 -8.9909527E-03 -9.8754466E-03 -1.0767461E-02 -1.0532070E-02
 -1.1341838E-02 -1.2140072E-02 -1.2930132E-02 -1.3762302E-02 -1.4564713E-02
 -1.5446821E-02 -1.6273474E-02 -1.7178308E-02 -1.8052537E-02 -1.8978927E-02
 -1.9850191E-02 -2.0815991E-02 -2.1710316E-02 -2.2684185E-02 -2.3611255E-02
 -2.4607969E-02 -2.5552802E-02 -2.6595199E-02 -2.7551159E-02 -2.8588660E-02
 -5.8159702E-02 -5.7448223E-02 -5.7448473E-02  0.1977423      0.2313205    
  0.2530733      0.3826952      0.4440018      0.5053586     -0.3815311    
  4.6015665E-02  5.9927713E-02 -0.7108508     -0.2192234     -0.2322983    
 -0.6778101     -0.1509302     -0.1503402     -0.6740660     -0.1433676    
 -0.1501892     -0.6633170     -0.1464055     -0.1577516     -0.6498106    
 -0.1375895     -0.1520491     -0.6265758     -0.1398341     -0.1467285    
 -0.4780174     -0.1392993     -0.4571279     -0.1264781     -0.4258536    
 -0.1236765     -0.3836561     -0.1188472     -0.3464370     -0.1038834    
 -0.2986217     -0.1038967     -0.2416225     -9.7173907E-02 -0.1895124    
 -8.5536525E-02 -0.1321722     -8.3109498E-02 -5.9445333E-02 -7.3981777E-02
  0.1169620      0.1169669      0.1169669      7.1431294E-02 -1.0060253E-02
 -9.0498112E-02 -0.1732476     -0.2584535     -0.3333526     -0.4050116    
 -0.4505762     -0.4630253     -0.3226421     -0.4251113     -0.4011234    
 -0.2894995     -0.3755338     -0.3617765     -0.2603873     -0.3360773    
 -0.3228941     -0.2342946     -0.2957937     -0.2813128     -0.2057796    
 -0.2541038     -0.2394865     -0.1780499     -0.2128854     -0.1993172    
 -0.1623247     -0.1631572     -0.1288866     -0.1242317     -9.5887065E-02
 -8.6482637E-02 -6.3544415E-02 -5.0626397E-02 -3.1506151E-02 -1.6519636E-02
 -1.0460615E-05  1.6152937E-02  3.1218642E-02  4.7598597E-02  6.2052879E-02
  7.8037880E-02  9.2298701E-02  0.1072291      0.1215239      0.1351887    
 -0.9914319     -0.9914728     -0.9914728     -0.9776480     -0.9728256    
 -0.9632050     -0.9074854     -0.8579418     -0.7959201     -0.8309029    
 -0.8915513     -0.8843167     -0.6249745     -0.8781923     -0.8860800    
 -0.6758429     -0.9144366     -0.9200628     -0.6912551     -0.9308587    
 -0.9344423     -0.7107155     -0.9439658     -0.9465609     -0.7317110    
 -0.9573402     -0.9589200     -0.7587497     -0.9670193     -0.9688876    
 -0.8632208     -0.9767167     -0.8800127     -0.9841594     -0.8996968    
 -0.9885469     -0.9212873     -0.9916211     -0.9375440     -0.9944523    
 -0.9543716     -0.9944569     -0.9698681     -0.9941286     -0.9799155    
 -0.9932742     -0.9869202     -0.9907546     -0.9908068     -0.9880541    
    2.78438E+02   ! Azimuth index: 100 in degrees
  2.7144760E-02  3.0638095E-02  3.4131426E-02  3.7624758E-02  4.1118093E-02
  4.4611424E-02  4.8104759E-02  5.1598094E-02  5.5091426E-02  5.8584761E-02
  6.2078092E-02  6.5571427E-02  6.9064766E-02  7.2558090E-02  7.6051429E-02
  7.9544768E-02  8.3038092E-02  8.6531430E-02  9.0024769E-02  9.3518093E-02
  9.7011432E-02  0.1005048      0.1039981      0.1074914      0.1109848    
  0.1144781      0.1179714      0.1214648      0.1249581      0.1284514    
  0.1328181      0.1380581      0.1432981      0.1485381      0.1537781    
  0.1590181      0.1642581      0.1694981      0.1747381      0.1799781    
  0.1852181      0.1904581      0.1956981      0.2009381      0.2061781    
  0.2114181      0.2166581      0.2218981      0.2271381      0.2323781    
  0.0000000E+00  0.0000000E+00  0.0000000E+00  2.1729549E-05  6.5223212E-05
  1.0833047E-04 -3.4858345E-04 -1.2774649E-03 -2.1360943E-03 -3.4056823E-03
 -4.9988450E-03 -6.4512468E-03 -8.2253711E-03 -1.0104306E-02 -1.1773271E-02
 -1.3700267E-02 -1.5696298E-02 -1.7531034E-02 -1.9566886E-02 -2.1653112E-02
 -2.3607137E-02 -2.5727717E-02 -2.7898613E-02 -2.9970046E-02 -3.2181185E-02
 -3.4449756E-02 -3.6651503E-02 -3.8974240E-02 -4.1366681E-02 -4.3720901E-02
 -4.6801344E-02 -5.0589204E-02 -5.4477774E-02 -5.8487117E-02 -6.2593900E-02
 -6.6813804E-02 -7.1127415E-02 -7.5545445E-02 -8.0056950E-02 -8.4667452E-02
 -8.9371786E-02 -9.4170310E-02 -9.9063419E-02 -0.1040463     -0.1091250    
 -0.1142894     -0.1195511     -0.1248949     -0.1303371     -0.1358577    
 -1.5509466E-03 -1.7548129E-03 -1.9574224E-03 -2.1484811E-03 -2.3243071E-03
 -2.5146911E-03 -2.5938479E-03 -2.4517805E-03 -2.1159621E-03 -2.4486727E-03
 -2.7206514E-03 -2.1316968E-03 -2.9639038E-03 -3.8517332E-03 -3.3868211E-03
 -4.2973598E-03 -5.1741572E-03 -4.6936711E-03 -5.5934004E-03 -6.5048728E-03
 -6.0818084E-03 -6.9811065E-03 -7.8780903E-03 -7.5106011E-03 -8.4173018E-03
 -9.3069486E-03 -8.9840004E-03 -9.8683592E-03 -1.0760232E-02 -1.0524707E-02
 -1.1334337E-02 -1.2132412E-02 -1.2922307E-02 -1.3754340E-02 -1.4556624E-02
 -1.5438598E-02 -1.6265143E-02 -1.7169870E-02 -1.8043986E-02 -1.8970294E-02
 -1.9841490E-02 -2.0807212E-02 -2.1701487E-02 -2.2675317E-02 -2.3602344E-02
 -2.4599038E-02 -2.5543850E-02 -2.6586222E-02 -2.7542189E-02 -2.8579712E-02
 -5.8086980E-02 -5.7377290E-02 -5.7377506E-02  0.1978028      0.2313746    
  0.2531341      0.3827476      0.4440437      0.5053908     -0.3814861    
  4.6070449E-02  5.9977099E-02 -0.7108358     -0.2191756     -0.2322507    
 -0.6777897     -0.1508825     -0.1503029     -0.6740475     -0.1433218    
 -0.1501461     -0.6633022     -0.1463660     -0.1577097     -0.6497917    
 -0.1375606     -0.1520147     -0.6265570     -0.1397955     -0.1466939    
 -0.4779985     -0.1392682     -0.4571062     -0.1264583     -0.4258325    
 -0.1236545     -0.3836418     -0.1188249     -0.3464200     -0.1038729    
 -0.2986090     -0.1038819     -0.2416186     -9.7163409E-02 -0.1895074    
 -8.5534081E-02 -0.1321668     -8.3105303E-02 -5.9452366E-02 -7.3982693E-02
  0.1169626      0.1169674      0.1169674      7.1430393E-02 -1.0060124E-02
 -9.0496629E-02 -0.1732436     -0.2584475     -0.3333453     -0.4050198    
 -0.4505750     -0.4630240     -0.3226491     -0.4251159     -0.4011280    
 -0.2895069     -0.3755367     -0.3617786     -0.2603932     -0.3360795    
 -0.3228963     -0.2342988     -0.2957955     -0.2813146     -0.2057840    
 -0.2541049     -0.2394877     -0.1780534     -0.2128865     -0.1993182    
 -0.1623266     -0.1631579     -0.1288882     -0.1242320     -9.5888138E-02
 -8.6482905E-02 -6.3544825E-02 -5.0626539E-02 -3.1506367E-02 -1.6519658E-02
 -1.0490417E-05  1.6152933E-02  3.1218678E-02  4.7598645E-02  6.2052943E-02
  7.8037903E-02  9.2298768E-02  0.1072291      0.1215239      0.1351886    
 -0.9914362     -0.9914770     -0.9914769     -0.9776358     -0.9728127    
 -0.9631892     -0.9074640     -0.8579220     -0.7959027     -0.8309196    
 -0.8915490     -0.8843142     -0.6249882     -0.8782019     -0.8860902    
 -0.6758601     -0.9144434     -0.9200681     -0.6912708     -0.9308649    
 -0.9344487     -0.7107279     -0.9439714     -0.9465673     -0.7317266    
 -0.9573441     -0.9589251     -0.7587644     -0.9670246     -0.9688927    
 -0.8632309     -0.9767210     -0.8800237     -0.9841619     -0.8997067    
 -0.9885496     -0.9212931     -0.9916238     -0.9375504     -0.9944535    
 -0.9543756     -0.9944584     -0.9698691     -0.9941296     -0.9799165    
 -0.9932743     -0.9869210     -0.9907550     -0.9908064     -0.9880540    
    2.81250E+02   ! Azimuth index: 101 in degrees
  2.7144760E-02  3.0638095E-02  3.4131426E-02  3.7624758E-02  4.1118093E-02
  4.4611424E-02  4.8104759E-02  5.1598094E-02  5.5091426E-02  5.8584761E-02
  6.2078092E-02  6.5571427E-02  6.9064766E-02  7.2558090E-02  7.6051429E-02
  7.9544768E-02  8.3038092E-02  8.6531430E-02  9.0024769E-02  9.3518093E-02
  9.7011432E-02  0.1005048      0.1039981      0.1074914      0.1109848    
  0.1144781      0.1179714      0.1214648      0.1249581      0.1284514    
  0.1328181      0.1380581      0.1432981      0.1485381      0.1537781    
  0.1590181      0.1642581      0.1694981      0.1747381      0.1799781    
  0.1852181      0.1904581      0.1956981      0.2009381      0.2061781    
  0.2114181      0.2166581      0.2218981      0.2271381      0.2323781    
  0.0000000E+00  0.0000000E+00  0.0000000E+00  2.1729549E-05  6.5223212E-05
  1.0833047E-04 -3.4858345E-04 -1.2774649E-03 -2.1360943E-03 -3.4056823E-03
 -4.9988450E-03 -6.4512468E-03 -8.2253711E-03 -1.0104306E-02 -1.1773271E-02
 -1.3700267E-02 -1.5696298E-02 -1.7531034E-02 -1.9566886E-02 -2.1653112E-02
 -2.3607137E-02 -2.5727717E-02 -2.7898613E-02 -2.9970046E-02 -3.2181185E-02
 -3.4449756E-02 -3.6651503E-02 -3.8974240E-02 -4.1366681E-02 -4.3720901E-02
 -4.6801344E-02 -5.0589204E-02 -5.4477774E-02 -5.8487117E-02 -6.2593900E-02
 -6.6813804E-02 -7.1127415E-02 -7.5545445E-02 -8.0056950E-02 -8.4667452E-02
 -8.9371786E-02 -9.4170310E-02 -9.9063419E-02 -0.1040463     -0.1091250    
 -0.1142894     -0.1195511     -0.1248949     -0.1303371     -0.1358577    
 -1.5494988E-03 -1.7531740E-03 -1.9555935E-03 -2.1464722E-03 -2.3221346E-03
 -2.5123479E-03 -2.5913203E-03 -2.4490773E-03 -2.1131006E-03 -2.4456466E-03
 -2.7174475E-03 -2.1283240E-03 -2.9603790E-03 -3.8480512E-03 -3.3829683E-03
 -4.2933370E-03 -5.1699663E-03 -4.6893312E-03 -5.5889161E-03 -6.5002292E-03
 -6.0770027E-03 -6.9761574E-03 -7.8730043E-03 -7.5053629E-03 -8.4119067E-03
 -9.3014147E-03 -8.9783370E-03 -9.8625496E-03 -1.0754270E-02 -1.0518597E-02
 -1.1328062E-02 -1.2125941E-02 -1.2915627E-02 -1.3747474E-02 -1.4549570E-02
 -1.5431349E-02 -1.6257718E-02 -1.7162263E-02 -1.8036185E-02 -1.8962320E-02
 -1.9833352E-02 -2.0798897E-02 -2.1693014E-02 -2.2666687E-02 -2.3593552E-02
 -2.4590101E-02 -2.5534756E-02 -2.6576966E-02 -2.7532794E-02 -2.8570183E-02
 -5.8032759E-02 -5.7323717E-02 -5.7323821E-02  0.1978485      0.2314160    
  0.2531818      0.3827886      0.4440766      0.5054165     -0.3814493    
  4.6116102E-02  6.0017627E-02 -0.7108228     -0.2191348     -0.2322092    
 -0.6777719     -0.1508392     -0.1502687     -0.6740306     -0.1432785    
 -0.1501039     -0.6632878     -0.1463269     -0.1576681     -0.6497726    
 -0.1375284     -0.1519770     -0.6265370     -0.1397540     -0.1466541    
 -0.4779750     -0.1392301     -0.4570784     -0.1264276     -0.4258035    
 -0.1236202     -0.3836164     -0.1187886     -0.3463896     -0.1038442    
 -0.2985799     -0.1038483     -0.2415947     -9.7130507E-02 -0.1894803    
 -8.5506991E-02 -0.1321367     -8.3074726E-02 -5.9430417E-02 -7.3954724E-02
  0.1169629      0.1169678      0.1169677      7.1429729E-02 -1.0060019E-02
 -9.0495467E-02 -0.1732403     -0.2584428     -0.3333395     -0.4050264    
 -0.4505741     -0.4630228     -0.3226551     -0.4251199     -0.4011321    
 -0.2895134     -0.3755391     -0.3617805     -0.2603986     -0.3360817    
 -0.3228984     -0.2343028     -0.2957972     -0.2813165     -0.2057884    
 -0.2541060     -0.2394891     -0.1780571     -0.2128878     -0.1993195    
 -0.1623290     -0.1631588     -0.1288903     -0.1242325     -9.5889591E-02
 -8.6483277E-02 -6.3545547E-02 -5.0626788E-02 -3.1506762E-02 -1.6519705E-02
 -1.0490417E-05  1.6152987E-02  3.1218896E-02  4.7598876E-02  6.2053315E-02
  7.8038037E-02  9.2299104E-02  0.1072294      0.1215241      0.1351890    
 -0.9914392     -0.9914800     -0.9914799     -0.9776266     -0.9728029    
 -0.9631768     -0.9074473     -0.8579064     -0.7958888     -0.8309332    
 -0.8915471     -0.8843120     -0.6249998     -0.8782101     -0.8860992    
 -0.6758751     -0.9144495     -0.9200730     -0.6912853     -0.9308708    
 -0.9344546     -0.7107402     -0.9439770     -0.9465737     -0.7317423    
 -0.9573485     -0.9589307     -0.7587801     -0.9670304     -0.9688986    
 -0.8632434     -0.9767263     -0.8800378     -0.9841658     -0.8997203    
 -0.9885539     -0.9213037     -0.9916281     -0.9375615     -0.9944564    
 -0.9543847     -0.9944620     -0.9698749     -0.9941328     -0.9799217    
 -0.9932767     -0.9869250     -0.9907575     -0.9908077     -0.9880561    
    2.84062E+02   ! Azimuth index: 102 in degrees
  2.7144760E-02  3.0638095E-02  3.4131426E-02  3.7624758E-02  4.1118093E-02
  4.4611424E-02  4.8104759E-02  5.1598094E-02  5.5091426E-02  5.8584761E-02
  6.2078092E-02  6.5571427E-02  6.9064766E-02  7.2558090E-02  7.6051429E-02
  7.9544768E-02  8.3038092E-02  8.6531430E-02  9.0024769E-02  9.3518093E-02
  9.7011432E-02  0.1005048      0.1039981      0.1074914      0.1109848    
  0.1144781      0.1179714      0.1214648      0.1249581      0.1284514    
  0.1328181      0.1380581      0.1432981      0.1485381      0.1537781    
  0.1590181      0.1642581      0.1694981      0.1747381      0.1799781    
  0.1852181      0.1904581      0.1956981      0.2009381      0.2061781    
  0.2114181      0.2166581      0.2218981      0.2271381      0.2323781    
  0.0000000E+00  0.0000000E+00  0.0000000E+00  2.1729549E-05  6.5223212E-05
  1.0833047E-04 -3.4858345E-04 -1.2774649E-03 -2.1360943E-03 -3.4056823E-03
 -4.9988450E-03 -6.4512468E-03 -8.2253711E-03 -1.0104306E-02 -1.1773271E-02
 -1.3700267E-02 -1.5696298E-02 -1.7531034E-02 -1.9566886E-02 -2.1653112E-02
 -2.3607137E-02 -2.5727717E-02 -2.7898613E-02 -2.9970046E-02 -3.2181185E-02
 -3.4449756E-02 -3.6651503E-02 -3.8974240E-02 -4.1366681E-02 -4.3720901E-02
 -4.6801344E-02 -5.0589204E-02 -5.4477774E-02 -5.8487117E-02 -6.2593900E-02
 -6.6813804E-02 -7.1127415E-02 -7.5545445E-02 -8.0056950E-02 -8.4667452E-02
 -8.9371786E-02 -9.4170310E-02 -9.9063419E-02 -0.1040463     -0.1091250    
 -0.1142894     -0.1195511     -0.1248949     -0.1303371     -0.1358577    
 -1.5486327E-03 -1.7521810E-03 -1.9544726E-03 -2.1452298E-03 -2.3207811E-03
 -2.5108745E-03 -2.5897147E-03 -2.4473458E-03 -2.1112538E-03 -2.4436763E-03
 -2.7153397E-03 -2.1260839E-03 -2.9580188E-03 -3.8455627E-03 -3.3803368E-03
 -4.2905621E-03 -5.1670484E-03 -4.6862825E-03 -5.5857394E-03 -6.4969086E-03
 -6.0735326E-03 -6.9725513E-03 -7.8692650E-03 -7.5014760E-03 -8.4078657E-03
 -9.2972331E-03 -8.9740176E-03 -9.8580774E-03 -1.0749641E-02 -1.0513807E-02
 -1.1323086E-02 -1.2120740E-02 -1.2910184E-02 -1.3741799E-02 -1.4543662E-02
 -1.5425193E-02 -1.6251324E-02 -1.7155619E-02 -1.8029276E-02 -1.8955164E-02
 -1.9825947E-02 -2.0791223E-02 -2.1685086E-02 -2.2658501E-02 -2.3585094E-02
 -2.4581380E-02 -2.5525764E-02 -2.6567684E-02 -2.7523240E-02 -2.8560355E-02
 -5.7997156E-02 -5.7287641E-02 -5.7287768E-02  0.1978794      0.2314443    
  0.2532160      0.3828180      0.4441005      0.5054353     -0.3814213    
  4.6151608E-02  6.0050096E-02 -0.7108127     -0.2191001     -0.2321749    
 -0.6777566     -0.1508027     -0.1502382     -0.6740155     -0.1432397    
 -0.1500643     -0.6632738     -0.1462892     -0.1576272     -0.6497539    
 -0.1374937     -0.1519374     -0.6265160     -0.1397112     -0.1466098    
 -0.4779483     -0.1391863     -0.4570454     -0.1263878     -0.4257678    
 -0.1235752     -0.3835810     -0.1187395     -0.3463478     -0.1038009    
 -0.2985354     -0.1037980     -0.2415530     -9.7078249E-02 -0.1894324    
 -8.5458323E-02 -0.1320837     -8.3020702E-02 -5.9382197E-02 -7.3900715E-02
  0.1169632      0.1169680      0.1169680      7.1429275E-02 -1.0059949E-02
 -9.0494618E-02 -0.1732381     -0.2584394     -0.3333353     -0.4050315    
 -0.4505733     -0.4630220     -0.3226598     -0.4251233     -0.4011355    
 -0.2895189     -0.3755413     -0.3617822     -0.2604035     -0.3360836    
 -0.3229003     -0.2343066     -0.2957989     -0.2813184     -0.2057927    
 -0.2541072     -0.2394906     -0.1780609     -0.2128891     -0.1993207    
 -0.1623316     -0.1631598     -0.1288927     -0.1242332     -9.5891356E-02
 -8.6483747E-02 -6.3546568E-02 -5.0627083E-02 -3.1507261E-02 -1.6519779E-02
 -1.0488555E-05  1.6153077E-02  3.1219203E-02  4.7599077E-02  6.2053889E-02
  7.8038365E-02  9.2299752E-02  0.1072298      0.1215243      0.1351896    
 -0.9914414     -0.9914821     -0.9914820     -0.9776204     -0.9727961    
 -0.9631678     -0.9074354     -0.8578951     -0.7958786     -0.8309436    
 -0.8915457     -0.8843103     -0.6250089     -0.8782172     -0.8861067    
 -0.6758881     -0.9144547     -0.9200773     -0.6912981     -0.9308761    
 -0.9344603     -0.7107519     -0.9439822     -0.9465800     -0.7317576    
 -0.9573531     -0.9589366     -0.7587965     -0.9670362     -0.9689049    
 -0.8632576     -0.9767324     -0.8800547     -0.9841708     -0.8997370    
 -0.9885595     -0.9213184     -0.9916340     -0.9375769     -0.9944609    
 -0.9543986     -0.9944671     -0.9698853     -0.9941379     -0.9799309    
 -0.9932808     -0.9869320     -0.9907620     -0.9908106     -0.9880599    
    2.86875E+02   ! Azimuth index: 103 in degrees
  2.7144760E-02  3.0638095E-02  3.4131426E-02  3.7624758E-02  4.1118093E-02
  4.4611424E-02  4.8104759E-02  5.1598094E-02  5.5091426E-02  5.8584761E-02
  6.2078092E-02  6.5571427E-02  6.9064766E-02  7.2558090E-02  7.6051429E-02
  7.9544768E-02  8.3038092E-02  8.6531430E-02  9.0024769E-02  9.3518093E-02
  9.7011432E-02  0.1005048      0.1039981      0.1074914      0.1109848    
  0.1144781      0.1179714      0.1214648      0.1249581      0.1284514    
  0.1328181      0.1380581      0.1432981      0.1485381      0.1537781    
  0.1590181      0.1642581      0.1694981      0.1747381      0.1799781    
  0.1852181      0.1904581      0.1956981      0.2009381      0.2061781    
  0.2114181      0.2166581      0.2218981      0.2271381      0.2323781    
  0.0000000E+00  0.0000000E+00  0.0000000E+00  2.1729549E-05  6.5223212E-05
  1.0833047E-04 -3.4858345E-04 -1.2774649E-03 -2.1360943E-03 -3.4056823E-03
 -4.9988450E-03 -6.4512468E-03 -8.2253711E-03 -1.0104306E-02 -1.1773271E-02
 -1.3700267E-02 -1.5696298E-02 -1.7531034E-02 -1.9566886E-02 -2.1653112E-02
 -2.3607137E-02 -2.5727717E-02 -2.7898613E-02 -2.9970046E-02 -3.2181185E-02
 -3.4449756E-02 -3.6651503E-02 -3.8974240E-02 -4.1366681E-02 -4.3720901E-02
 -4.6801344E-02 -5.0589204E-02 -5.4477774E-02 -5.8487117E-02 -6.2593900E-02
 -6.6813804E-02 -7.1127415E-02 -7.5545445E-02 -8.0056950E-02 -8.4667452E-02
 -8.9371786E-02 -9.4170310E-02 -9.9063419E-02 -0.1040463     -0.1091250    
 -0.1142894     -0.1195511     -0.1248949     -0.1303371     -0.1358577    
 -1.5483117E-03 -1.7517937E-03 -1.9540163E-03 -2.1447078E-03 -2.3201974E-03
 -2.5102196E-03 -2.5889778E-03 -2.4465297E-03 -2.1103634E-03 -2.4427020E-03
 -2.7142679E-03 -2.1249156E-03 -2.9567610E-03 -3.8442053E-03 -3.3788648E-03
 -4.2889742E-03 -5.1653413E-03 -4.6844641E-03 -5.5838102E-03 -6.4948536E-03
 -6.0713422E-03 -6.9702333E-03 -7.8668213E-03 -7.4988902E-03 -8.4051332E-03
 -9.2943590E-03 -8.9710001E-03 -9.8549053E-03 -1.0746310E-02 -1.0510309E-02
 -1.1319386E-02 -1.2116794E-02 -1.2905967E-02 -1.3737316E-02 -1.4538906E-02
 -1.5420146E-02 -1.6245987E-02 -1.7149977E-02 -1.8023314E-02 -1.8948885E-02
 -1.9819343E-02 -2.0784277E-02 -2.1677803E-02 -2.2650870E-02 -2.3577098E-02
 -2.4573021E-02 -2.5517028E-02 -2.6558556E-02 -2.7513722E-02 -2.8550442E-02
 -5.7979234E-02 -5.7268154E-02 -5.7268266E-02  0.1978962      0.2314602    
  0.2532371      0.3828363      0.4441156      0.5054476     -0.3814018    
  4.6177175E-02  6.0073506E-02 -0.7108050     -0.2190725     -0.2321471    
 -0.6777444     -0.1507713     -0.1502118     -0.6740026     -0.1432051    
 -0.1500275     -0.6632606     -0.1462526     -0.1575882     -0.6497359    
 -0.1374573     -0.1518966     -0.6264949     -0.1396674     -0.1465631    
 -0.4779187     -0.1391385     -0.4570085     -0.1263405     -0.4257267    
 -0.1235215     -0.3835371     -0.1186802     -0.3462969     -0.1037428    
 -0.2984792     -0.1037331     -0.2414957     -9.7008996E-02 -0.1893673    
 -8.5390240E-02 -0.1320112     -8.2946479E-02 -5.9310403E-02 -7.3823810E-02
  0.1169633      0.1169681      0.1169681      7.1429014E-02 -1.0059914E-02
 -9.0494111E-02 -0.1732366     -0.2584372     -0.3333324     -0.4050350    
 -0.4505728     -0.4630212     -0.3226633     -0.4251260     -0.4011382    
 -0.2895234     -0.3755431     -0.3617837     -0.2604077     -0.3360853    
 -0.3229021     -0.2343103     -0.2958005     -0.2813202     -0.2057969    
 -0.2541085     -0.2394921     -0.1780648     -0.2128904     -0.1993221    
 -0.1623346     -0.1631609     -0.1288955     -0.1242339     -9.5893413E-02
 -8.6484328E-02 -6.3547812E-02 -5.0627463E-02 -3.1507917E-02 -1.6519880E-02
 -1.0488555E-05  1.6153214E-02  3.1219693E-02  4.7599398E-02  6.2054686E-02
  7.8038871E-02  9.2300698E-02  0.1072305      0.1215249      0.1351902    
 -0.9914424     -0.9914831     -0.9914832     -0.9776170     -0.9727923    
 -0.9631624     -0.9074279     -0.8578878     -0.7958719     -0.8309508    
 -0.8915446     -0.8843091     -0.6250157     -0.8782228     -0.8861127    
 -0.6758984     -0.9144592     -0.9200810     -0.6913092     -0.9308807    
 -0.9344656     -0.7107630     -0.9439874     -0.9465859     -0.7317724    
 -0.9573580     -0.9589427     -0.7588130     -0.9670422     -0.9689117    
 -0.8632736     -0.9767390     -0.8800734     -0.9841768     -0.8997562    
 -0.9885661     -0.9213365     -0.9916410     -0.9375957     -0.9944670    
 -0.9544162     -0.9944739     -0.9698995     -0.9941446     -0.9799435    
 -0.9932867     -0.9869416     -0.9907681     -0.9908148     -0.9880657    
    2.89688E+02   ! Azimuth index: 104 in degrees
  2.7144760E-02  3.0638095E-02  3.4131426E-02  3.7624758E-02  4.1118093E-02
  4.4611424E-02  4.8104759E-02  5.1598094E-02  5.5091426E-02  5.8584761E-02
  6.2078092E-02  6.5571427E-02  6.9064766E-02  7.2558090E-02  7.6051429E-02
  7.9544768E-02  8.3038092E-02  8.6531430E-02  9.0024769E-02  9.3518093E-02
  9.7011432E-02  0.1005048      0.1039981      0.1074914      0.1109848    
  0.1144781      0.1179714      0.1214648      0.1249581      0.1284514    
  0.1328181      0.1380581      0.1432981      0.1485381      0.1537781    
  0.1590181      0.1642581      0.1694981      0.1747381      0.1799781    
  0.1852181      0.1904581      0.1956981      0.2009381      0.2061781    
  0.2114181      0.2166581      0.2218981      0.2271381      0.2323781    
  0.0000000E+00  0.0000000E+00  0.0000000E+00  2.1729549E-05  6.5223212E-05
  1.0833047E-04 -3.4858345E-04 -1.2774649E-03 -2.1360943E-03 -3.4056823E-03
 -4.9988450E-03 -6.4512468E-03 -8.2253711E-03 -1.0104306E-02 -1.1773271E-02
 -1.3700267E-02 -1.5696298E-02 -1.7531034E-02 -1.9566886E-02 -2.1653112E-02
 -2.3607137E-02 -2.5727717E-02 -2.7898613E-02 -2.9970046E-02 -3.2181185E-02
 -3.4449756E-02 -3.6651503E-02 -3.8974240E-02 -4.1366681E-02 -4.3720901E-02
 -4.6801344E-02 -5.0589204E-02 -5.4477774E-02 -5.8487117E-02 -6.2593900E-02
 -6.6813804E-02 -7.1127415E-02 -7.5545445E-02 -8.0056950E-02 -8.4667452E-02
 -8.9371786E-02 -9.4170310E-02 -9.9063419E-02 -0.1040463     -0.1091250    
 -0.1142894     -0.1195511     -0.1248949     -0.1303371     -0.1358577    
 -1.5484837E-03 -1.7519542E-03 -1.9541611E-03 -2.1448373E-03 -2.3203101E-03
 -2.5103050E-03 -2.5890265E-03 -2.4465420E-03 -2.1103385E-03 -2.4426293E-03
 -2.7141338E-03 -2.1247170E-03 -2.9565017E-03 -3.8438714E-03 -3.3784420E-03
 -4.2884611E-03 -5.1647322E-03 -4.6837619E-03 -5.5830125E-03 -6.4939456E-03
 -6.0703093E-03 -6.9690812E-03 -7.8655500E-03 -7.4974829E-03 -8.4035853E-03
 -9.2926696E-03 -8.9691645E-03 -9.8529123E-03 -1.0744153E-02 -1.0507980E-02
 -1.1316841E-02 -1.2113985E-02 -1.2902865E-02 -1.3733914E-02 -1.4535194E-02
 -1.5416107E-02 -1.6241612E-02 -1.7145246E-02 -1.8018208E-02 -1.8943407E-02
 -1.9813474E-02 -2.0777997E-02 -2.1671113E-02 -2.2643749E-02 -2.3569528E-02
 -2.4565000E-02 -2.5508534E-02 -2.6549570E-02 -2.7504245E-02 -2.8540459E-02
 -5.7977132E-02 -5.7263702E-02 -5.7263866E-02  0.1979003      0.2314650    
  0.2532466      0.3828444      0.4441227      0.5054542     -0.3813904    
  4.6194017E-02  6.0089841E-02 -0.7107998     -0.2190512     -0.2321254    
 -0.6777346     -0.1507460     -0.1501888     -0.6739912     -0.1431744    
 -0.1499934     -0.6632482     -0.1462179     -0.1575508     -0.6497188    
 -0.1374192     -0.1518552     -0.6264734     -0.1396233     -0.1465134    
 -0.4778869     -0.1390868     -0.4569679     -0.1262861     -0.4256809    
 -0.1234600     -0.3834859     -0.1186111     -0.3462374     -0.1036735    
 -0.2984110     -0.1036555     -0.2414247     -9.6924514E-02 -0.1892865    
 -8.5304692E-02 -0.1319213     -8.2853802E-02 -5.9217878E-02 -7.3726021E-02
  0.1169633      0.1169681      0.1169681      7.1428962E-02 -1.0059899E-02
 -9.0493873E-02 -0.1732360     -0.2584362     -0.3333310     -0.4050370    
 -0.4505725     -0.4630208     -0.3226658     -0.4251281     -0.4011404    
 -0.2895269     -0.3755445     -0.3617849     -0.2604114     -0.3360868    
 -0.3229038     -0.2343137     -0.2958020     -0.2813219     -0.2058008    
 -0.2541099     -0.2394937     -0.1780687     -0.2128917     -0.1993236    
 -0.1623378     -0.1631621     -0.1288985     -0.1242348     -9.5895678E-02
 -8.6484976E-02 -6.3549295E-02 -5.0627887E-02 -3.1508658E-02 -1.6520003E-02
 -1.0462478E-05  1.6153345E-02  3.1220259E-02  4.7599830E-02  6.2055673E-02
  7.8039393E-02  9.2301778E-02  0.1072314      0.1215256      0.1351913    
 -0.9914425     -0.9914834     -0.9914834     -0.9776163     -0.9727913    
 -0.9631599     -0.9074246     -0.8578845     -0.7958684     -0.8309551    
 -0.8915439     -0.8843082     -0.6250204     -0.8782271     -0.8861175    
 -0.6759068     -0.9144627     -0.9200842     -0.6913189     -0.9308850    
 -0.9344704     -0.7107735     -0.9439923     -0.9465916     -0.7317865    
 -0.9573631     -0.9589489     -0.7588298     -0.9670483     -0.9689190    
 -0.8632905     -0.9767461     -0.8800941     -0.9841837     -0.8997777    
 -0.9885738     -0.9213577     -0.9916492     -0.9376177     -0.9944743    
 -0.9544375     -0.9944820     -0.9699172     -0.9941528     -0.9799591    
 -0.9932939     -0.9869536     -0.9907758     -0.9908202     -0.9880728    
    2.92500E+02   ! Azimuth index: 105 in degrees
  2.7144760E-02  3.0638095E-02  3.4131426E-02  3.7624758E-02  4.1118093E-02
  4.4611424E-02  4.8104759E-02  5.1598094E-02  5.5091426E-02  5.8584761E-02
  6.2078092E-02  6.5571427E-02  6.9064766E-02  7.2558090E-02  7.6051429E-02
  7.9544768E-02  8.3038092E-02  8.6531430E-02  9.0024769E-02  9.3518093E-02
  9.7011432E-02  0.1005048      0.1039981      0.1074914      0.1109848    
  0.1144781      0.1179714      0.1214648      0.1249581      0.1284514    
  0.1328181      0.1380581      0.1432981      0.1485381      0.1537781    
  0.1590181      0.1642581      0.1694981      0.1747381      0.1799781    
  0.1852181      0.1904581      0.1956981      0.2009381      0.2061781    
  0.2114181      0.2166581      0.2218981      0.2271381      0.2323781    
  0.0000000E+00  0.0000000E+00  0.0000000E+00  2.1729549E-05  6.5223212E-05
  1.0833047E-04 -3.4858345E-04 -1.2774649E-03 -2.1360943E-03 -3.4056823E-03
 -4.9988450E-03 -6.4512468E-03 -8.2253711E-03 -1.0104306E-02 -1.1773271E-02
 -1.3700267E-02 -1.5696298E-02 -1.7531034E-02 -1.9566886E-02 -2.1653112E-02
 -2.3607137E-02 -2.5727717E-02 -2.7898613E-02 -2.9970046E-02 -3.2181185E-02
 -3.4449756E-02 -3.6651503E-02 -3.8974240E-02 -4.1366681E-02 -4.3720901E-02
 -4.6801344E-02 -5.0589204E-02 -5.4477774E-02 -5.8487117E-02 -6.2593900E-02
 -6.6813804E-02 -7.1127415E-02 -7.5545445E-02 -8.0056950E-02 -8.4667452E-02
 -8.9371786E-02 -9.4170310E-02 -9.9063419E-02 -0.1040463     -0.1091250    
 -0.1142894     -0.1195511     -0.1248949     -0.1303371     -0.1358577    
 -1.5491135E-03 -1.7526234E-03 -1.9548640E-03 -2.1455712E-03 -2.3210691E-03
 -2.5110776E-03 -2.5898046E-03 -2.4473232E-03 -2.1111169E-03 -2.4433928E-03
 -2.7148689E-03 -2.1254178E-03 -2.9571666E-03 -3.8444861E-03 -3.3789915E-03
 -4.2889426E-03 -5.1651387E-03 -4.6840915E-03 -5.5832602E-03 -6.4940974E-03
 -6.0703489E-03 -6.9690081E-03 -7.8653628E-03 -7.4971654E-03 -8.4031317E-03
 -9.2920754E-03 -8.9684185E-03 -9.8520052E-03 -1.0743082E-02 -1.0506732E-02
 -1.1315364E-02 -1.2112221E-02 -1.2900785E-02 -1.3731506E-02 -1.4532443E-02
 -1.5412991E-02 -1.6238116E-02 -1.7141348E-02 -1.8013887E-02 -1.8938653E-02
 -1.9808268E-02 -2.0772316E-02 -2.1664951E-02 -2.2637084E-02 -2.3562331E-02
 -2.4557266E-02 -2.5500244E-02 -2.6540698E-02 -2.7494781E-02 -2.8530382E-02
 -5.7989821E-02 -5.7273258E-02 -5.7273421E-02  0.1978926      0.2314594    
  0.2532452      0.3828432      0.4441225      0.5054555     -0.3813852    
  4.6202742E-02  6.0098886E-02 -0.7107965     -0.2190353     -0.2321097    
 -0.6777272     -0.1507256     -0.1501696     -0.6739815     -0.1431470    
 -0.1499615     -0.6632363     -0.1461847     -0.1575144     -0.6497023    
 -0.1373801     -0.1518129     -0.6264516     -0.1395785     -0.1464615    
 -0.4778527     -0.1390313     -0.4569240     -0.1262253     -0.4256306    
 -0.1233909     -0.3834274     -0.1185336     -0.3461694     -0.1035921    
 -0.2983328     -0.1035655     -0.2413410     -9.6825249E-02 -0.1891904    
 -8.5203767E-02 -0.1318145     -8.2744405E-02 -5.9105348E-02 -7.3609173E-02
  0.1169632      0.1169681      0.1169681      7.1429074E-02 -1.0059917E-02
 -9.0493910E-02 -0.1732361     -0.2584362     -0.3333307     -0.4050380    
 -0.4505723     -0.4630206     -0.3226673     -0.4251296     -0.4011419    
 -0.2895296     -0.3755457     -0.3617860     -0.2604144     -0.3360882    
 -0.3229054     -0.2343171     -0.2958035     -0.2813236     -0.2058046    
 -0.2541113     -0.2394953     -0.1780727     -0.2128931     -0.1993252    
 -0.1623413     -0.1631634     -0.1289018     -0.1242358     -9.5898211E-02
 -8.6485751E-02 -6.3550964E-02 -5.0628334E-02 -3.1509470E-02 -1.6520143E-02
 -1.0460615E-05  1.6153531E-02  3.1220932E-02  4.7600225E-02  6.2056806E-02
  7.8040048E-02  9.2303053E-02  0.1072324      0.1215264      0.1351924    
 -0.9914418     -0.9914828     -0.9914829     -0.9776177     -0.9727926    
 -0.9631603     -0.9074251     -0.8578846     -0.7958677     -0.8309570    
 -0.8915436     -0.8843077     -0.6250234     -0.8782303     -0.8861209    
 -0.6759130     -0.9144655     -0.9200870     -0.6913271     -0.9308887    
 -0.9344750     -0.7107836     -0.9439970     -0.9465972     -0.7318001    
 -0.9573683     -0.9589552     -0.7588469     -0.9670545     -0.9689265    
 -0.8633088     -0.9767538     -0.8801164     -0.9841913     -0.8998012    
 -0.9885823     -0.9213819     -0.9916585     -0.9376428     -0.9944828    
 -0.9544619     -0.9944915     -0.9699381     -0.9941626     -0.9799775    
 -0.9933026     -0.9869676     -0.9907849     -0.9908269     -0.9880813    
    2.95312E+02   ! Azimuth index: 106 in degrees
  2.7144760E-02  3.0638095E-02  3.4131426E-02  3.7624758E-02  4.1118093E-02
  4.4611424E-02  4.8104759E-02  5.1598094E-02  5.5091426E-02  5.8584761E-02
  6.2078092E-02  6.5571427E-02  6.9064766E-02  7.2558090E-02  7.6051429E-02
  7.9544768E-02  8.3038092E-02  8.6531430E-02  9.0024769E-02  9.3518093E-02
  9.7011432E-02  0.1005048      0.1039981      0.1074914      0.1109848    
  0.1144781      0.1179714      0.1214648      0.1249581      0.1284514    
  0.1328181      0.1380581      0.1432981      0.1485381      0.1537781    
  0.1590181      0.1642581      0.1694981      0.1747381      0.1799781    
  0.1852181      0.1904581      0.1956981      0.2009381      0.2061781    
  0.2114181      0.2166581      0.2218981      0.2271381      0.2323781    
  0.0000000E+00  0.0000000E+00  0.0000000E+00  2.1729549E-05  6.5223212E-05
  1.0833047E-04 -3.4858345E-04 -1.2774649E-03 -2.1360943E-03 -3.4056823E-03
 -4.9988450E-03 -6.4512468E-03 -8.2253711E-03 -1.0104306E-02 -1.1773271E-02
 -1.3700267E-02 -1.5696298E-02 -1.7531034E-02 -1.9566886E-02 -2.1653112E-02
 -2.3607137E-02 -2.5727717E-02 -2.7898613E-02 -2.9970046E-02 -3.2181185E-02
 -3.4449756E-02 -3.6651503E-02 -3.8974240E-02 -4.1366681E-02 -4.3720901E-02
 -4.6801344E-02 -5.0589204E-02 -5.4477774E-02 -5.8487117E-02 -6.2593900E-02
 -6.6813804E-02 -7.1127415E-02 -7.5545445E-02 -8.0056950E-02 -8.4667452E-02
 -8.9371786E-02 -9.4170310E-02 -9.9063419E-02 -0.1040463     -0.1091250    
 -0.1142894     -0.1195511     -0.1248949     -0.1303371     -0.1358577    
 -1.5501932E-03 -1.7537924E-03 -1.9561155E-03 -2.1469002E-03 -2.3224640E-03
 -2.5125255E-03 -2.5912994E-03 -2.4488603E-03 -2.1126852E-03 -2.4449793E-03
 -2.7164598E-03 -2.1270041E-03 -2.9587438E-03 -3.8460367E-03 -3.3805007E-03
 -4.2904057E-03 -5.1665483E-03 -4.6854401E-03 -5.5845417E-03 -6.4952979E-03
 -6.0714479E-03 -6.9700023E-03 -7.8662485E-03 -7.4979262E-03 -8.4037622E-03
 -9.2925662E-03 -8.9687547E-03 -9.8521784E-03 -1.0743089E-02 -1.0506556E-02
 -1.1314946E-02 -1.2111500E-02 -1.2899728E-02 -1.3730092E-02 -1.4530653E-02
 -1.5410803E-02 -1.6235504E-02 -1.7138291E-02 -1.8010359E-02 -1.8934641E-02
 -1.9803744E-02 -2.0767253E-02 -2.1659341E-02 -2.2630895E-02 -2.3555536E-02
 -2.4549855E-02 -2.5492191E-02 -2.6531976E-02 -2.7485372E-02 -2.8520262E-02
 -5.8017019E-02 -5.7296503E-02 -5.7296678E-02  0.1978732      0.2314436    
  0.2532331      0.3828328      0.4441151      0.5054511     -0.3813877    
  4.6203550E-02  6.0100462E-02 -0.7107955     -0.2190250     -0.2320998    
 -0.6777221     -0.1507106     -0.1501535     -0.6739737     -0.1431234    
 -0.1499317     -0.6632252     -0.1461530     -0.1574801     -0.6496864    
 -0.1373398     -0.1517698     -0.6264296     -0.1395332     -0.1464074    
 -0.4778162     -0.1389728     -0.4568770     -0.1261582     -0.4255759    
 -0.1233147     -0.3833621     -0.1184475     -0.3460941     -0.1035001    
 -0.2982438     -0.1034641     -0.2412444     -9.6712217E-02 -0.1890801    
 -8.5087016E-02 -0.1316921     -8.2617804E-02 -5.8974307E-02 -7.3473319E-02
  0.1169630      0.1169679      0.1169679      7.1429357E-02 -1.0059957E-02
 -9.0494208E-02 -0.1732369     -0.2584373     -0.3333317     -0.4050376    
 -0.4505723     -0.4630205     -0.3226677     -0.4251307     -0.4011428    
 -0.2895314     -0.3755466     -0.3617869     -0.2604169     -0.3360893    
 -0.3229069     -0.2343201     -0.2958049     -0.2813251     -0.2058083    
 -0.2541127     -0.2394968     -0.1780768     -0.2128945     -0.1993268    
 -0.1623449     -0.1631647     -0.1289053     -0.1242368     -9.5900908E-02
 -8.6486563E-02 -6.3552827E-02 -5.0628874E-02 -3.1510428E-02 -1.6520301E-02
 -1.0462478E-05  1.6153703E-02  3.1221736E-02  4.7600817E-02  6.2058181E-02
  7.8040853E-02  9.2304602E-02  0.1072335      0.1215274      0.1351939    
 -0.9914401     -0.9914815     -0.9914815     -0.9776217     -0.9727963    
 -0.9631634     -0.9074294     -0.8578881     -0.7958701     -0.8309560    
 -0.8915435     -0.8843076     -0.6250242     -0.8782323     -0.8861229    
 -0.6759173     -0.9144676     -0.9200893     -0.6913338     -0.9308919    
 -0.9344794     -0.7107928     -0.9440015     -0.9466025     -0.7318131    
 -0.9573738     -0.9589616     -0.7588640     -0.9670607     -0.9689343    
 -0.8633283     -0.9767619     -0.8801404     -0.9841998     -0.8998268    
 -0.9885917     -0.9214090     -0.9916688     -0.9376705     -0.9944923    
 -0.9544897     -0.9945019     -0.9699620     -0.9941735     -0.9799987    
 -0.9933125     -0.9869839     -0.9907953     -0.9908345     -0.9880913    
    2.98125E+02   ! Azimuth index: 107 in degrees
  2.7144760E-02  3.0638095E-02  3.4131426E-02  3.7624758E-02  4.1118093E-02
  4.4611424E-02  4.8104759E-02  5.1598094E-02  5.5091426E-02  5.8584761E-02
  6.2078092E-02  6.5571427E-02  6.9064766E-02  7.2558090E-02  7.6051429E-02
  7.9544768E-02  8.3038092E-02  8.6531430E-02  9.0024769E-02  9.3518093E-02
  9.7011432E-02  0.1005048      0.1039981      0.1074914      0.1109848    
  0.1144781      0.1179714      0.1214648      0.1249581      0.1284514    
  0.1328181      0.1380581      0.1432981      0.1485381      0.1537781    
  0.1590181      0.1642581      0.1694981      0.1747381      0.1799781    
  0.1852181      0.1904581      0.1956981      0.2009381      0.2061781    
  0.2114181      0.2166581      0.2218981      0.2271381      0.2323781    
  0.0000000E+00  0.0000000E+00  0.0000000E+00  2.1729549E-05  6.5223212E-05
  1.0833047E-04 -3.4858345E-04 -1.2774649E-03 -2.1360943E-03 -3.4056823E-03
 -4.9988450E-03 -6.4512468E-03 -8.2253711E-03 -1.0104306E-02 -1.1773271E-02
 -1.3700267E-02 -1.5696298E-02 -1.7531034E-02 -1.9566886E-02 -2.1653112E-02
 -2.3607137E-02 -2.5727717E-02 -2.7898613E-02 -2.9970046E-02 -3.2181185E-02
 -3.4449756E-02 -3.6651503E-02 -3.8974240E-02 -4.1366681E-02 -4.3720901E-02
 -4.6801344E-02 -5.0589204E-02 -5.4477774E-02 -5.8487117E-02 -6.2593900E-02
 -6.6813804E-02 -7.1127415E-02 -7.5545445E-02 -8.0056950E-02 -8.4667452E-02
 -8.9371786E-02 -9.4170310E-02 -9.9063419E-02 -0.1040463     -0.1091250    
 -0.1142894     -0.1195511     -0.1248949     -0.1303371     -0.1358577    
 -1.5517179E-03 -1.7554564E-03 -1.9579104E-03 -2.1488182E-03 -2.3244889E-03
 -2.5146441E-03 -2.5935066E-03 -2.4511488E-03 -2.1150392E-03 -2.4473849E-03
 -2.7189036E-03 -2.1294728E-03 -2.9612295E-03 -3.8485201E-03 -3.3829669E-03
 -4.2928508E-03 -5.1689604E-03 -4.6878094E-03 -5.5868588E-03 -6.4975494E-03
 -6.0736113E-03 -6.9720703E-03 -7.8682154E-03 -7.4997754E-03 -8.4054880E-03
 -9.2941541E-03 -8.9701861E-03 -9.8534459E-03 -1.0744192E-02 -1.0507474E-02
 -1.1315611E-02 -1.2111848E-02 -1.2899723E-02 -1.3729703E-02 -1.4529862E-02
 -1.5409581E-02 -1.6233824E-02 -1.7136121E-02 -1.8007679E-02 -1.8931426E-02
 -1.9799963E-02 -2.0762876E-02 -2.1654353E-02 -2.2625264E-02 -2.3549229E-02
 -2.4542855E-02 -2.5484469E-02 -2.6523506E-02 -2.7476128E-02 -2.8510213E-02
 -5.8058858E-02 -5.7333376E-02 -5.7333611E-02  0.1978422      0.2314176    
  0.2532102      0.3828131      0.4441004      0.5054414     -0.3813973    
  4.6195637E-02  6.0095146E-02 -0.7107967     -0.2190209     -0.2320957    
 -0.6777194     -0.1507002     -0.1501413     -0.6739678     -0.1431036    
 -0.1499050     -0.6632149     -0.1461233     -0.1574474     -0.6496714    
 -0.1372984     -0.1517264     -0.6264077     -0.1394885     -0.1463511    
 -0.4777782     -0.1389113     -0.4568272     -0.1260857     -0.4255174    
 -0.1232322     -0.3832908     -0.1183540     -0.3460115     -0.1033980    
 -0.2981458     -0.1033515     -0.2411366     -9.6586719E-02 -0.1889569    
 -8.4955417E-02 -0.1315548     -8.2476154E-02 -5.8825415E-02 -7.3320679E-02
  0.1169628      0.1169677      0.1169677      7.1429819E-02 -1.0060020E-02
 -9.0494759E-02 -0.1732385     -0.2584395     -0.3333339     -0.4050358    
 -0.4505724     -0.4630207     -0.3226672     -0.4251311     -0.4011433    
 -0.2895325     -0.3755472     -0.3617876     -0.2604189     -0.3360903    
 -0.3229082     -0.2343230     -0.2958062     -0.2813266     -0.2058118    
 -0.2541142     -0.2394985     -0.1780808     -0.2128958     -0.1993285    
 -0.1623487     -0.1631662     -0.1289090     -0.1242380     -9.5903836E-02
 -8.6487457E-02 -6.3554838E-02 -5.0629403E-02 -3.1511426E-02 -1.6520478E-02
 -1.0462478E-05  1.6153889E-02  3.1222567E-02  4.7601327E-02  6.2059660E-02
  7.8041740E-02  9.2306301E-02  0.1072347      0.1215283      0.1351953    
 -0.9914378     -0.9914794     -0.9914795     -0.9776279     -0.9728025    
 -0.9631694     -0.9074374     -0.8578951     -0.7958754     -0.8309525    
 -0.8915439     -0.8843079     -0.6250231     -0.8782331     -0.8861239    
 -0.6759197     -0.9144691     -0.9200909     -0.6913389     -0.9308946    
 -0.9344831     -0.7108015     -0.9440056     -0.9466075     -0.7318256    
 -0.9573793     -0.9589680     -0.7588812     -0.9670669     -0.9689425    
 -0.8633487     -0.9767703     -0.8801656     -0.9842090     -0.8998541    
 -0.9886020     -0.9214385     -0.9916798     -0.9377010     -0.9945029    
 -0.9545203     -0.9945136     -0.9699888     -0.9941856     -0.9800224    
 -0.9933237     -0.9870020     -0.9908069     -0.9908434     -0.9881025    
    3.00938E+02   ! Azimuth index: 108 in degrees
  2.7144760E-02  3.0638095E-02  3.4131426E-02  3.7624758E-02  4.1118093E-02
  4.4611424E-02  4.8104759E-02  5.1598094E-02  5.5091426E-02  5.8584761E-02
  6.2078092E-02  6.5571427E-02  6.9064766E-02  7.2558090E-02  7.6051429E-02
  7.9544768E-02  8.3038092E-02  8.6531430E-02  9.0024769E-02  9.3518093E-02
  9.7011432E-02  0.1005048      0.1039981      0.1074914      0.1109848    
  0.1144781      0.1179714      0.1214648      0.1249581      0.1284514    
  0.1328181      0.1380581      0.1432981      0.1485381      0.1537781    
  0.1590181      0.1642581      0.1694981      0.1747381      0.1799781    
  0.1852181      0.1904581      0.1956981      0.2009381      0.2061781    
  0.2114181      0.2166581      0.2218981      0.2271381      0.2323781    
  0.0000000E+00  0.0000000E+00  0.0000000E+00  2.1729549E-05  6.5223212E-05
  1.0833047E-04 -3.4858345E-04 -1.2774649E-03 -2.1360943E-03 -3.4056823E-03
 -4.9988450E-03 -6.4512468E-03 -8.2253711E-03 -1.0104306E-02 -1.1773271E-02
 -1.3700267E-02 -1.5696298E-02 -1.7531034E-02 -1.9566886E-02 -2.1653112E-02
 -2.3607137E-02 -2.5727717E-02 -2.7898613E-02 -2.9970046E-02 -3.2181185E-02
 -3.4449756E-02 -3.6651503E-02 -3.8974240E-02 -4.1366681E-02 -4.3720901E-02
 -4.6801344E-02 -5.0589204E-02 -5.4477774E-02 -5.8487117E-02 -6.2593900E-02
 -6.6813804E-02 -7.1127415E-02 -7.5545445E-02 -8.0056950E-02 -8.4667452E-02
 -8.9371786E-02 -9.4170310E-02 -9.9063419E-02 -0.1040463     -0.1091250    
 -0.1142894     -0.1195511     -0.1248949     -0.1303371     -0.1358577    
 -1.5536371E-03 -1.7575601E-03 -1.9601886E-03 -2.1512611E-03 -2.3270759E-03
 -2.5173612E-03 -2.5963506E-03 -2.4541104E-03 -2.1180976E-03 -2.4505253E-03
 -2.7221134E-03 -2.1327371E-03 -2.9645357E-03 -3.8518477E-03 -3.3863010E-03
 -4.2961868E-03 -5.1722862E-03 -4.6911095E-03 -5.5901231E-03 -6.5007647E-03
 -6.0767522E-03 -6.9751265E-03 -7.8711798E-03 -7.5026313E-03 -8.4082307E-03
 -9.2967637E-03 -8.9726401E-03 -9.8557407E-03 -1.0746325E-02 -1.0509424E-02
 -1.1317305E-02 -1.2113219E-02 -1.2900729E-02 -1.3730312E-02 -1.4530050E-02
 -1.5409322E-02 -1.6233079E-02 -1.7134860E-02 -1.8005874E-02 -1.8929053E-02
 -1.9796982E-02 -2.0759260E-02 -2.1650083E-02 -2.2620298E-02 -2.3543531E-02
 -2.4536408E-02 -2.5477244E-02 -2.6515471E-02 -2.7467251E-02 -2.8500458E-02
 -5.8113590E-02 -5.7382647E-02 -5.7382997E-02  0.1978008      0.2313825    
  0.2531774      0.3827848      0.4440790      0.5054268     -0.3814135    
  4.6180218E-02  6.0083151E-02 -0.7107999     -0.2190229     -0.2320972    
 -0.6777190     -0.1506957     -0.1501326     -0.6739635     -0.1430881    
 -0.1498815     -0.6632055     -0.1460960     -0.1574173     -0.6496576    
 -0.1372572     -0.1516837     -0.6263865     -0.1394443     -0.1462950    
 -0.4777394     -0.1388485     -0.4567758     -0.1260096     -0.4254568    
 -0.1231454     -0.3832152     -0.1182549     -0.3459240     -0.1032885    
 -0.2980412     -0.1032317     -0.2410197     -9.6451297E-02 -0.1888231    
 -8.4813438E-02 -0.1314066     -8.2322687E-02 -5.8662582E-02 -7.3154576E-02
  0.1169624      0.1169674      0.1169673      7.1430437E-02 -1.0060104E-02
 -9.0495571E-02 -0.1732406     -0.2584425     -0.3333372     -0.4050329    
 -0.4505727     -0.4630210     -0.3226657     -0.4251308     -0.4011432    
 -0.2895326     -0.3755474     -0.3617880     -0.2604203     -0.3360910    
 -0.3229094     -0.2343256     -0.2958074     -0.2813280     -0.2058150    
 -0.2541157     -0.2395000     -0.1780847     -0.2128972     -0.1993302    
 -0.1623527     -0.1631676     -0.1289128     -0.1242392     -9.5906861E-02
 -8.6488388E-02 -6.3557006E-02 -5.0630018E-02 -3.1512510E-02 -1.6520666E-02
 -1.0490417E-05  1.6154036E-02  3.1223500E-02  4.7602024E-02  6.2061310E-02
  7.8042716E-02  9.2308179E-02  0.1072361      0.1215295      0.1351970    
 -0.9914346     -0.9914767     -0.9914766     -0.9776363     -0.9728108    
 -0.9631780     -0.9074489     -0.8579052     -0.7958833     -0.8309464    
 -0.8915445     -0.8843086     -0.6250203     -0.8782327     -0.8861235    
 -0.6759200     -0.9144697     -0.9200921     -0.6913427     -0.9308968    
 -0.9344865     -0.7108094     -0.9440095     -0.9466121     -0.7318369    
 -0.9573849     -0.9589744     -0.7588978     -0.9670730     -0.9689506    
 -0.8633694     -0.9767791     -0.8801917     -0.9842185     -0.8998825    
 -0.9886127     -0.9214698     -0.9916916     -0.9377332     -0.9945143    
 -0.9545530     -0.9945261     -0.9700179     -0.9941987     -0.9800481    
 -0.9933358     -0.9870216     -0.9908196     -0.9908528     -0.9881145    
    3.03750E+02   ! Azimuth index: 109 in degrees
  2.7144760E-02  3.0638095E-02  3.4131426E-02  3.7624758E-02  4.1118093E-02
  4.4611424E-02  4.8104759E-02  5.1598094E-02  5.5091426E-02  5.8584761E-02
  6.2078092E-02  6.5571427E-02  6.9064766E-02  7.2558090E-02  7.6051429E-02
  7.9544768E-02  8.3038092E-02  8.6531430E-02  9.0024769E-02  9.3518093E-02
  9.7011432E-02  0.1005048      0.1039981      0.1074914      0.1109848    
  0.1144781      0.1179714      0.1214648      0.1249581      0.1284514    
  0.1328181      0.1380581      0.1432981      0.1485381      0.1537781    
  0.1590181      0.1642581      0.1694981      0.1747381      0.1799781    
  0.1852181      0.1904581      0.1956981      0.2009381      0.2061781    
  0.2114181      0.2166581      0.2218981      0.2271381      0.2323781    
  0.0000000E+00  0.0000000E+00  0.0000000E+00  2.1729549E-05  6.5223212E-05
  1.0833047E-04 -3.4858345E-04 -1.2774649E-03 -2.1360943E-03 -3.4056823E-03
 -4.9988450E-03 -6.4512468E-03 -8.2253711E-03 -1.0104306E-02 -1.1773271E-02
 -1.3700267E-02 -1.5696298E-02 -1.7531034E-02 -1.9566886E-02 -2.1653112E-02
 -2.3607137E-02 -2.5727717E-02 -2.7898613E-02 -2.9970046E-02 -3.2181185E-02
 -3.4449756E-02 -3.6651503E-02 -3.8974240E-02 -4.1366681E-02 -4.3720901E-02
 -4.6801344E-02 -5.0589204E-02 -5.4477774E-02 -5.8487117E-02 -6.2593900E-02
 -6.6813804E-02 -7.1127415E-02 -7.5545445E-02 -8.0056950E-02 -8.4667452E-02
 -8.9371786E-02 -9.4170310E-02 -9.9063419E-02 -0.1040463     -0.1091250    
 -0.1142894     -0.1195511     -0.1248949     -0.1303371     -0.1358577    
 -1.5558831E-03 -1.7600283E-03 -1.9628687E-03 -2.1541410E-03 -2.3301316E-03
 -2.5205784E-03 -2.5997271E-03 -2.4576352E-03 -2.1217468E-03 -2.4542841E-03
 -2.7259691E-03 -2.1366719E-03 -2.9685348E-03 -3.8558897E-03 -3.3903718E-03
 -4.3002814E-03 -5.1763910E-03 -4.6952059E-03 -5.5941986E-03 -6.5048086E-03
 -6.0807373E-03 -6.9790380E-03 -7.8750104E-03 -7.5063650E-03 -8.4118629E-03
 -9.3002710E-03 -8.9759966E-03 -9.8589435E-03 -1.0749375E-02 -1.0512294E-02
 -1.1319922E-02 -1.2115513E-02 -1.2902659E-02 -1.3731837E-02 -1.4531147E-02
 -1.5409961E-02 -1.6233221E-02 -1.7134469E-02 -1.8004926E-02 -1.8927515E-02
 -1.9794811E-02 -2.0756429E-02 -2.1646570E-02 -2.2616057E-02 -2.3538526E-02
 -2.4530616E-02 -2.5470633E-02 -2.6508009E-02 -2.7458902E-02 -2.8491184E-02
 -5.8179244E-02 -5.7442479E-02 -5.7442695E-02  0.1977502      0.2313394    
  0.2531362      0.3827493      0.4440518      0.5054078     -0.3814354    
  4.6157900E-02  6.0064655E-02 -0.7108050     -0.2190296     -0.2321043    
 -0.6777209     -0.1506961     -0.1501278     -0.6739610     -0.1430771    
 -0.1498618     -0.6631975     -0.1460715     -0.1573903     -0.6496453    
 -0.1372171     -0.1516425     -0.6263659     -0.1394027     -0.1462396    
 -0.4777004     -0.1387861     -0.4567243     -0.1259315     -0.4253952    
 -0.1230565     -0.3831373     -0.1181530     -0.3458343     -0.1031741    
 -0.2979321     -0.1031072     -0.2408972     -9.6310191E-02 -0.1886832    
 -8.4663831E-02 -0.1312509     -8.2161985E-02 -5.8490757E-02 -7.2978936E-02
  0.1169619      0.1169669      0.1169669      7.1431167E-02 -1.0060208E-02
 -9.0496570E-02 -0.1732434     -0.2584464     -0.3333415     -0.4050289    
 -0.4505732     -0.4630215     -0.3226633     -0.4251302     -0.4011424    
 -0.2895319     -0.3755474     -0.3617883     -0.2604210     -0.3360915    
 -0.3229103     -0.2343278     -0.2958085     -0.2813292     -0.2058178    
 -0.2541171     -0.2395016     -0.1780885     -0.2128984     -0.1993318    
 -0.1623566     -0.1631691     -0.1289166     -0.1242404     -9.5909916E-02
 -8.6489357E-02 -6.3559242E-02 -5.0630681E-02 -3.1513646E-02 -1.6520863E-02
 -1.0492280E-05  1.6154239E-02  3.1224452E-02  4.7602642E-02  6.2063016E-02
  7.8043677E-02  9.2310056E-02  0.1072375      0.1215308      0.1351987    
 -0.9914309     -0.9914731     -0.9914732     -0.9776464     -0.9728211    
 -0.9631886     -0.9074634     -0.8579182     -0.7958936     -0.8309385    
 -0.8915454     -0.8843096     -0.6250157     -0.8782313     -0.8861220    
 -0.6759183     -0.9144697     -0.9200928     -0.6913446     -0.9308981    
 -0.9344894     -0.7108162     -0.9440130     -0.9466162     -0.7318470    
 -0.9573902     -0.9589804     -0.7589139     -0.9670786     -0.9689586    
 -0.8633902     -0.9767877     -0.8802179     -0.9842284     -0.8999112    
 -0.9886237     -0.9215020     -0.9917038     -0.9377663     -0.9945262    
 -0.9545870     -0.9945390     -0.9700482     -0.9942124     -0.9800749    
 -0.9933485     -0.9870421     -0.9908327     -0.9908628     -0.9881272    
    3.06562E+02   ! Azimuth index: 110 in degrees
  2.7144760E-02  3.0638095E-02  3.4131426E-02  3.7624758E-02  4.1118093E-02
  4.4611424E-02  4.8104759E-02  5.1598094E-02  5.5091426E-02  5.8584761E-02
  6.2078092E-02  6.5571427E-02  6.9064766E-02  7.2558090E-02  7.6051429E-02
  7.9544768E-02  8.3038092E-02  8.6531430E-02  9.0024769E-02  9.3518093E-02
  9.7011432E-02  0.1005048      0.1039981      0.1074914      0.1109848    
  0.1144781      0.1179714      0.1214648      0.1249581      0.1284514    
  0.1328181      0.1380581      0.1432981      0.1485381      0.1537781    
  0.1590181      0.1642581      0.1694981      0.1747381      0.1799781    
  0.1852181      0.1904581      0.1956981      0.2009381      0.2061781    
  0.2114181      0.2166581      0.2218981      0.2271381      0.2323781    
  0.0000000E+00  0.0000000E+00  0.0000000E+00  2.1729549E-05  6.5223212E-05
  1.0833047E-04 -3.4858345E-04 -1.2774649E-03 -2.1360943E-03 -3.4056823E-03
 -4.9988450E-03 -6.4512468E-03 -8.2253711E-03 -1.0104306E-02 -1.1773271E-02
 -1.3700267E-02 -1.5696298E-02 -1.7531034E-02 -1.9566886E-02 -2.1653112E-02
 -2.3607137E-02 -2.5727717E-02 -2.7898613E-02 -2.9970046E-02 -3.2181185E-02
 -3.4449756E-02 -3.6651503E-02 -3.8974240E-02 -4.1366681E-02 -4.3720901E-02
 -4.6801344E-02 -5.0589204E-02 -5.4477774E-02 -5.8487117E-02 -6.2593900E-02
 -6.6813804E-02 -7.1127415E-02 -7.5545445E-02 -8.0056950E-02 -8.4667452E-02
 -8.9371786E-02 -9.4170310E-02 -9.9063419E-02 -0.1040463     -0.1091250    
 -0.1142894     -0.1195511     -0.1248949     -0.1303371     -0.1358577    
 -1.5584135E-03 -1.7628144E-03 -1.9658993E-03 -2.1574018E-03 -2.3335957E-03
 -2.5242316E-03 -2.6035686E-03 -2.4616523E-03 -2.1259123E-03 -2.4585826E-03
 -2.7303896E-03 -2.1411942E-03 -2.9731416E-03 -3.8605588E-03 -3.3950894E-03
 -4.3050423E-03 -5.1811803E-03 -4.7000018E-03 -5.5989893E-03 -6.5095816E-03
 -6.0854647E-03 -6.9837030E-03 -7.8796037E-03 -7.5108726E-03 -8.4162792E-03
 -9.3045700E-03 -8.9801503E-03 -9.8629510E-03 -1.0753234E-02 -1.0515980E-02
 -1.1323357E-02 -1.2118628E-02 -1.2905411E-02 -1.3734182E-02 -1.4533057E-02
 -1.5411409E-02 -1.6234159E-02 -1.7134862E-02 -1.8004749E-02 -1.8926732E-02
 -1.9793378E-02 -2.0754317E-02 -2.1643750E-02 -2.2612486E-02 -2.3534162E-02
 -2.4525438E-02 -2.5464602E-02 -2.6501097E-02 -2.7451068E-02 -2.8482385E-02
 -5.8254585E-02 -5.7511486E-02 -5.7511717E-02  0.1976921      0.2312894    
  0.2530875      0.3827074      0.4440196      0.5053847     -0.3814622    
  4.6129696E-02  6.0041044E-02 -0.7108116     -0.2190417     -0.2321157    
 -0.6777249     -0.1507011     -0.1501264     -0.6739603     -0.1430699    
 -0.1498451     -0.6631904     -0.1460498     -0.1573662     -0.6496342    
 -0.1371781     -0.1516034     -0.6263463     -0.1393622     -0.1461854    
 -0.4776619     -0.1387238     -0.4566728     -0.1258522     -0.4253332    
 -0.1229662     -0.3830573     -0.1180493     -0.3457422     -0.1030562    
 -0.2978202     -0.1029786     -0.2407703     -9.6164338E-02 -0.1885379    
 -8.4508412E-02 -0.1310894     -8.1995100E-02 -5.8310978E-02 -7.2796896E-02
  0.1169614      0.1169665      0.1169664      7.1432024E-02 -1.0060332E-02
 -9.0497762E-02 -0.1732467     -0.2584510     -0.3333467     -0.4050241    
 -0.4505738     -0.4630222     -0.3226602     -0.4251291     -0.4011413    
 -0.2895305     -0.3755471     -0.3617884     -0.2604212     -0.3360919    
 -0.3229112     -0.2343298     -0.2958094     -0.2813303     -0.2058204    
 -0.2541185     -0.2395030     -0.1780921     -0.2128997     -0.1993334    
 -0.1623604     -0.1631705     -0.1289205     -0.1242417     -9.5913045E-02
 -8.6490355E-02 -6.3561514E-02 -5.0631251E-02 -3.1514760E-02 -1.6521066E-02
 -1.0492280E-05  1.6154459E-02  3.1225463E-02  4.7603313E-02  6.2064778E-02
  7.8044713E-02  9.2312045E-02  0.1072390      0.1215320      0.1352005    
 -0.9914266     -0.9914692     -0.9914692     -0.9776581     -0.9728330    
 -0.9632013     -0.9074804     -0.8579334     -0.7959060     -0.8309284    
 -0.8915466     -0.8843107     -0.6250097     -0.8782290     -0.8861196    
 -0.6759151     -0.9144689     -0.9200931     -0.6913452     -0.9308992    
 -0.9344918     -0.7108221     -0.9440160     -0.9466199     -0.7318561    
 -0.9573954     -0.9589863     -0.7589292     -0.9670843     -0.9689664    
 -0.8634108     -0.9767963     -0.8802441     -0.9842384     -0.8999403    
 -0.9886348     -0.9215352     -0.9917161     -0.9378002     -0.9945384    
 -0.9546220     -0.9945524     -0.9700798     -0.9942265     -0.9801028    
 -0.9933616     -0.9870634     -0.9908464     -0.9908732     -0.9881405    
    3.09375E+02   ! Azimuth index: 111 in degrees
  2.7144760E-02  3.0638095E-02  3.4131426E-02  3.7624758E-02  4.1118093E-02
  4.4611424E-02  4.8104759E-02  5.1598094E-02  5.5091426E-02  5.8584761E-02
  6.2078092E-02  6.5571427E-02  6.9064766E-02  7.2558090E-02  7.6051429E-02
  7.9544768E-02  8.3038092E-02  8.6531430E-02  9.0024769E-02  9.3518093E-02
  9.7011432E-02  0.1005048      0.1039981      0.1074914      0.1109848    
  0.1144781      0.1179714      0.1214648      0.1249581      0.1284514    
  0.1328181      0.1380581      0.1432981      0.1485381      0.1537781    
  0.1590181      0.1642581      0.1694981      0.1747381      0.1799781    
  0.1852181      0.1904581      0.1956981      0.2009381      0.2061781    
  0.2114181      0.2166581      0.2218981      0.2271381      0.2323781    
  0.0000000E+00  0.0000000E+00  0.0000000E+00  2.1729549E-05  6.5223212E-05
  1.0833047E-04 -3.4858345E-04 -1.2774649E-03 -2.1360943E-03 -3.4056823E-03
 -4.9988450E-03 -6.4512468E-03 -8.2253711E-03 -1.0104306E-02 -1.1773271E-02
 -1.3700267E-02 -1.5696298E-02 -1.7531034E-02 -1.9566886E-02 -2.1653112E-02
 -2.3607137E-02 -2.5727717E-02 -2.7898613E-02 -2.9970046E-02 -3.2181185E-02
 -3.4449756E-02 -3.6651503E-02 -3.8974240E-02 -4.1366681E-02 -4.3720901E-02
 -4.6801344E-02 -5.0589204E-02 -5.4477774E-02 -5.8487117E-02 -6.2593900E-02
 -6.6813804E-02 -7.1127415E-02 -7.5545445E-02 -8.0056950E-02 -8.4667452E-02
 -8.9371786E-02 -9.4170310E-02 -9.9063419E-02 -0.1040463     -0.1091250    
 -0.1142894     -0.1195511     -0.1248949     -0.1303371     -0.1358577    
 -1.5611728E-03 -1.7658562E-03 -1.9692117E-03 -2.1609699E-03 -2.3373894E-03
 -2.5282369E-03 -2.6077863E-03 -2.4660681E-03 -2.1304958E-03 -2.4633193E-03
 -2.7352683E-03 -2.1461938E-03 -2.9782420E-03 -3.8657375E-03 -3.4003337E-03
 -4.3103462E-03 -5.1865280E-03 -4.7053699E-03 -5.6043630E-03 -6.5149516E-03
 -6.0908026E-03 -6.9889883E-03 -7.8848265E-03 -7.5160186E-03 -8.4213447E-03
 -9.3095247E-03 -8.9849643E-03 -9.8676253E-03 -1.0757769E-02 -1.0520348E-02
 -1.1327478E-02 -1.2122432E-02 -1.2908855E-02 -1.3737218E-02 -1.4535658E-02
 -1.5413544E-02 -1.6235780E-02 -1.7135937E-02 -1.8005248E-02 -1.8926617E-02
 -1.9792598E-02 -2.0752843E-02 -2.1641552E-02 -2.2609519E-02 -2.3530386E-02
 -2.4520824E-02 -2.5459118E-02 -2.6494710E-02 -2.7443731E-02 -2.8474055E-02
 -5.8337532E-02 -5.7587989E-02 -5.7588015E-02  0.1976275      0.2312337    
  0.2530327      0.3826603      0.4439831      0.5053587     -0.3814940    
  4.6096012E-02  6.0012516E-02 -0.7108198     -0.2190572     -0.2321318    
 -0.6777305     -0.1507100     -0.1501278     -0.6739609     -0.1430664    
 -0.1498316     -0.6631843     -0.1460306     -0.1573446     -0.6496244    
 -0.1371404     -0.1515655     -0.6263279     -0.1393246     -0.1461320    
 -0.4776237     -0.1386626     -0.4566215     -0.1257724     -0.4252712    
 -0.1228750     -0.3829765     -0.1179446     -0.3456492     -0.1029359    
 -0.2977061     -0.1028476     -0.2406401     -9.6015319E-02 -0.1883891    
 -8.4349275E-02 -0.1309240     -8.1824012E-02 -5.8125827E-02 -7.2609529E-02
  0.1169608      0.1169660      0.1169660      7.1432978E-02 -1.0060472E-02
 -9.0499118E-02 -0.1732503     -0.2584562     -0.3333526     -0.4050183    
 -0.4505745     -0.4630230     -0.3226565     -0.4251275     -0.4011397    
 -0.2895284     -0.3755466     -0.3617883     -0.2604210     -0.3360921    
 -0.3229119     -0.2343315     -0.2958103     -0.2813312     -0.2058226    
 -0.2541198     -0.2395044     -0.1780954     -0.2129008     -0.1993350    
 -0.1623642     -0.1631719     -0.1289243     -0.1242430     -9.5916092E-02
 -8.6491309E-02 -6.3563824E-02 -5.0631899E-02 -3.1515911E-02 -1.6521273E-02
 -1.0492280E-05  1.6154708E-02  3.1226566E-02  4.7604002E-02  6.2066548E-02
  7.8045800E-02  9.2314124E-02  0.1072405      0.1215334      0.1352024    
 -0.9914217     -0.9914648     -0.9914649     -0.9776711     -0.9728462    
 -0.9632157     -0.9074996     -0.8579507     -0.7959200     -0.8309167    
 -0.8915479     -0.8843123     -0.6250024     -0.8782258     -0.8861160    
 -0.6759102     -0.9144678     -0.9200928     -0.6913447     -0.9308996    
 -0.9344937     -0.7108273     -0.9440187     -0.9466231     -0.7318642    
 -0.9574005     -0.9589919     -0.7589436     -0.9670894     -0.9689743    
 -0.8634312     -0.9768048     -0.8802701     -0.9842484     -0.8999693    
 -0.9886461     -0.9215686     -0.9917285     -0.9378345     -0.9945509    
 -0.9546576     -0.9945660     -0.9701120     -0.9942409     -0.9801312    
 -0.9933751     -0.9870852     -0.9908605     -0.9908839     -0.9881540    
    3.12188E+02   ! Azimuth index: 112 in degrees
  2.7144760E-02  3.0638095E-02  3.4131426E-02  3.7624758E-02  4.1118093E-02
  4.4611424E-02  4.8104759E-02  5.1598094E-02  5.5091426E-02  5.8584761E-02
  6.2078092E-02  6.5571427E-02  6.9064766E-02  7.2558090E-02  7.6051429E-02
  7.9544768E-02  8.3038092E-02  8.6531430E-02  9.0024769E-02  9.3518093E-02
  9.7011432E-02  0.1005048      0.1039981      0.1074914      0.1109848    
  0.1144781      0.1179714      0.1214648      0.1249581      0.1284514    
  0.1328181      0.1380581      0.1432981      0.1485381      0.1537781    
  0.1590181      0.1642581      0.1694981      0.1747381      0.1799781    
  0.1852181      0.1904581      0.1956981      0.2009381      0.2061781    
  0.2114181      0.2166581      0.2218981      0.2271381      0.2323781    
  0.0000000E+00  0.0000000E+00  0.0000000E+00  2.1729549E-05  6.5223212E-05
  1.0833047E-04 -3.4858345E-04 -1.2774649E-03 -2.1360943E-03 -3.4056823E-03
 -4.9988450E-03 -6.4512468E-03 -8.2253711E-03 -1.0104306E-02 -1.1773271E-02
 -1.3700267E-02 -1.5696298E-02 -1.7531034E-02 -1.9566886E-02 -2.1653112E-02
 -2.3607137E-02 -2.5727717E-02 -2.7898613E-02 -2.9970046E-02 -3.2181185E-02
 -3.4449756E-02 -3.6651503E-02 -3.8974240E-02 -4.1366681E-02 -4.3720901E-02
 -4.6801344E-02 -5.0589204E-02 -5.4477774E-02 -5.8487117E-02 -6.2593900E-02
 -6.6813804E-02 -7.1127415E-02 -7.5545445E-02 -8.0056950E-02 -8.4667452E-02
 -8.9371786E-02 -9.4170310E-02 -9.9063419E-02 -0.1040463     -0.1091250    
 -0.1142894     -0.1195511     -0.1248949     -0.1303371     -0.1358577    
 -1.5640829E-03 -1.7690676E-03 -1.9727126E-03 -2.1647438E-03 -2.3414050E-03
 -2.5324803E-03 -2.6122588E-03 -2.4707546E-03 -2.1353653E-03 -2.4683564E-03
 -2.7404632E-03 -2.1515242E-03 -2.9836865E-03 -3.8712732E-03 -3.4059496E-03
 -4.3160357E-03 -5.1922761E-03 -4.7111493E-03 -5.6101596E-03 -6.5207565E-03
 -6.0965861E-03 -6.9947299E-03 -7.8905150E-03 -7.5216414E-03 -8.4268972E-03
 -9.3149766E-03 -8.9902841E-03 -9.8728146E-03 -1.0762828E-02 -1.0525249E-02
 -1.1332141E-02 -1.2126788E-02 -1.2912863E-02 -1.3740827E-02 -1.4538839E-02
 -1.5416268E-02 -1.6237998E-02 -1.7137609E-02 -1.8006351E-02 -1.8927108E-02
 -1.9792428E-02 -2.0751985E-02 -2.1639977E-02 -2.2607174E-02 -2.3527231E-02
 -2.4516832E-02 -2.5454255E-02 -2.6488941E-02 -2.7437009E-02 -2.8466336E-02
 -5.8425996E-02 -5.7669543E-02 -5.7669796E-02  0.1975585      0.2311742    
  0.2529734      0.3826093      0.4439436      0.5053305     -0.3815288    
  4.6058271E-02  5.9981037E-02 -0.7108291     -0.2190763     -0.2321512    
 -0.6777378     -0.1507225     -0.1501319     -0.6739631     -0.1430655    
 -0.1498208     -0.6631793     -0.1460143     -0.1573258     -0.6496158    
 -0.1371044     -0.1515303     -0.6263106     -0.1392890     -0.1460813    
 -0.4775869     -0.1386033     -0.4565716     -0.1256939     -0.4252104    
 -0.1227854     -0.3828965     -0.1178408     -0.3455571     -0.1028162    
 -0.2975926     -0.1027172     -0.2405104     -9.5866494E-02 -0.1882401    
 -8.4190063E-02 -0.1307585     -8.1652716E-02 -5.7939641E-02 -7.2421588E-02
  0.1169602      0.1169654      0.1169654      7.1433984E-02 -1.0060612E-02
 -9.0500563E-02 -0.1732543     -0.2584618     -0.3333589     -0.4050120    
 -0.4505753     -0.4630239     -0.3226521     -0.4251257     -0.4011379    
 -0.2895258     -0.3755459     -0.3617881     -0.2604204     -0.3360921    
 -0.3229124     -0.2343329     -0.2958110     -0.2813321     -0.2058247    
 -0.2541211     -0.2395058     -0.1780986     -0.2129019     -0.1993365    
 -0.1623680     -0.1631733     -0.1289280     -0.1242442     -9.5919140E-02
 -8.6492300E-02 -6.3566118E-02 -5.0632559E-02 -3.1517077E-02 -1.6521480E-02
 -1.0490417E-05  1.6154926E-02  3.1227559E-02  4.7604650E-02  6.2068351E-02
  7.8046799E-02  9.2316069E-02  0.1072420      0.1215347      0.1352043    
 -0.9914165     -0.9914602     -0.9914601     -0.9776850     -0.9728604    
 -0.9632311     -0.9075203     -0.8579695     -0.7959353     -0.8309037    
 -0.8915495     -0.8843140     -0.6249940     -0.8782220     -0.8861119    
 -0.6759041     -0.9144660     -0.9200923     -0.6913429     -0.9308997    
 -0.9344953     -0.7108315     -0.9440210     -0.9466261     -0.7318712    
 -0.9574053     -0.9589971     -0.7589571     -0.9670943     -0.9689816    
 -0.8634509     -0.9768130     -0.8802954     -0.9842583     -0.8999976    
 -0.9886571     -0.9216017     -0.9917408     -0.9378684     -0.9945632    
 -0.9546930     -0.9945794     -0.9701442     -0.9942552     -0.9801598    
 -0.9933885     -0.9871069     -0.9908743     -0.9908947     -0.9881675    
    3.15000E+02   ! Azimuth index: 113 in degrees
  2.7144760E-02  3.0638095E-02  3.4131426E-02  3.7624758E-02  4.1118093E-02
  4.4611424E-02  4.8104759E-02  5.1598094E-02  5.5091426E-02  5.8584761E-02
  6.2078092E-02  6.5571427E-02  6.9064766E-02  7.2558090E-02  7.6051429E-02
  7.9544768E-02  8.3038092E-02  8.6531430E-02  9.0024769E-02  9.3518093E-02
  9.7011432E-02  0.1005048      0.1039981      0.1074914      0.1109848    
  0.1144781      0.1179714      0.1214648      0.1249581      0.1284514    
  0.1328181      0.1380581      0.1432981      0.1485381      0.1537781    
  0.1590181      0.1642581      0.1694981      0.1747381      0.1799781    
  0.1852181      0.1904581      0.1956981      0.2009381      0.2061781    
  0.2114181      0.2166581      0.2218981      0.2271381      0.2323781    
  0.0000000E+00  0.0000000E+00  0.0000000E+00  2.1729549E-05  6.5223212E-05
  1.0833047E-04 -3.4858345E-04 -1.2774649E-03 -2.1360943E-03 -3.4056823E-03
 -4.9988450E-03 -6.4512468E-03 -8.2253711E-03 -1.0104306E-02 -1.1773271E-02
 -1.3700267E-02 -1.5696298E-02 -1.7531034E-02 -1.9566886E-02 -2.1653112E-02
 -2.3607137E-02 -2.5727717E-02 -2.7898613E-02 -2.9970046E-02 -3.2181185E-02
 -3.4449756E-02 -3.6651503E-02 -3.8974240E-02 -4.1366681E-02 -4.3720901E-02
 -4.6801344E-02 -5.0589204E-02 -5.4477774E-02 -5.8487117E-02 -6.2593900E-02
 -6.6813804E-02 -7.1127415E-02 -7.5545445E-02 -8.0056950E-02 -8.4667452E-02
 -8.9371786E-02 -9.4170310E-02 -9.9063419E-02 -0.1040463     -0.1091250    
 -0.1142894     -0.1195511     -0.1248949     -0.1303371     -0.1358577    
 -1.5670803E-03 -1.7723780E-03 -1.9763238E-03 -2.1686393E-03 -2.3455520E-03
 -2.5368654E-03 -2.6168851E-03 -2.4756065E-03 -2.1404098E-03 -2.4735788E-03
 -2.7458547E-03 -2.1570618E-03 -2.9893476E-03 -3.8770363E-03 -3.4118029E-03
 -4.3219738E-03 -5.1982822E-03 -4.7171977E-03 -5.6162346E-03 -6.5268502E-03
 -6.1026695E-03 -7.0007807E-03 -7.8965221E-03 -7.5275931E-03 -8.4327888E-03
 -9.3207760E-03 -8.9959614E-03 -9.8783709E-03 -1.0768265E-02 -1.0530537E-02
 -1.1337203E-02 -1.2131558E-02 -1.2917299E-02 -1.3744877E-02 -1.4542473E-02
 -1.5419461E-02 -1.6240695E-02 -1.7139776E-02 -1.8007964E-02 -1.8928122E-02
 -1.9792793E-02 -2.0751677E-02 -2.1638962E-02 -2.2605401E-02 -2.3524664E-02
 -2.4513438E-02 -2.5450002E-02 -2.6483797E-02 -2.7430926E-02 -2.8459266E-02
 -5.8517717E-02 -5.7754572E-02 -5.7754692E-02  0.1974868      0.2311119    
  0.2529112      0.3825556      0.4439020      0.5053006     -0.3815657    
  4.6017896E-02  5.9946995E-02 -0.7108391     -0.2190985     -0.2321730    
 -0.6777460     -0.1507375     -0.1501382     -0.6739661     -0.1430681    
 -0.1498130     -0.6631752     -0.1460004     -0.1573101     -0.6496086    
 -0.1370710     -0.1514973     -0.6262949     -0.1392561     -0.1460335    
 -0.4775516     -0.1385467     -0.4565238     -0.1256173     -0.4251518    
 -0.1226980     -0.3828181     -0.1177402     -0.3454672     -0.1026983    
 -0.2974813     -0.1025903     -0.2403818     -9.5720604E-02 -0.1880934    
 -8.4032685E-02 -0.1305954     -8.1483744E-02 -5.7755418E-02 -7.2236173E-02
  0.1169596      0.1169648      0.1169648      7.1435049E-02 -1.0060771E-02
 -9.0502083E-02 -0.1732585     -0.2584678     -0.3333658     -0.4050053    
 -0.4505761     -0.4630248     -0.3226475     -0.4251235     -0.4011357    
 -0.2895228     -0.3755451     -0.3617877     -0.2604194     -0.3360920    
 -0.3229128     -0.2343340     -0.2958116     -0.2813328     -0.2058264    
 -0.2541223     -0.2395070     -0.1781015     -0.2129029     -0.1993379    
 -0.1623715     -0.1631746     -0.1289316     -0.1242454     -9.5922060E-02
 -8.6493239E-02 -6.3568339E-02 -5.0633147E-02 -3.1518187E-02 -1.6521681E-02
 -1.0494143E-05  1.6155139E-02  3.1228591E-02  4.7605325E-02  6.2070128E-02
  7.8047872E-02  9.2318118E-02  0.1072435      0.1215360      0.1352062    
 -0.9914112     -0.9914553     -0.9914553     -0.9776994     -0.9728751    
 -0.9632473     -0.9075422     -0.8579892     -0.7959514     -0.8308900    
 -0.8915512     -0.8843157     -0.6249850     -0.8782175     -0.8861071    
 -0.6758971     -0.9144639     -0.9200913     -0.6913403     -0.9308994    
 -0.9344963     -0.7108349     -0.9440230     -0.9466285     -0.7318772    
 -0.9574098     -0.9590021     -0.7589694     -0.9670988     -0.9689885    
 -0.8634698     -0.9768208     -0.8803197     -0.9842680     -0.9000250    
 -0.9886678     -0.9216341     -0.9917527     -0.9379014     -0.9945754    
 -0.9547277     -0.9945925     -0.9701760     -0.9942693     -0.9801878    
 -0.9934018     -0.9871283     -0.9908881     -0.9909053     -0.9881808    
    3.17812E+02   ! Azimuth index: 114 in degrees
  2.7144760E-02  3.0638095E-02  3.4131426E-02  3.7624758E-02  4.1118093E-02
  4.4611424E-02  4.8104759E-02  5.1598094E-02  5.5091426E-02  5.8584761E-02
  6.2078092E-02  6.5571427E-02  6.9064766E-02  7.2558090E-02  7.6051429E-02
  7.9544768E-02  8.3038092E-02  8.6531430E-02  9.0024769E-02  9.3518093E-02
  9.7011432E-02  0.1005048      0.1039981      0.1074914      0.1109848    
  0.1144781      0.1179714      0.1214648      0.1249581      0.1284514    
  0.1328181      0.1380581      0.1432981      0.1485381      0.1537781    
  0.1590181      0.1642581      0.1694981      0.1747381      0.1799781    
  0.1852181      0.1904581      0.1956981      0.2009381      0.2061781    
  0.2114181      0.2166581      0.2218981      0.2271381      0.2323781    
  0.0000000E+00  0.0000000E+00  0.0000000E+00  2.1729549E-05  6.5223212E-05
  1.0833047E-04 -3.4858345E-04 -1.2774649E-03 -2.1360943E-03 -3.4056823E-03
 -4.9988450E-03 -6.4512468E-03 -8.2253711E-03 -1.0104306E-02 -1.1773271E-02
 -1.3700267E-02 -1.5696298E-02 -1.7531034E-02 -1.9566886E-02 -2.1653112E-02
 -2.3607137E-02 -2.5727717E-02 -2.7898613E-02 -2.9970046E-02 -3.2181185E-02
 -3.4449756E-02 -3.6651503E-02 -3.8974240E-02 -4.1366681E-02 -4.3720901E-02
 -4.6801344E-02 -5.0589204E-02 -5.4477774E-02 -5.8487117E-02 -6.2593900E-02
 -6.6813804E-02 -7.1127415E-02 -7.5545445E-02 -8.0056950E-02 -8.4667452E-02
 -8.9371786E-02 -9.4170310E-02 -9.9063419E-02 -0.1040463     -0.1091250    
 -0.1142894     -0.1195511     -0.1248949     -0.1303371     -0.1358577    
 -1.5701125E-03 -1.7757295E-03 -1.9799825E-03 -2.1725884E-03 -2.3497581E-03
 -2.5413160E-03 -2.6215836E-03 -2.4805372E-03 -2.1455395E-03 -2.4788938E-03
 -2.7513464E-03 -2.1627075E-03 -2.9951250E-03 -3.8829232E-03 -3.4177895E-03
 -4.3280544E-03 -5.2044410E-03 -4.7234064E-03 -5.6224782E-03 -6.5331226E-03
 -6.1089420E-03 -7.0070298E-03 -7.9027377E-03 -7.5337635E-03 -8.4389104E-03
 -9.3268156E-03 -9.0018883E-03 -9.8841880E-03 -1.0773974E-02 -1.0536112E-02
 -1.1342566E-02 -1.2136646E-02 -1.2922073E-02 -1.3749284E-02 -1.4546486E-02
 -1.5423052E-02 -1.6243812E-02 -1.7142385E-02 -1.8010039E-02 -1.8929623E-02
 -1.9793667E-02 -2.0751899E-02 -2.1638500E-02 -2.2604207E-02 -2.3522697E-02
 -2.4510674E-02 -2.5446402E-02 -2.6479334E-02 -2.7425550E-02 -2.8452933E-02
 -5.8611229E-02 -5.7841219E-02 -5.7841372E-02  0.1974133      0.2310484    
  0.2528471      0.3825004      0.4438591      0.5052693     -0.3816045    
  4.5975491E-02  5.9910204E-02 -0.7108498     -0.2191227     -0.2321970    
 -0.6777553     -0.1507549     -0.1501465     -0.6739702     -0.1430731    
 -0.1498080     -0.6631719     -0.1459896     -0.1572971     -0.6496027    
 -0.1370399     -0.1514673     -0.6262805     -0.1392271     -0.1459888    
 -0.4775184     -0.1384936     -0.4564785     -0.1255442     -0.4250961    
 -0.1226147     -0.3827431     -0.1176433     -0.3453811     -0.1025846    
 -0.2973739     -0.1024668     -0.2402578     -9.5579073E-02 -0.1879515    
 -8.3879687E-02 -0.1304374     -8.1320301E-02 -5.7576057E-02 -7.2055817E-02
  0.1169590      0.1169642      0.1169642      7.1436115E-02 -1.0060921E-02
 -9.0503655E-02 -0.1732627     -0.2584739     -0.3333728     -0.4049984    
 -0.4505770     -0.4630258     -0.3226426     -0.4251211     -0.4011333    
 -0.2895194     -0.3755441     -0.3617873     -0.2604180     -0.3360918    
 -0.3229130     -0.2343349     -0.2958121     -0.2813334     -0.2058277    
 -0.2541234     -0.2395081     -0.1781041     -0.2129038     -0.1993393    
 -0.1623749     -0.1631758     -0.1289349     -0.1242466     -9.5924817E-02
 -8.6494140E-02 -6.3570499E-02 -5.0633758E-02 -3.1519257E-02 -1.6521877E-02
 -1.0494143E-05  1.6155345E-02  3.1229578E-02  4.7606014E-02  6.2071875E-02
  7.8048877E-02  9.2320055E-02  0.1072450      0.1215373      0.1352079    
 -0.9914058     -0.9914503     -0.9914504     -0.9777141     -0.9728903    
 -0.9632640     -0.9075646     -0.8580096     -0.7959684     -0.8308757    
 -0.8915529     -0.8843177     -0.6249755     -0.8782126     -0.8861018    
 -0.6758893     -0.9144614     -0.9200903     -0.6913368     -0.9308987    
 -0.9344971     -0.7108376     -0.9440245     -0.9466305     -0.7318820    
 -0.9574140     -0.9590065     -0.7589807     -0.9671028     -0.9689949    
 -0.8634875     -0.9768282     -0.8803426     -0.9842771     -0.9000510    
 -0.9886781     -0.9216651     -0.9917642     -0.9379331     -0.9945871    
 -0.9547611     -0.9946052     -0.9702067     -0.9942828     -0.9802149    
 -0.9934146     -0.9871490     -0.9909013     -0.9909156     -0.9881938    
    3.20625E+02   ! Azimuth index: 115 in degrees
  2.7144760E-02  3.0638095E-02  3.4131426E-02  3.7624758E-02  4.1118093E-02
  4.4611424E-02  4.8104759E-02  5.1598094E-02  5.5091426E-02  5.8584761E-02
  6.2078092E-02  6.5571427E-02  6.9064766E-02  7.2558090E-02  7.6051429E-02
  7.9544768E-02  8.3038092E-02  8.6531430E-02  9.0024769E-02  9.3518093E-02
  9.7011432E-02  0.1005048      0.1039981      0.1074914      0.1109848    
  0.1144781      0.1179714      0.1214648      0.1249581      0.1284514    
  0.1328181      0.1380581      0.1432981      0.1485381      0.1537781    
  0.1590181      0.1642581      0.1694981      0.1747381      0.1799781    
  0.1852181      0.1904581      0.1956981      0.2009381      0.2061781    
  0.2114181      0.2166581      0.2218981      0.2271381      0.2323781    
  0.0000000E+00  0.0000000E+00  0.0000000E+00  2.1729549E-05  6.5223212E-05
  1.0833047E-04 -3.4858345E-04 -1.2774649E-03 -2.1360943E-03 -3.4056823E-03
 -4.9988450E-03 -6.4512468E-03 -8.2253711E-03 -1.0104306E-02 -1.1773271E-02
 -1.3700267E-02 -1.5696298E-02 -1.7531034E-02 -1.9566886E-02 -2.1653112E-02
 -2.3607137E-02 -2.5727717E-02 -2.7898613E-02 -2.9970046E-02 -3.2181185E-02
 -3.4449756E-02 -3.6651503E-02 -3.8974240E-02 -4.1366681E-02 -4.3720901E-02
 -4.6801344E-02 -5.0589204E-02 -5.4477774E-02 -5.8487117E-02 -6.2593900E-02
 -6.6813804E-02 -7.1127415E-02 -7.5545445E-02 -8.0056950E-02 -8.4667452E-02
 -8.9371786E-02 -9.4170310E-02 -9.9063419E-02 -0.1040463     -0.1091250    
 -0.1142894     -0.1195511     -0.1248949     -0.1303371     -0.1358577    
 -1.5731185E-03 -1.7790543E-03 -1.9836149E-03 -2.1765109E-03 -2.3539381E-03
 -2.5457421E-03 -2.6262598E-03 -2.4854476E-03 -2.1506508E-03 -2.4841935E-03
 -2.7568280E-03 -2.1683481E-03 -3.0009006E-03 -3.8888142E-03 -3.4237877E-03
 -4.3341531E-03 -5.2106255E-03 -4.7296491E-03 -5.6287642E-03 -6.5394454E-03
 -6.1152750E-03 -7.0133503E-03 -7.9090334E-03 -7.5400262E-03 -8.4451372E-03
 -9.3329735E-03 -9.0079457E-03 -9.8901503E-03 -1.0779843E-02 -1.0541858E-02
 -1.1348119E-02 -1.2141948E-02 -1.2927085E-02 -1.3753956E-02 -1.4550791E-02
 -1.5426964E-02 -1.6247280E-02 -1.7145377E-02 -1.8012531E-02 -1.8931571E-02
 -1.9795027E-02 -2.0752644E-02 -2.1638598E-02 -2.2603611E-02 -2.3521373E-02
 -2.4508588E-02 -2.5443524E-02 -2.6475636E-02 -2.7420985E-02 -2.8447455E-02
 -5.8704399E-02 -5.7927977E-02 -5.7928227E-02  0.1973400      0.2309847    
  0.2527824      0.3824449      0.4438158      0.5052381     -0.3816442    
  4.5931663E-02  5.9872821E-02 -0.7108608     -0.2191481     -0.2322231    
 -0.6777654     -0.1507744     -0.1501570     -0.6739753     -0.1430805    
 -0.1498062     -0.6631701     -0.1459815     -0.1572872     -0.6495982    
 -0.1370122     -0.1514413     -0.6262680     -0.1392015     -0.1459482    
 -0.4774880     -0.1384449     -0.4564369     -0.1254759     -0.4250445    
 -0.1225367     -0.3826726     -0.1175529     -0.3453001     -0.1024772    
 -0.2972726     -0.1023512     -0.2401394     -9.5445774E-02 -0.1878164    
 -8.3734743E-02 -0.1302876     -8.1164777E-02 -5.7405435E-02 -7.1884297E-02
  0.1169583      0.1169637      0.1169636      7.1437202E-02 -1.0061078E-02
 -9.0505235E-02 -0.1732670     -0.2584801     -0.3333799     -0.4049911    
 -0.4505779     -0.4630269     -0.3226374     -0.4251186     -0.4011308    
 -0.2895158     -0.3755429     -0.3617867     -0.2604164     -0.3360914    
 -0.3229131     -0.2343354     -0.2958125     -0.2813338     -0.2058287    
 -0.2541244     -0.2395091     -0.1781064     -0.2129045     -0.1993405    
 -0.1623779     -0.1631769     -0.1289380     -0.1242477     -9.5927417E-02
 -8.6494975E-02 -6.3572511E-02 -5.0634310E-02 -3.1520255E-02 -1.6522061E-02
 -1.0468066E-05  1.6155571E-02  3.1230552E-02  4.7606625E-02  6.2073480E-02
  7.8049824E-02  9.2321895E-02  0.1072463      0.1215384      0.1352094    
 -0.9914004     -0.9914453     -0.9914453     -0.9777287     -0.9729053    
 -0.9632808     -0.9075872     -0.8580300     -0.7959852     -0.8308609    
 -0.8915548     -0.8843197     -0.6249656     -0.8782074     -0.8860963    
 -0.6758808     -0.9144586     -0.9200888     -0.6913325     -0.9308977    
 -0.9344973     -0.7108393     -0.9440257     -0.9466319     -0.7318857    
 -0.9574176     -0.9590103     -0.7589903     -0.9671063     -0.9690007    
 -0.8635036     -0.9768348     -0.8803637     -0.9842857     -0.9000751    
 -0.9886877     -0.9216943     -0.9917749     -0.9379629     -0.9945982    
 -0.9547926     -0.9946171     -0.9702359     -0.9942956     -0.9802408    
 -0.9934267     -0.9871686     -0.9909139     -0.9909254     -0.9882061    
    3.23438E+02   ! Azimuth index: 116 in degrees
  2.7144760E-02  3.0638095E-02  3.4131426E-02  3.7624758E-02  4.1118093E-02
  4.4611424E-02  4.8104759E-02  5.1598094E-02  5.5091426E-02  5.8584761E-02
  6.2078092E-02  6.5571427E-02  6.9064766E-02  7.2558090E-02  7.6051429E-02
  7.9544768E-02  8.3038092E-02  8.6531430E-02  9.0024769E-02  9.3518093E-02
  9.7011432E-02  0.1005048      0.1039981      0.1074914      0.1109848    
  0.1144781      0.1179714      0.1214648      0.1249581      0.1284514    
  0.1328181      0.1380581      0.1432981      0.1485381      0.1537781    
  0.1590181      0.1642581      0.1694981      0.1747381      0.1799781    
  0.1852181      0.1904581      0.1956981      0.2009381      0.2061781    
  0.2114181      0.2166581      0.2218981      0.2271381      0.2323781    
  0.0000000E+00  0.0000000E+00  0.0000000E+00  2.1729549E-05  6.5223212E-05
  1.0833047E-04 -3.4858345E-04 -1.2774649E-03 -2.1360943E-03 -3.4056823E-03
 -4.9988450E-03 -6.4512468E-03 -8.2253711E-03 -1.0104306E-02 -1.1773271E-02
 -1.3700267E-02 -1.5696298E-02 -1.7531034E-02 -1.9566886E-02 -2.1653112E-02
 -2.3607137E-02 -2.5727717E-02 -2.7898613E-02 -2.9970046E-02 -3.2181185E-02
 -3.4449756E-02 -3.6651503E-02 -3.8974240E-02 -4.1366681E-02 -4.3720901E-02
 -4.6801344E-02 -5.0589204E-02 -5.4477774E-02 -5.8487117E-02 -6.2593900E-02
 -6.6813804E-02 -7.1127415E-02 -7.5545445E-02 -8.0056950E-02 -8.4667452E-02
 -8.9371786E-02 -9.4170310E-02 -9.9063419E-02 -0.1040463     -0.1091250    
 -0.1142894     -0.1195511     -0.1248949     -0.1303371     -0.1358577    
 -1.5760495E-03 -1.7822983E-03 -1.9871609E-03 -2.1803423E-03 -2.3580228E-03
 -2.5500697E-03 -2.6308349E-03 -2.4902544E-03 -2.1556574E-03 -2.4893880E-03
 -2.7622045E-03 -2.1738848E-03 -3.0065747E-03 -3.8946061E-03 -3.4296904E-03
 -4.3401616E-03 -5.2167242E-03 -4.7358107E-03 -5.6349752E-03 -6.5457015E-03
 -6.1215498E-03 -7.0196213E-03 -7.9152891E-03 -7.5462586E-03 -8.4513444E-03
 -9.3391221E-03 -9.0140067E-03 -9.8961284E-03 -1.0785741E-02 -1.0547650E-02
 -1.1353738E-02 -1.2147339E-02 -1.2932215E-02 -1.3758774E-02 -1.4555271E-02
 -1.5431083E-02 -1.6250987E-02 -1.7148640E-02 -1.8015336E-02 -1.8933872E-02
 -1.9796776E-02 -2.0753821E-02 -2.1639170E-02 -2.2603534E-02 -2.3520611E-02
 -2.4507117E-02 -2.5441311E-02 -2.6472654E-02 -2.7417187E-02 -2.8442800E-02
 -5.8795832E-02 -5.8013260E-02 -5.8013398E-02  0.1972678      0.2309219    
  0.2527184      0.3823898      0.4437731      0.5052066     -0.3816834    
  4.5887634E-02  5.9835047E-02 -0.7108720     -0.2191750     -0.2322496    
 -0.6777759     -0.1507954     -0.1501685     -0.6739811     -0.1430899    
 -0.1498064     -0.6631689     -0.1459761     -0.1572807     -0.6495951    
 -0.1369877     -0.1514185     -0.6262574     -0.1391795     -0.1459123    
 -0.4774607     -0.1384011     -0.4563989     -0.1254130     -0.4249971    
 -0.1224648     -0.3826070     -0.1174694     -0.3452250     -0.1023771    
 -0.2971781     -0.1022428     -0.2400293     -9.5320515E-02 -0.1876904    
 -8.3598889E-02 -0.1301471     -8.1019305E-02 -5.7244573E-02 -7.1723312E-02
  0.1169577      0.1169631      0.1169630      7.1438238E-02 -1.0061238E-02
 -9.0506800E-02 -0.1732713     -0.2584862     -0.3333870     -0.4049841    
 -0.4505788     -0.4630279     -0.3226323     -0.4251160     -0.4011281    
 -0.2895119     -0.3755417     -0.3617860     -0.2604146     -0.3360910    
 -0.3229131     -0.2343357     -0.2958127     -0.2813342     -0.2058294    
 -0.2541253     -0.2395099     -0.1781083     -0.2129052     -0.1993415    
 -0.1623806     -0.1631779     -0.1289408     -0.1242487     -9.5929764E-02
 -8.6495750E-02 -6.3574351E-02 -5.0634775E-02 -3.1521156E-02 -1.6522231E-02
 -1.0497868E-05  1.6155690E-02  3.1231362E-02  4.7607195E-02  6.2075041E-02
  7.8050725E-02  9.2323609E-02  0.1072476      0.1215396      0.1352111    
 -0.9913950     -0.9914404     -0.9914404     -0.9777433     -0.9729202    
 -0.9632975     -0.9076095     -0.8580503     -0.7960022     -0.8308464    
 -0.8915566     -0.8843217     -0.6249555     -0.8782020     -0.8860905    
 -0.6758719     -0.9144557     -0.9200871     -0.6913275     -0.9308965    
 -0.9344973     -0.7108402     -0.9440264     -0.9466329     -0.7318882    
 -0.9574209     -0.9590138     -0.7589986     -0.9671094     -0.9690059    
 -0.8635182     -0.9768409     -0.8803830     -0.9842936     -0.9000971    
 -0.9886965     -0.9217213     -0.9917848     -0.9379905     -0.9946085    
 -0.9548221     -0.9946283     -0.9702631     -0.9943076     -0.9802648    
 -0.9934382     -0.9871870     -0.9909257     -0.9909346     -0.9882175    
    3.26250E+02   ! Azimuth index: 117 in degrees
  2.7144760E-02  3.0638095E-02  3.4131426E-02  3.7624758E-02  4.1118093E-02
  4.4611424E-02  4.8104759E-02  5.1598094E-02  5.5091426E-02  5.8584761E-02
  6.2078092E-02  6.5571427E-02  6.9064766E-02  7.2558090E-02  7.6051429E-02
  7.9544768E-02  8.3038092E-02  8.6531430E-02  9.0024769E-02  9.3518093E-02
  9.7011432E-02  0.1005048      0.1039981      0.1074914      0.1109848    
  0.1144781      0.1179714      0.1214648      0.1249581      0.1284514    
  0.1328181      0.1380581      0.1432981      0.1485381      0.1537781    
  0.1590181      0.1642581      0.1694981      0.1747381      0.1799781    
  0.1852181      0.1904581      0.1956981      0.2009381      0.2061781    
  0.2114181      0.2166581      0.2218981      0.2271381      0.2323781    
  0.0000000E+00  0.0000000E+00  0.0000000E+00  2.1729549E-05  6.5223212E-05
  1.0833047E-04 -3.4858345E-04 -1.2774649E-03 -2.1360943E-03 -3.4056823E-03
 -4.9988450E-03 -6.4512468E-03 -8.2253711E-03 -1.0104306E-02 -1.1773271E-02
 -1.3700267E-02 -1.5696298E-02 -1.7531034E-02 -1.9566886E-02 -2.1653112E-02
 -2.3607137E-02 -2.5727717E-02 -2.7898613E-02 -2.9970046E-02 -3.2181185E-02
 -3.4449756E-02 -3.6651503E-02 -3.8974240E-02 -4.1366681E-02 -4.3720901E-02
 -4.6801344E-02 -5.0589204E-02 -5.4477774E-02 -5.8487117E-02 -6.2593900E-02
 -6.6813804E-02 -7.1127415E-02 -7.5545445E-02 -8.0056950E-02 -8.4667452E-02
 -8.9371786E-02 -9.4170310E-02 -9.9063419E-02 -0.1040463     -0.1091250    
 -0.1142894     -0.1195511     -0.1248949     -0.1303371     -0.1358577    
 -1.5788709E-03 -1.7854234E-03 -1.9905795E-03 -2.1840385E-03 -2.3619654E-03
 -2.5542490E-03 -2.6352566E-03 -2.4949037E-03 -2.1605028E-03 -2.4944192E-03
 -2.7674169E-03 -2.1792571E-03 -3.0120844E-03 -3.9002365E-03 -3.4354352E-03
 -4.3460159E-03 -5.2226745E-03 -4.7418289E-03 -5.6410483E-03 -6.5518273E-03
 -6.1277039E-03 -7.0257811E-03 -7.9214443E-03 -7.5524021E-03 -8.4574735E-03
 -9.3452064E-03 -9.0200184E-03 -9.9020731E-03 -1.0791621E-02 -1.0553442E-02
 -1.1359379E-02 -1.2152784E-02 -1.2937428E-02 -1.3763709E-02 -1.4559905E-02
 -1.5435394E-02 -1.6254930E-02 -1.7152183E-02 -1.8018462E-02 -1.8936537E-02
 -1.9798942E-02 -2.0755468E-02 -2.1640265E-02 -2.2604035E-02 -2.3520490E-02
 -2.4506342E-02 -2.5439860E-02 -2.6470501E-02 -2.7414285E-02 -2.8439108E-02
 -5.8884442E-02 -5.8096070E-02 -5.8096293E-02  0.1971976      0.2308609    
  0.2526557      0.3823358      0.4437309      0.5051760     -0.3817227    
  4.5843601E-02  5.9797268E-02 -0.7108834     -0.2192024     -0.2322773    
 -0.6777868     -0.1508181     -0.1501814     -0.6739876     -0.1431019    
 -0.1498095     -0.6631688     -0.1459737     -0.1572769     -0.6495934    
 -0.1369674     -0.1513996     -0.6262490     -0.1391622     -0.1458814    
 -0.4774368     -0.1383628     -0.4563654     -0.1253566     -0.4249550    
 -0.1224000     -0.3825482     -0.1173935     -0.3451573     -0.1022858    
 -0.2970924     -0.1021449     -0.2399282     -9.5206439E-02 -0.1875747    
 -8.3474584E-02 -0.1300187     -8.0885895E-02 -5.7096623E-02 -7.1575463E-02
  0.1169571      0.1169625      0.1169625      7.1439281E-02 -1.0061387E-02
 -9.0508334E-02 -0.1732755     -0.2584922     -0.3333940     -0.4049770    
 -0.4505797     -0.4630290     -0.3226270     -0.4251133     -0.4011255    
 -0.2895080     -0.3755403     -0.3617853     -0.2604125     -0.3360904    
 -0.3229130     -0.2343358     -0.2958128     -0.2813343     -0.2058299    
 -0.2541260     -0.2395106     -0.1781099     -0.2129057     -0.1993425    
 -0.1623830     -0.1631788     -0.1289433     -0.1242496     -9.5931850E-02
 -8.6496465E-02 -6.3576058E-02 -5.0635271E-02 -3.1522017E-02 -1.6522387E-02
 -1.0496005E-05  1.6155854E-02  3.1232201E-02  4.7607712E-02  6.2076405E-02
  7.8051530E-02  9.2325166E-02  0.1072488      0.1215406      0.1352124    
 -0.9913898     -0.9914356     -0.9914356     -0.9777573     -0.9729347    
 -0.9633138     -0.9076315     -0.8580703     -0.7960188     -0.8308318    
 -0.8915583     -0.8843237     -0.6249453     -0.8781964     -0.8860846    
 -0.6758626     -0.9144524     -0.9200853     -0.6913220     -0.9308949    
 -0.9344969     -0.7108403     -0.9440267     -0.9466335     -0.7318897    
 -0.9574236     -0.9590166     -0.7590054     -0.9671117     -0.9690105    
 -0.8635311     -0.9768462     -0.8804001     -0.9843006     -0.9001168    
 -0.9887045     -0.9217457     -0.9917937     -0.9380153     -0.9946179    
 -0.9548488     -0.9946383     -0.9702882     -0.9943185     -0.9802868    
 -0.9934486     -0.9872038     -0.9909365     -0.9909430     -0.9882280    
    3.29062E+02   ! Azimuth index: 118 in degrees
  2.7144760E-02  3.0638095E-02  3.4131426E-02  3.7624758E-02  4.1118093E-02
  4.4611424E-02  4.8104759E-02  5.1598094E-02  5.5091426E-02  5.8584761E-02
  6.2078092E-02  6.5571427E-02  6.9064766E-02  7.2558090E-02  7.6051429E-02
  7.9544768E-02  8.3038092E-02  8.6531430E-02  9.0024769E-02  9.3518093E-02
  9.7011432E-02  0.1005048      0.1039981      0.1074914      0.1109848    
  0.1144781      0.1179714      0.1214648      0.1249581      0.1284514    
  0.1328181      0.1380581      0.1432981      0.1485381      0.1537781    
  0.1590181      0.1642581      0.1694981      0.1747381      0.1799781    
  0.1852181      0.1904581      0.1956981      0.2009381      0.2061781    
  0.2114181      0.2166581      0.2218981      0.2271381      0.2323781    
  0.0000000E+00  0.0000000E+00  0.0000000E+00  2.1729549E-05  6.5223212E-05
  1.0833047E-04 -3.4858345E-04 -1.2774649E-03 -2.1360943E-03 -3.4056823E-03
 -4.9988450E-03 -6.4512468E-03 -8.2253711E-03 -1.0104306E-02 -1.1773271E-02
 -1.3700267E-02 -1.5696298E-02 -1.7531034E-02 -1.9566886E-02 -2.1653112E-02
 -2.3607137E-02 -2.5727717E-02 -2.7898613E-02 -2.9970046E-02 -3.2181185E-02
 -3.4449756E-02 -3.6651503E-02 -3.8974240E-02 -4.1366681E-02 -4.3720901E-02
 -4.6801344E-02 -5.0589204E-02 -5.4477774E-02 -5.8487117E-02 -6.2593900E-02
 -6.6813804E-02 -7.1127415E-02 -7.5545445E-02 -8.0056950E-02 -8.4667452E-02
 -8.9371786E-02 -9.4170310E-02 -9.9063419E-02 -0.1040463     -0.1091250    
 -0.1142894     -0.1195511     -0.1248949     -0.1303371     -0.1358577    
 -1.5815538E-03 -1.7883987E-03 -1.9938378E-03 -2.1875638E-03 -2.3657288E-03
 -2.5582428E-03 -2.6394865E-03 -2.4993555E-03 -2.1651469E-03 -2.4992465E-03
 -2.7724248E-03 -2.1844259E-03 -3.0173920E-03 -3.9056675E-03 -3.4409855E-03
 -4.3516811E-03 -5.2284421E-03 -4.7476739E-03 -5.6469566E-03 -6.5577980E-03
 -6.1337161E-03 -7.0318119E-03 -7.9274839E-03 -7.5584468E-03 -8.4635215E-03
 -9.3512274E-03 -9.0259872E-03 -9.9079963E-03 -1.0797500E-02 -1.0559255E-02
 -1.1365074E-02 -1.2158317E-02 -1.2942777E-02 -1.3768826E-02 -1.4564767E-02
 -1.5439985E-02 -1.6259205E-02 -1.7156117E-02 -1.8022038E-02 -1.8939720E-02
 -1.9801687E-02 -2.0757763E-02 -2.1642078E-02 -2.2605330E-02 -2.3521237E-02
 -2.4506517E-02 -2.5439437E-02 -2.6469462E-02 -2.7412582E-02 -2.8436709E-02
 -5.8969513E-02 -5.8175914E-02 -5.8176178E-02  0.1971300      0.2308017    
  0.2525946      0.3822833      0.4436897      0.5051457     -0.3817617    
  4.5799974E-02  5.9758898E-02 -0.7108948     -0.2192313     -0.2323065    
 -0.6777986     -0.1508420     -0.1501968     -0.6739950     -0.1431167    
 -0.1498165     -0.6631703     -0.1459752     -0.1572778     -0.6495939    
 -0.1369520     -0.1513867     -0.6262431     -0.1391500     -0.1458580    
 -0.4774174     -0.1383319     -0.4563382     -0.1253085     -0.4249201    
 -0.1223452     -0.3824973     -0.1173293     -0.3450992     -0.1022064    
 -0.2970178     -0.1020596     -0.2398393     -9.5107071E-02 -0.1874731    
 -8.3365001E-02 -0.1299060     -8.0768563E-02 -5.6965396E-02 -7.1445458E-02
  0.1169565      0.1169619      0.1169620      7.1440279E-02 -1.0061532E-02
 -9.0509817E-02 -0.1732796     -0.2584981     -0.3334008     -0.4049699    
 -0.4505806     -0.4630300     -0.3226217     -0.4251105     -0.4011225    
 -0.2895037     -0.3755390     -0.3617845     -0.2604101     -0.3360896    
 -0.3229126     -0.2343353     -0.2958127     -0.2813343     -0.2058297    
 -0.2541265     -0.2395111     -0.1781110     -0.2129061     -0.1993431    
 -0.1623850     -0.1631795     -0.1289453     -0.1242503     -9.5933586E-02
 -8.6497039E-02 -6.3577503E-02 -5.0635636E-02 -3.1522706E-02 -1.6522521E-02
 -1.0497868E-05  1.6155997E-02  3.1232873E-02  4.7608174E-02  6.2077653E-02
  7.8052253E-02  9.2326552E-02  0.1072498      0.1215415      0.1352138    
 -0.9913848     -0.9914310     -0.9914310     -0.9777709     -0.9729487    
 -0.9633296     -0.9076529     -0.8580897     -0.7960351     -0.8308173    
 -0.8915601     -0.8843257     -0.6249351     -0.8781906     -0.8860781    
 -0.6758525     -0.9144492     -0.9200831     -0.6913155     -0.9308928    
 -0.9344958     -0.7108390     -0.9440265     -0.9466334     -0.7318893    
 -0.9574257     -0.9590185     -0.7590099     -0.9671134     -0.9690138    
 -0.8635414     -0.9768504     -0.8804138     -0.9843067     -0.9001331    
 -0.9887112     -0.9217665     -0.9918013     -0.9380367     -0.9946260    
 -0.9548720     -0.9946471     -0.9703100     -0.9943280     -0.9803061    
 -0.9934577     -0.9872184     -0.9909460     -0.9909503     -0.9882372    
    3.31875E+02   ! Azimuth index: 119 in degrees
  2.7144760E-02  3.0638095E-02  3.4131426E-02  3.7624758E-02  4.1118093E-02
  4.4611424E-02  4.8104759E-02  5.1598094E-02  5.5091426E-02  5.8584761E-02
  6.2078092E-02  6.5571427E-02  6.9064766E-02  7.2558090E-02  7.6051429E-02
  7.9544768E-02  8.3038092E-02  8.6531430E-02  9.0024769E-02  9.3518093E-02
  9.7011432E-02  0.1005048      0.1039981      0.1074914      0.1109848    
  0.1144781      0.1179714      0.1214648      0.1249581      0.1284514    
  0.1328181      0.1380581      0.1432981      0.1485381      0.1537781    
  0.1590181      0.1642581      0.1694981      0.1747381      0.1799781    
  0.1852181      0.1904581      0.1956981      0.2009381      0.2061781    
  0.2114181      0.2166581      0.2218981      0.2271381      0.2323781    
  0.0000000E+00  0.0000000E+00  0.0000000E+00  2.1729549E-05  6.5223212E-05
  1.0833047E-04 -3.4858345E-04 -1.2774649E-03 -2.1360943E-03 -3.4056823E-03
 -4.9988450E-03 -6.4512468E-03 -8.2253711E-03 -1.0104306E-02 -1.1773271E-02
 -1.3700267E-02 -1.5696298E-02 -1.7531034E-02 -1.9566886E-02 -2.1653112E-02
 -2.3607137E-02 -2.5727717E-02 -2.7898613E-02 -2.9970046E-02 -3.2181185E-02
 -3.4449756E-02 -3.6651503E-02 -3.8974240E-02 -4.1366681E-02 -4.3720901E-02
 -4.6801344E-02 -5.0589204E-02 -5.4477774E-02 -5.8487117E-02 -6.2593900E-02
 -6.6813804E-02 -7.1127415E-02 -7.5545445E-02 -8.0056950E-02 -8.4667452E-02
 -8.9371786E-02 -9.4170310E-02 -9.9063419E-02 -0.1040463     -0.1091250    
 -0.1142894     -0.1195511     -0.1248949     -0.1303371     -0.1358577    
 -1.5840591E-03 -1.7911808E-03 -1.9968885E-03 -2.1908686E-03 -2.3692599E-03
 -2.5619944E-03 -2.6434655E-03 -2.5035483E-03 -2.1695257E-03 -2.5038042E-03
 -2.7771606E-03 -2.1893214E-03 -3.0224263E-03 -3.9108284E-03 -3.4462712E-03
 -4.3570865E-03 -5.2339565E-03 -4.7532725E-03 -5.6526279E-03 -6.5635424E-03
 -6.1395159E-03 -7.0376447E-03 -7.9333410E-03 -7.5643263E-03 -8.4694233E-03
 -9.3571227E-03 -9.0318508E-03 -9.9138375E-03 -1.0803321E-02 -1.0565037E-02
 -1.1370772E-02 -1.2163900E-02 -1.2948222E-02 -1.3774091E-02 -1.4569834E-02
 -1.5444838E-02 -1.6263803E-02 -1.7160442E-02 -1.8026076E-02 -1.8943435E-02
 -1.9805042E-02 -2.0760747E-02 -2.1644663E-02 -2.2607479E-02 -2.3522932E-02
 -2.4507731E-02 -2.5440153E-02 -2.6469657E-02 -2.7412221E-02 -2.8435757E-02
 -5.9050098E-02 -5.8251660E-02 -5.8252003E-02  0.1970657      0.2307455    
  0.2525358      0.3822325      0.4436502      0.5051161     -0.3817996    
  4.5755535E-02  5.9720725E-02 -0.7109061     -0.2192615     -0.2323365    
 -0.6778108     -0.1508684     -0.1502142     -0.6740037     -0.1431347    
 -0.1498274     -0.6631731     -0.1459813     -0.1572836     -0.6495965    
 -0.1369424     -0.1513796     -0.6262406     -0.1391444     -0.1458419    
 -0.4774034     -0.1383098     -0.4563177     -0.1252705     -0.4248929    
 -0.1223015     -0.3824563     -0.1172776     -0.3450524     -0.1021406    
 -0.2969566     -0.1019897     -0.2397646     -9.5024854E-02 -0.1873881    
 -8.3272763E-02 -0.1298116     -8.0670260E-02 -5.6854077E-02 -7.1335174E-02
  0.1169559      0.1169614      0.1169614      7.1441218E-02 -1.0061671E-02
 -9.0511255E-02 -0.1732835     -0.2585038     -0.3334075     -0.4049631    
 -0.4505815     -0.4630311     -0.3226165     -0.4251075     -0.4011196    
 -0.2894993     -0.3755375     -0.3617835     -0.2604073     -0.3360888    
 -0.3229120     -0.2343346     -0.2958125     -0.2813340     -0.2058291    
 -0.2541268     -0.2395113     -0.1781115     -0.2129063     -0.1993436    
 -0.1623864     -0.1631800     -0.1289469     -0.1242509     -9.5934935E-02
 -8.6497508E-02 -6.3578665E-02 -5.0635971E-02 -3.1523313E-02 -1.6522635E-02
 -1.0496005E-05  1.6156111E-02  3.1233467E-02  4.7608547E-02  6.2078692E-02
  7.8052811E-02  9.2327654E-02  0.1072506      0.1215422      0.1352148    
 -0.9913802     -0.9914266     -0.9914268     -0.9777839     -0.9729621    
 -0.9633449     -0.9076735     -0.8581086     -0.7960510     -0.8308033    
 -0.8915619     -0.8843278     -0.6249249     -0.8781846     -0.8860716    
 -0.6758423     -0.9144454     -0.9200807     -0.6913083     -0.9308904    
 -0.9344942     -0.7108367     -0.9440257     -0.9466324     -0.7318872    
 -0.9574269     -0.9590195     -0.7590119     -0.9671142     -0.9690161    
 -0.8635489     -0.9768535     -0.8804243     -0.9843114     -0.9001458    
 -0.9887167     -0.9217835     -0.9918075     -0.9380539     -0.9946327    
 -0.9548911     -0.9946543     -0.9703285     -0.9943358     -0.9803224    
 -0.9934653     -0.9872308     -0.9909539     -0.9909567     -0.9882450    
    3.34688E+02   ! Azimuth index: 120 in degrees
  2.7144760E-02  3.0638095E-02  3.4131426E-02  3.7624758E-02  4.1118093E-02
  4.4611424E-02  4.8104759E-02  5.1598094E-02  5.5091426E-02  5.8584761E-02
  6.2078092E-02  6.5571427E-02  6.9064766E-02  7.2558090E-02  7.6051429E-02
  7.9544768E-02  8.3038092E-02  8.6531430E-02  9.0024769E-02  9.3518093E-02
  9.7011432E-02  0.1005048      0.1039981      0.1074914      0.1109848    
  0.1144781      0.1179714      0.1214648      0.1249581      0.1284514    
  0.1328181      0.1380581      0.1432981      0.1485381      0.1537781    
  0.1590181      0.1642581      0.1694981      0.1747381      0.1799781    
  0.1852181      0.1904581      0.1956981      0.2009381      0.2061781    
  0.2114181      0.2166581      0.2218981      0.2271381      0.2323781    
  0.0000000E+00  0.0000000E+00  0.0000000E+00  2.1729549E-05  6.5223212E-05
  1.0833047E-04 -3.4858345E-04 -1.2774649E-03 -2.1360943E-03 -3.4056823E-03
 -4.9988450E-03 -6.4512468E-03 -8.2253711E-03 -1.0104306E-02 -1.1773271E-02
 -1.3700267E-02 -1.5696298E-02 -1.7531034E-02 -1.9566886E-02 -2.1653112E-02
 -2.3607137E-02 -2.5727717E-02 -2.7898613E-02 -2.9970046E-02 -3.2181185E-02
 -3.4449756E-02 -3.6651503E-02 -3.8974240E-02 -4.1366681E-02 -4.3720901E-02
 -4.6801344E-02 -5.0589204E-02 -5.4477774E-02 -5.8487117E-02 -6.2593900E-02
 -6.6813804E-02 -7.1127415E-02 -7.5545445E-02 -8.0056950E-02 -8.4667452E-02
 -8.9371786E-02 -9.4170310E-02 -9.9063419E-02 -0.1040463     -0.1091250    
 -0.1142894     -0.1195511     -0.1248949     -0.1303371     -0.1358577    
 -1.5863562E-03 -1.7937360E-03 -1.9996949E-03 -2.1939124E-03 -2.3725159E-03
 -2.5654582E-03 -2.6471452E-03 -2.5074312E-03 -2.1735863E-03 -2.5080373E-03
 -2.7815674E-03 -2.1938854E-03 -3.0271271E-03 -3.9156564E-03 -3.4512272E-03
 -4.3621669E-03 -5.2391514E-03 -4.7585582E-03 -5.6579947E-03 -6.5689925E-03
 -6.1450345E-03 -7.0432117E-03 -7.9389466E-03 -7.5699715E-03 -8.4751081E-03
 -9.3628205E-03 -9.0375412E-03 -9.9195279E-03 -1.0809017E-02 -1.0570722E-02
 -1.1376409E-02 -1.2169467E-02 -1.2953702E-02 -1.3779447E-02 -1.4575049E-02
 -1.5449903E-02 -1.6268678E-02 -1.7165111E-02 -1.8030534E-02 -1.8947646E-02
 -1.9808974E-02 -2.0764392E-02 -2.1647995E-02 -2.2610473E-02 -2.3525568E-02
 -2.4509983E-02 -2.5442006E-02 -2.6471101E-02 -2.7413215E-02 -2.8436277E-02
 -5.9124909E-02 -5.8322616E-02 -5.8322821E-02  0.1970056      0.2306926    
  0.2524801      0.3821846      0.4436122      0.5050882     -0.3818363    
  4.5713127E-02  5.9683543E-02 -0.7109174     -0.2192925     -0.2323673    
 -0.6778234     -0.1508962     -0.1502332     -0.6740131     -0.1431555    
 -0.1498425     -0.6631775     -0.1459919     -0.1572943     -0.6496013    
 -0.1369388     -0.1513789     -0.6262411     -0.1391459     -0.1458341    
 -0.4773950     -0.1382964     -0.4563043     -0.1252429     -0.4248743    
 -0.1222698     -0.3824252     -0.1172394     -0.3450175     -0.1020891    
 -0.2969093     -0.1019356     -0.2397060     -9.4960116E-02 -0.1873208    
 -8.3199233E-02 -0.1297365     -8.0592543E-02 -5.6763843E-02 -7.1246855E-02
  0.1169554      0.1169610      0.1169609      7.1442105E-02 -1.0061797E-02
 -9.0512618E-02 -0.1732872     -0.2585092     -0.3334138     -0.4049564    
 -0.4505824     -0.4630321     -0.3226112     -0.4251045     -0.4011165    
 -0.2894947     -0.3755358     -0.3617824     -0.2604043     -0.3360877    
 -0.3229113     -0.2343333     -0.2958120     -0.2813335     -0.2058280    
 -0.2541270     -0.2395114     -0.1781113     -0.2129062     -0.1993438    
 -0.1623873     -0.1631804     -0.1289479     -0.1242514     -9.5935859E-02
 -8.6497843E-02 -6.3579552E-02 -5.0636161E-02 -3.1523719E-02 -1.6522724E-02
 -1.0468066E-05  1.6156234E-02  3.1233959E-02  4.7608837E-02  6.2079459E-02
  7.8053311E-02  9.2328578E-02  0.1072513      0.1215429      0.1352157    
 -0.9913757     -0.9914225     -0.9914225     -0.9777958     -0.9729747    
 -0.9633595     -0.9076929     -0.8581265     -0.7960660     -0.8307896    
 -0.8915636     -0.8843298     -0.6249147     -0.8781783     -0.8860649    
 -0.6758316     -0.9144414     -0.9200780     -0.6913002     -0.9308875    
 -0.9344921     -0.7108330     -0.9440241     -0.9466308     -0.7318831    
 -0.9574274     -0.9590197     -0.7590114     -0.9671140     -0.9690172    
 -0.8635534     -0.9768552     -0.8804311     -0.9843149     -0.9001545    
 -0.9887205     -0.9217964     -0.9918119     -0.9380667     -0.9946381    
 -0.9549057     -0.9946598     -0.9703431     -0.9943420     -0.9803351    
 -0.9934715     -0.9872406     -0.9909601     -0.9909618     -0.9882513    
    3.37500E+02   ! Azimuth index: 121 in degrees
  2.7144760E-02  3.0638095E-02  3.4131426E-02  3.7624758E-02  4.1118093E-02
  4.4611424E-02  4.8104759E-02  5.1598094E-02  5.5091426E-02  5.8584761E-02
  6.2078092E-02  6.5571427E-02  6.9064766E-02  7.2558090E-02  7.6051429E-02
  7.9544768E-02  8.3038092E-02  8.6531430E-02  9.0024769E-02  9.3518093E-02
  9.7011432E-02  0.1005048      0.1039981      0.1074914      0.1109848    
  0.1144781      0.1179714      0.1214648      0.1249581      0.1284514    
  0.1328181      0.1380581      0.1432981      0.1485381      0.1537781    
  0.1590181      0.1642581      0.1694981      0.1747381      0.1799781    
  0.1852181      0.1904581      0.1956981      0.2009381      0.2061781    
  0.2114181      0.2166581      0.2218981      0.2271381      0.2323781    
  0.0000000E+00  0.0000000E+00  0.0000000E+00  2.1729549E-05  6.5223212E-05
  1.0833047E-04 -3.4858345E-04 -1.2774649E-03 -2.1360943E-03 -3.4056823E-03
 -4.9988450E-03 -6.4512468E-03 -8.2253711E-03 -1.0104306E-02 -1.1773271E-02
 -1.3700267E-02 -1.5696298E-02 -1.7531034E-02 -1.9566886E-02 -2.1653112E-02
 -2.3607137E-02 -2.5727717E-02 -2.7898613E-02 -2.9970046E-02 -3.2181185E-02
 -3.4449756E-02 -3.6651503E-02 -3.8974240E-02 -4.1366681E-02 -4.3720901E-02
 -4.6801344E-02 -5.0589204E-02 -5.4477774E-02 -5.8487117E-02 -6.2593900E-02
 -6.6813804E-02 -7.1127415E-02 -7.5545445E-02 -8.0056950E-02 -8.4667452E-02
 -8.9371786E-02 -9.4170310E-02 -9.9063419E-02 -0.1040463     -0.1091250    
 -0.1142894     -0.1195511     -0.1248949     -0.1303371     -0.1358577    
 -1.5884271E-03 -1.7960446E-03 -2.0022355E-03 -2.1966724E-03 -2.3754723E-03
 -2.5686093E-03 -2.6504996E-03 -2.5109770E-03 -2.1772999E-03 -2.5119164E-03
 -2.7856152E-03 -2.1980871E-03 -3.0314643E-03 -3.9201216E-03 -3.4558233E-03
 -4.3668919E-03 -5.2439966E-03 -4.7635017E-03 -5.6630271E-03 -6.5741190E-03
 -6.1502429E-03 -7.0484835E-03 -7.9442738E-03 -7.5753564E-03 -8.4805507E-03
 -9.3682986E-03 -9.0430370E-03 -9.9250507E-03 -1.0814569E-02 -1.0576290E-02
 -1.1381968E-02 -1.2175006E-02 -1.2959210E-02 -1.3784889E-02 -1.4580413E-02
 -1.5455181E-02 -1.6273839E-02 -1.7170142E-02 -1.8035429E-02 -1.8952375E-02
 -1.9813513E-02 -2.0768736E-02 -2.1652121E-02 -2.2614356E-02 -2.3529194E-02
 -2.4513332E-02 -2.5445068E-02 -2.6473867E-02 -2.7415652E-02 -2.8438361E-02
 -5.9193604E-02 -5.8388080E-02 -5.8388207E-02  0.1969500      0.2306436    
  0.2524275      0.3821394      0.4435766      0.5050615     -0.3818722    
  4.5671124E-02  5.9646744E-02 -0.7109287     -0.2193239     -0.2323992    
 -0.6778367     -0.1509259     -0.1502545     -0.6740236     -0.1431794    
 -0.1498615     -0.6631837     -0.1460071     -0.1573096     -0.6496086    
 -0.1369419     -0.1513851     -0.6262451     -0.1391541     -0.1458349    
 -0.4773923     -0.1382926     -0.4562987     -0.1252264     -0.4248647    
 -0.1222506     -0.3824053     -0.1172154     -0.3449952     -0.1020538    
 -0.2968774     -0.1018985     -0.2396637     -9.4914630E-02 -0.1872720    
 -8.3146125E-02 -0.1296825     -8.0536179E-02 -5.6696225E-02 -7.1182132E-02
  0.1169549      0.1169605      0.1169605      7.1442902E-02 -1.0061922E-02
 -9.0513900E-02 -0.1732907     -0.2585143     -0.3334198     -0.4049498    
 -0.4505832     -0.4630331     -0.3226060     -0.4251014     -0.4011134    
 -0.2894899     -0.3755341     -0.3617813     -0.2604009     -0.3360865    
 -0.3229103     -0.2343317     -0.2958113     -0.2813328     -0.2058264    
 -0.2541269     -0.2395111     -0.1781106     -0.2129060     -0.1993438    
 -0.1623875     -0.1631804     -0.1289483     -0.1242516     -9.5936306E-02
 -8.6498037E-02 -6.3580118E-02 -5.0636306E-02 -3.1523991E-02 -1.6522784E-02
 -1.0497868E-05  1.6156295E-02  3.1234303E-02  4.7609054E-02  6.2080085E-02
  7.8053683E-02  9.2329264E-02  0.1072518      0.1215433      0.1352163    
 -0.9913717     -0.9914187     -0.9914188     -0.9778070     -0.9729863    
 -0.9633730     -0.9077113     -0.8581435     -0.7960805     -0.8307763    
 -0.8915653     -0.8843317     -0.6249046     -0.8781719     -0.8860579    
 -0.6758204     -0.9144372     -0.9200750     -0.6912913     -0.9308843    
 -0.9344894     -0.7108278     -0.9440220     -0.9466285     -0.7318773    
 -0.9574270     -0.9590187     -0.7590084     -0.9671128     -0.9690171    
 -0.8635548     -0.9768558     -0.8804339     -0.9843169     -0.9001590    
 -0.9887229     -0.9218046     -0.9918148     -0.9380749     -0.9946417    
 -0.9549157     -0.9946637     -0.9703535     -0.9943464     -0.9803445    
 -0.9934760     -0.9872475     -0.9909647     -0.9909657     -0.9882559    
    3.40312E+02   ! Azimuth index: 122 in degrees
  2.7144760E-02  3.0638095E-02  3.4131426E-02  3.7624758E-02  4.1118093E-02
  4.4611424E-02  4.8104759E-02  5.1598094E-02  5.5091426E-02  5.8584761E-02
  6.2078092E-02  6.5571427E-02  6.9064766E-02  7.2558090E-02  7.6051429E-02
  7.9544768E-02  8.3038092E-02  8.6531430E-02  9.0024769E-02  9.3518093E-02
  9.7011432E-02  0.1005048      0.1039981      0.1074914      0.1109848    
  0.1144781      0.1179714      0.1214648      0.1249581      0.1284514    
  0.1328181      0.1380581      0.1432981      0.1485381      0.1537781    
  0.1590181      0.1642581      0.1694981      0.1747381      0.1799781    
  0.1852181      0.1904581      0.1956981      0.2009381      0.2061781    
  0.2114181      0.2166581      0.2218981      0.2271381      0.2323781    
  0.0000000E+00  0.0000000E+00  0.0000000E+00  2.1729549E-05  6.5223212E-05
  1.0833047E-04 -3.4858345E-04 -1.2774649E-03 -2.1360943E-03 -3.4056823E-03
 -4.9988450E-03 -6.4512468E-03 -8.2253711E-03 -1.0104306E-02 -1.1773271E-02
 -1.3700267E-02 -1.5696298E-02 -1.7531034E-02 -1.9566886E-02 -2.1653112E-02
 -2.3607137E-02 -2.5727717E-02 -2.7898613E-02 -2.9970046E-02 -3.2181185E-02
 -3.4449756E-02 -3.6651503E-02 -3.8974240E-02 -4.1366681E-02 -4.3720901E-02
 -4.6801344E-02 -5.0589204E-02 -5.4477774E-02 -5.8487117E-02 -6.2593900E-02
 -6.6813804E-02 -7.1127415E-02 -7.5545445E-02 -8.0056950E-02 -8.4667452E-02
 -8.9371786E-02 -9.4170310E-02 -9.9063419E-02 -0.1040463     -0.1091250    
 -0.1142894     -0.1195511     -0.1248949     -0.1303371     -0.1358577    
 -1.5902445E-03 -1.7980769E-03 -2.0044779E-03 -2.1991141E-03 -2.3780928E-03
 -2.5714091E-03 -2.6534880E-03 -2.5141439E-03 -2.1806245E-03 -2.5153982E-03
 -2.7892599E-03 -2.2018820E-03 -3.0353921E-03 -3.9241789E-03 -3.4600152E-03
 -4.3712156E-03 -5.2484465E-03 -4.7680577E-03 -5.6676813E-03 -6.5788794E-03
 -6.1551016E-03 -7.0534218E-03 -7.9492843E-03 -7.5804451E-03 -8.4857214E-03
 -9.3735270E-03 -9.0483092E-03 -9.9303778E-03 -1.0819956E-02 -1.0581725E-02
 -1.1387438E-02 -1.2180509E-02 -1.2964742E-02 -1.3790422E-02 -1.4585936E-02
 -1.5460692E-02 -1.6279312E-02 -1.7175568E-02 -1.8040808E-02 -1.8957680E-02
 -1.9818723E-02 -2.0773852E-02 -2.1657120E-02 -2.2619221E-02 -2.3533922E-02
 -2.4517903E-02 -2.5449473E-02 -2.6478104E-02 -2.7419694E-02 -2.8442185E-02
 -5.9255369E-02 -5.8447469E-02 -5.8447581E-02  0.1968994      0.2305989    
  0.2523787      0.3820973      0.4435433      0.5050365     -0.3819067    
  4.5630138E-02  5.9610542E-02 -0.7109398     -0.2193564     -0.2324317    
 -0.6778504     -0.1509573     -0.1502777     -0.6740350     -0.1432073    
 -0.1498856     -0.6631916     -0.1460271     -0.1573313     -0.6496183    
 -0.1369518     -0.1513988     -0.6262528     -0.1391702     -0.1458452    
 -0.4773964     -0.1382992     -0.4563018     -0.1252222     -0.4248652    
 -0.1222456     -0.3823977     -0.1172075     -0.3449870     -0.1020356    
 -0.2968619     -0.1018807     -0.2396397     -9.4890676E-02 -0.1872449    
 -8.3115190E-02 -0.1296521     -8.0504186E-02 -5.6653965E-02 -7.1142957E-02
  0.1169545      0.1169601      0.1169601      7.1443655E-02 -1.0062024E-02
 -9.0515092E-02 -0.1732940     -0.2585191     -0.3334254     -0.4049436    
 -0.4505841     -0.4630342     -0.3226008     -0.4250982     -0.4011102    
 -0.2894849     -0.3755323     -0.3617800     -0.2603972     -0.3360852    
 -0.3229092     -0.2343295     -0.2958105     -0.2813318     -0.2058241    
 -0.2541265     -0.2395106     -0.1781092     -0.2129055     -0.1993435    
 -0.1623871     -0.1631803     -0.1289480     -0.1242517     -9.5936298E-02
 -8.6498089E-02 -6.3580342E-02 -5.0636366E-02 -3.1524092E-02 -1.6522814E-02
 -1.0497868E-05  1.6156327E-02  3.1234493E-02  4.7609128E-02  6.2080376E-02
  7.8053847E-02  9.2329614E-02  0.1072521      0.1215437      0.1352167    
 -0.9913679     -0.9914153     -0.9914153     -0.9778172     -0.9729968    
 -0.9633858     -0.9077283     -0.8581593     -0.7960939     -0.8307636    
 -0.8915671     -0.8843336     -0.6248947     -0.8781652     -0.8860509    
 -0.6758087     -0.9144328     -0.9200717     -0.6912814     -0.9308805    
 -0.9344860     -0.7108212     -0.9440192     -0.9466252     -0.7318692    
 -0.9574257     -0.9590167     -0.7590023     -0.9671106     -0.9690157    
 -0.8635527     -0.9768549     -0.8804324     -0.9843175     -0.9001588    
 -0.9887235     -0.9218077     -0.9918157     -0.9380779     -0.9946436    
 -0.9549205     -0.9946654     -0.9703594     -0.9943486     -0.9803495    
 -0.9934785     -0.9872515     -0.9909672     -0.9909679     -0.9882587    
    3.43125E+02   ! Azimuth index: 123 in degrees
  2.7144760E-02  3.0638095E-02  3.4131426E-02  3.7624758E-02  4.1118093E-02
  4.4611424E-02  4.8104759E-02  5.1598094E-02  5.5091426E-02  5.8584761E-02
  6.2078092E-02  6.5571427E-02  6.9064766E-02  7.2558090E-02  7.6051429E-02
  7.9544768E-02  8.3038092E-02  8.6531430E-02  9.0024769E-02  9.3518093E-02
  9.7011432E-02  0.1005048      0.1039981      0.1074914      0.1109848    
  0.1144781      0.1179714      0.1214648      0.1249581      0.1284514    
  0.1328181      0.1380581      0.1432981      0.1485381      0.1537781    
  0.1590181      0.1642581      0.1694981      0.1747381      0.1799781    
  0.1852181      0.1904581      0.1956981      0.2009381      0.2061781    
  0.2114181      0.2166581      0.2218981      0.2271381      0.2323781    
  0.0000000E+00  0.0000000E+00  0.0000000E+00  2.1729549E-05  6.5223212E-05
  1.0833047E-04 -3.4858345E-04 -1.2774649E-03 -2.1360943E-03 -3.4056823E-03
 -4.9988450E-03 -6.4512468E-03 -8.2253711E-03 -1.0104306E-02 -1.1773271E-02
 -1.3700267E-02 -1.5696298E-02 -1.7531034E-02 -1.9566886E-02 -2.1653112E-02
 -2.3607137E-02 -2.5727717E-02 -2.7898613E-02 -2.9970046E-02 -3.2181185E-02
 -3.4449756E-02 -3.6651503E-02 -3.8974240E-02 -4.1366681E-02 -4.3720901E-02
 -4.6801344E-02 -5.0589204E-02 -5.4477774E-02 -5.8487117E-02 -6.2593900E-02
 -6.6813804E-02 -7.1127415E-02 -7.5545445E-02 -8.0056950E-02 -8.4667452E-02
 -8.9371786E-02 -9.4170310E-02 -9.9063419E-02 -0.1040463     -0.1091250    
 -0.1142894     -0.1195511     -0.1248949     -0.1303371     -0.1358577    
 -1.5917611E-03 -1.7997803E-03 -2.0063655E-03 -2.2011762E-03 -2.3803122E-03
 -2.5737886E-03 -2.6560382E-03 -2.5168555E-03 -2.1834802E-03 -2.5184001E-03
 -2.7924164E-03 -2.2051823E-03 -3.0388210E-03 -3.9277365E-03 -3.4637093E-03
 -4.3750452E-03 -5.2524074E-03 -4.7721323E-03 -5.6718625E-03 -6.5831775E-03
 -6.1595133E-03 -7.0579303E-03 -7.9538841E-03 -7.5851455E-03 -8.4905233E-03
 -9.3784146E-03 -9.0532694E-03 -9.9354219E-03 -1.0825089E-02 -1.0586942E-02
 -1.1392735E-02 -1.2185900E-02 -1.2970228E-02 -1.3795979E-02 -1.4591560E-02
 -1.5466384E-02 -1.6285051E-02 -1.7181352E-02 -1.8046642E-02 -1.8963538E-02
 -1.9824594E-02 -2.0779744E-02 -2.1663010E-02 -2.2625102E-02 -2.3539789E-02
 -2.4523742E-02 -2.5455285E-02 -2.6483888E-02 -2.7425425E-02 -2.8447855E-02
 -5.9308887E-02 -5.8499455E-02 -5.8499604E-02  0.1968552      0.2305593    
  0.2523346      0.3820594      0.4435129      0.5050130     -0.3819388    
  4.5591582E-02  5.9575912E-02 -0.7109506     -0.2193896     -0.2324647    
 -0.6778646     -0.1509907     -0.1503032     -0.6740476     -0.1432382    
 -0.1499142     -0.6632012     -0.1460533     -0.1573586     -0.6496308    
 -0.1369696     -0.1514204     -0.6262648     -0.1391947     -0.1458661    
 -0.4774073     -0.1383174     -0.4563140     -0.1252319     -0.4248765    
 -0.1222560     -0.3824033     -0.1172176     -0.3449942     -0.1020366    
 -0.2968651     -0.1018842     -0.2396363     -9.4890326E-02 -0.1872409    
 -8.3108895E-02 -0.1296476     -8.0498710E-02 -5.6639958E-02 -7.1133181E-02
  0.1169541      0.1169597      0.1169597      7.1444303E-02 -1.0062123E-02
 -9.0516165E-02 -0.1732969     -0.2585233     -0.3334307     -0.4049378    
 -0.4505849     -0.4630351     -0.3225959     -0.4250950     -0.4011070    
 -0.2894798     -0.3755304     -0.3617785     -0.2603932     -0.3360837    
 -0.3229077     -0.2343268     -0.2958093     -0.2813306     -0.2058212    
 -0.2541259     -0.2395098     -0.1781070     -0.2129048     -0.1993429    
 -0.1623860     -0.1631799     -0.1289472     -0.1242515     -9.5935732E-02
 -8.6497977E-02 -6.3580148E-02 -5.0636303E-02 -3.1524032E-02 -1.6522810E-02
 -1.0468066E-05  1.6156318E-02  3.1234492E-02  4.7609128E-02  6.2080428E-02
  7.8053892E-02  9.2329666E-02  0.1072522      0.1215438      0.1352168    
 -0.9913648     -0.9914123     -0.9914123     -0.9778260     -0.9730062    
 -0.9633972     -0.9077438     -0.8581736     -0.7961066     -0.8307515    
 -0.8915687     -0.8843355     -0.6248850     -0.8781585     -0.8860437    
 -0.6757967     -0.9144281     -0.9200680     -0.6912706     -0.9308763    
 -0.9344818     -0.7108130     -0.9440155     -0.9466210     -0.7318589    
 -0.9574233     -0.9590135     -0.7589931     -0.9671073     -0.9690127    
 -0.8635468     -0.9768524     -0.8804262     -0.9843162     -0.9001535    
 -0.9887221     -0.9218054     -0.9918145     -0.9380753     -0.9946434    
 -0.9549195     -0.9946651     -0.9703602     -0.9943486     -0.9803504    
 -0.9934791     -0.9872521     -0.9909677     -0.9909688     -0.9882593    
    3.45938E+02   ! Azimuth index: 124 in degrees
  2.7144760E-02  3.0638095E-02  3.4131426E-02  3.7624758E-02  4.1118093E-02
  4.4611424E-02  4.8104759E-02  5.1598094E-02  5.5091426E-02  5.8584761E-02
  6.2078092E-02  6.5571427E-02  6.9064766E-02  7.2558090E-02  7.6051429E-02
  7.9544768E-02  8.3038092E-02  8.6531430E-02  9.0024769E-02  9.3518093E-02
  9.7011432E-02  0.1005048      0.1039981      0.1074914      0.1109848    
  0.1144781      0.1179714      0.1214648      0.1249581      0.1284514    
  0.1328181      0.1380581      0.1432981      0.1485381      0.1537781    
  0.1590181      0.1642581      0.1694981      0.1747381      0.1799781    
  0.1852181      0.1904581      0.1956981      0.2009381      0.2061781    
  0.2114181      0.2166581      0.2218981      0.2271381      0.2323781    
  0.0000000E+00  0.0000000E+00  0.0000000E+00  2.1729549E-05  6.5223212E-05
  1.0833047E-04 -3.4858345E-04 -1.2774649E-03 -2.1360943E-03 -3.4056823E-03
 -4.9988450E-03 -6.4512468E-03 -8.2253711E-03 -1.0104306E-02 -1.1773271E-02
 -1.3700267E-02 -1.5696298E-02 -1.7531034E-02 -1.9566886E-02 -2.1653112E-02
 -2.3607137E-02 -2.5727717E-02 -2.7898613E-02 -2.9970046E-02 -3.2181185E-02
 -3.4449756E-02 -3.6651503E-02 -3.8974240E-02 -4.1366681E-02 -4.3720901E-02
 -4.6801344E-02 -5.0589204E-02 -5.4477774E-02 -5.8487117E-02 -6.2593900E-02
 -6.6813804E-02 -7.1127415E-02 -7.5545445E-02 -8.0056950E-02 -8.4667452E-02
 -8.9371786E-02 -9.4170310E-02 -9.9063419E-02 -0.1040463     -0.1091250    
 -0.1142894     -0.1195511     -0.1248949     -0.1303371     -0.1358577    
 -1.5929349E-03 -1.8011080E-03 -2.0078463E-03 -2.2028021E-03 -2.3820698E-03
 -2.5756834E-03 -2.6580812E-03 -2.5190390E-03 -2.1857908E-03 -2.5208425E-03
 -2.7950006E-03 -2.2079018E-03 -3.0416613E-03 -3.9307019E-03 -3.4668106E-03
 -4.3782815E-03 -5.2557769E-03 -4.7756201E-03 -5.6754649E-03 -6.5869056E-03
 -6.1633685E-03 -7.0618987E-03 -7.9579605E-03 -7.5893411E-03 -8.4948428E-03
 -9.3828421E-03 -9.0577975E-03 -9.9400636E-03 -1.0829849E-02 -1.0591818E-02
 -1.1397740E-02 -1.2191055E-02 -1.2975546E-02 -1.3801441E-02 -1.4597164E-02
 -1.5472137E-02 -1.6290938E-02 -1.7187379E-02 -1.8052816E-02 -1.8969841E-02
 -1.9831019E-02 -2.0786300E-02 -2.1669686E-02 -2.2631891E-02 -2.3546699E-02
 -2.4530761E-02 -2.5462415E-02 -2.6491139E-02 -2.7432777E-02 -2.8455298E-02
 -5.9352688E-02 -5.8542475E-02 -5.8542877E-02  0.1968183      0.2305260    
  0.2522963      0.3820264      0.4434865      0.5049926     -0.3819681    
  4.5555260E-02  5.9543051E-02 -0.7109606     -0.2194222     -0.2324974    
 -0.6778786     -0.1510245     -0.1503308     -0.6740611     -0.1432720    
 -0.1499472     -0.6632127     -0.1460841     -0.1573911     -0.6496458    
 -0.1369947     -0.1514497     -0.6262805     -0.1392266     -0.1458972    
 -0.4774255     -0.1383468     -0.4563355     -0.1252552     -0.4248989    
 -0.1222824     -0.3824227     -0.1172454     -0.3450168     -0.1020577    
 -0.2968872     -0.1019097     -0.2396535     -9.4914630E-02 -0.1872611    
 -8.3128624E-02 -0.1296694     -8.0521278E-02 -5.6655381E-02 -7.1153209E-02
  0.1169538      0.1169595      0.1169595      7.1444839E-02 -1.0062203E-02
 -9.0517104E-02 -0.1732995     -0.2585271     -0.3334354     -0.4049325    
 -0.4505857     -0.4630360     -0.3225912     -0.4250918     -0.4011037    
 -0.2894746     -0.3755284     -0.3617770     -0.2603889     -0.3360820    
 -0.3229061     -0.2343236     -0.2958079     -0.2813292     -0.2058177    
 -0.2541250     -0.2395087     -0.1781041     -0.2129038     -0.1993420    
 -0.1623842     -0.1631792     -0.1289455     -0.1242512     -9.5934652E-02
 -8.6497724E-02 -6.3579611E-02 -5.0636135E-02 -3.1523753E-02 -1.6522778E-02
 -1.0496005E-05  1.6156279E-02  3.1234415E-02  4.7609054E-02  6.2080182E-02
  7.8053802E-02  9.2329428E-02  0.1072520      0.1215437      0.1352166    
 -0.9913623     -0.9914097     -0.9914098     -0.9778334     -0.9730141    
 -0.9634071     -0.9077572     -0.8581861     -0.7961177     -0.8307407    
 -0.8915700     -0.8843372     -0.6248759     -0.8781520     -0.8860365    
 -0.6757847     -0.9144233     -0.9200641     -0.6912592     -0.9308717    
 -0.9344772     -0.7108034     -0.9440112     -0.9466161     -0.7318466    
 -0.9574199     -0.9590091     -0.7589807     -0.9671029     -0.9690081    
 -0.8635371     -0.9768484     -0.8804153     -0.9843133     -0.9001430    
 -0.9887190     -0.9217975     -0.9918112     -0.9380670     -0.9946413    
 -0.9549127     -0.9946625     -0.9703560     -0.9943464     -0.9803465    
 -0.9934774     -0.9872493     -0.9909659     -0.9909679     -0.9882579    
    3.48750E+02   ! Azimuth index: 125 in degrees
  2.7144760E-02  3.0638095E-02  3.4131426E-02  3.7624758E-02  4.1118093E-02
  4.4611424E-02  4.8104759E-02  5.1598094E-02  5.5091426E-02  5.8584761E-02
  6.2078092E-02  6.5571427E-02  6.9064766E-02  7.2558090E-02  7.6051429E-02
  7.9544768E-02  8.3038092E-02  8.6531430E-02  9.0024769E-02  9.3518093E-02
  9.7011432E-02  0.1005048      0.1039981      0.1074914      0.1109848    
  0.1144781      0.1179714      0.1214648      0.1249581      0.1284514    
  0.1328181      0.1380581      0.1432981      0.1485381      0.1537781    
  0.1590181      0.1642581      0.1694981      0.1747381      0.1799781    
  0.1852181      0.1904581      0.1956981      0.2009381      0.2061781    
  0.2114181      0.2166581      0.2218981      0.2271381      0.2323781    
  0.0000000E+00  0.0000000E+00  0.0000000E+00  2.1729549E-05  6.5223212E-05
  1.0833047E-04 -3.4858345E-04 -1.2774649E-03 -2.1360943E-03 -3.4056823E-03
 -4.9988450E-03 -6.4512468E-03 -8.2253711E-03 -1.0104306E-02 -1.1773271E-02
 -1.3700267E-02 -1.5696298E-02 -1.7531034E-02 -1.9566886E-02 -2.1653112E-02
 -2.3607137E-02 -2.5727717E-02 -2.7898613E-02 -2.9970046E-02 -3.2181185E-02
 -3.4449756E-02 -3.6651503E-02 -3.8974240E-02 -4.1366681E-02 -4.3720901E-02
 -4.6801344E-02 -5.0589204E-02 -5.4477774E-02 -5.8487117E-02 -6.2593900E-02
 -6.6813804E-02 -7.1127415E-02 -7.5545445E-02 -8.0056950E-02 -8.4667452E-02
 -8.9371786E-02 -9.4170310E-02 -9.9063419E-02 -0.1040463     -0.1091250    
 -0.1142894     -0.1195511     -0.1248949     -0.1303371     -0.1358577    
 -1.5937795E-03 -1.8020752E-03 -2.0089366E-03 -2.2040093E-03 -2.3833844E-03
 -2.5771130E-03 -2.6596375E-03 -2.5207163E-03 -2.1875785E-03 -2.5227480E-03
 -2.7970371E-03 -2.2100639E-03 -3.0439384E-03 -3.9331005E-03 -3.4693442E-03
 -4.3809512E-03 -5.2585825E-03 -4.7785481E-03 -5.6785136E-03 -6.5900898E-03
 -6.1666938E-03 -7.0653516E-03 -7.9615377E-03 -7.5930571E-03 -8.4987022E-03
 -9.3868338E-03 -9.0619177E-03 -9.9443262E-03 -1.0834259E-02 -1.0596376E-02
 -1.1402471E-02 -1.2195995E-02 -1.2980711E-02 -1.3806818E-02 -1.4602757E-02
 -1.5477959E-02 -1.6296981E-02 -1.7193649E-02 -1.8059328E-02 -1.8976584E-02
 -1.9837990E-02 -2.0793516E-02 -2.1677133E-02 -2.2639576E-02 -2.3554631E-02
 -2.4538931E-02 -2.5470834E-02 -2.6499819E-02 -2.7441703E-02 -2.8464474E-02
 -5.9386928E-02 -5.8577366E-02 -5.8577545E-02  0.1967885      0.2304988    
  0.2522635      0.3819983      0.4434636      0.5049745     -0.3819947    
  4.5521375E-02  5.9512161E-02 -0.7109703     -0.2194547     -0.2325301    
 -0.6778930     -0.1510592     -0.1503592     -0.6740752     -0.1433088    
 -0.1499846     -0.6632258     -0.1461195     -0.1574294     -0.6496633    
 -0.1370269     -0.1514867     -0.6263000     -0.1392667     -0.1459381    
 -0.4774504     -0.1383874     -0.4563661     -0.1252918     -0.4249319    
 -0.1223237     -0.3824553     -0.1172903     -0.3450556     -0.1020979    
 -0.2969275     -0.1019559     -0.2396916     -9.4962418E-02 -0.1873040    
 -8.3173297E-02 -0.1297179     -8.0570184E-02 -5.6699365E-02 -7.1202219E-02
  0.1169536      0.1169592      0.1169592      7.1445286E-02 -1.0062270E-02
 -9.0517901E-02 -0.1733017     -0.2585304     -0.3334395     -0.4049277    
 -0.4505864     -0.4630369     -0.3225867     -0.4250886     -0.4011005    
 -0.2894694     -0.3755264     -0.3617754     -0.2603843     -0.3360802    
 -0.3229043     -0.2343200     -0.2958063     -0.2813274     -0.2058137    
 -0.2541238     -0.2395074     -0.1781005     -0.2129025     -0.1993408    
 -0.1623817     -0.1631783     -0.1289433     -0.1242506     -9.5932975E-02
 -8.6497262E-02 -6.3578680E-02 -5.0635867E-02 -3.1523272E-02 -1.6522707E-02
 -1.0496005E-05  1.6156200E-02  3.1234076E-02  4.7608800E-02  6.2079668E-02
  7.8053474E-02  9.2328809E-02  0.1072515      0.1215433      0.1352161    
 -0.9913602     -0.9914078     -0.9914078     -0.9778394     -0.9730206    
 -0.9634156     -0.9077686     -0.8581970     -0.7961274     -0.8307308    
 -0.8915715     -0.8843389     -0.6248672     -0.8781454     -0.8860294    
 -0.6757725     -0.9144183     -0.9200602     -0.6912472     -0.9308667    
 -0.9344717     -0.7107924     -0.9440061     -0.9466102     -0.7318321    
 -0.9574156     -0.9590037     -0.7589654     -0.9670974     -0.9690022    
 -0.8635238     -0.9768428     -0.8803997     -0.9843088     -0.9001276    
 -0.9887139     -0.9217840     -0.9918060     -0.9380527     -0.9946371    
 -0.9549001     -0.9946578     -0.9703466     -0.9943418     -0.9803383    
 -0.9934737     -0.9872429     -0.9909619     -0.9909654     -0.9882544    
    3.51562E+02   ! Azimuth index: 126 in degrees
  2.7144760E-02  3.0638095E-02  3.4131426E-02  3.7624758E-02  4.1118093E-02
  4.4611424E-02  4.8104759E-02  5.1598094E-02  5.5091426E-02  5.8584761E-02
  6.2078092E-02  6.5571427E-02  6.9064766E-02  7.2558090E-02  7.6051429E-02
  7.9544768E-02  8.3038092E-02  8.6531430E-02  9.0024769E-02  9.3518093E-02
  9.7011432E-02  0.1005048      0.1039981      0.1074914      0.1109848    
  0.1144781      0.1179714      0.1214648      0.1249581      0.1284514    
  0.1328181      0.1380581      0.1432981      0.1485381      0.1537781    
  0.1590181      0.1642581      0.1694981      0.1747381      0.1799781    
  0.1852181      0.1904581      0.1956981      0.2009381      0.2061781    
  0.2114181      0.2166581      0.2218981      0.2271381      0.2323781    
  0.0000000E+00  0.0000000E+00  0.0000000E+00  2.1729549E-05  6.5223212E-05
  1.0833047E-04 -3.4858345E-04 -1.2774649E-03 -2.1360943E-03 -3.4056823E-03
 -4.9988450E-03 -6.4512468E-03 -8.2253711E-03 -1.0104306E-02 -1.1773271E-02
 -1.3700267E-02 -1.5696298E-02 -1.7531034E-02 -1.9566886E-02 -2.1653112E-02
 -2.3607137E-02 -2.5727717E-02 -2.7898613E-02 -2.9970046E-02 -3.2181185E-02
 -3.4449756E-02 -3.6651503E-02 -3.8974240E-02 -4.1366681E-02 -4.3720901E-02
 -4.6801344E-02 -5.0589204E-02 -5.4477774E-02 -5.8487117E-02 -6.2593900E-02
 -6.6813804E-02 -7.1127415E-02 -7.5545445E-02 -8.0056950E-02 -8.4667452E-02
 -8.9371786E-02 -9.4170310E-02 -9.9063419E-02 -0.1040463     -0.1091250    
 -0.1142894     -0.1195511     -0.1248949     -0.1303371     -0.1358577    
 -1.5943473E-03 -1.8027399E-03 -2.0097005E-03 -2.2048678E-03 -2.3843301E-03
 -2.5781565E-03 -2.6607914E-03 -2.5219759E-03 -2.1889363E-03 -2.5242139E-03
 -2.7986262E-03 -2.2117738E-03 -3.0457587E-03 -3.9350428E-03 -3.4714239E-03
 -4.3831696E-03 -5.2609416E-03 -4.7810376E-03 -5.6811324E-03 -6.5928549E-03
 -6.1696144E-03 -7.0684170E-03 -7.9647442E-03 -7.5964229E-03 -8.5022328E-03
 -9.3905199E-03 -9.0657594E-03 -9.9483384E-03 -1.0838447E-02 -1.0600746E-02
 -1.1407058E-02 -1.2200845E-02 -1.2985848E-02 -1.3812237E-02 -1.4608463E-02
 -1.5483970E-02 -1.6303292E-02 -1.7200276E-02 -1.8066287E-02 -1.8983863E-02
 -1.9845599E-02 -2.0801475E-02 -2.1685431E-02 -2.2648223E-02 -2.3563646E-02
 -2.4548307E-02 -2.5480587E-02 -2.6509965E-02 -2.7452232E-02 -2.8475394E-02
 -5.9413683E-02 -5.8605369E-02 -5.8605481E-02  0.1967644      0.2304763    
  0.2522350      0.3819736      0.4434436      0.5049582     -0.3820195    
  4.5489114E-02  5.9483036E-02 -0.7109798     -0.2194881     -0.2325632    
 -0.6779078     -0.1510956     -0.1503899     -0.6740904     -0.1433489    
 -0.1500267     -0.6632406     -0.1461604     -0.1574733     -0.6496834    
 -0.1370665     -0.1515311     -0.6263233     -0.1393149     -0.1459888    
 -0.4774821     -0.1384387     -0.4564054     -0.1253414     -0.4249752    
 -0.1223796     -0.3825006     -0.1173519     -0.3451083     -0.1021563    
 -0.2969851     -0.1020218     -0.2397488     -9.5032677E-02 -0.1873693    
 -8.3240665E-02 -0.1297907     -8.0644011E-02 -5.6769125E-02 -7.1278684E-02
  0.1169534      0.1169590      0.1169590      7.1445629E-02 -1.0062331E-02
 -9.0518601E-02 -0.1733036     -0.2585332     -0.3334431     -0.4049232    
 -0.4505870     -0.4630377     -0.3225823     -0.4250853     -0.4010972    
 -0.2894641     -0.3755243     -0.3617737     -0.2603794     -0.3360782    
 -0.3229022     -0.2343158     -0.2958046     -0.2813254     -0.2058090    
 -0.2541224     -0.2395057     -0.1780963     -0.2129011     -0.1993393    
 -0.1623785     -0.1631771     -0.1289404     -0.1242498     -9.5930837E-02
 -8.6496681E-02 -6.3577414E-02 -5.0635494E-02 -3.1522598E-02 -1.6522607E-02
 -1.0496005E-05  1.6156062E-02  3.1233624E-02  4.7608536E-02  6.2078908E-02
  7.8053065E-02  9.2327952E-02  0.1072509      0.1215430      0.1352154    
 -0.9913586     -0.9914061     -0.9914061     -0.9778442     -0.9730259    
 -0.9634230     -0.9077786     -0.8582065     -0.7961362     -0.8307215    
 -0.8915729     -0.8843403     -0.6248587     -0.8781387     -0.8860223    
 -0.6757600     -0.9144133     -0.9200557     -0.6912342     -0.9308612    
 -0.9344657     -0.7107797     -0.9440004     -0.9466035     -0.7318156    
 -0.9574103     -0.9589970     -0.7589472     -0.9670908     -0.9689949    
 -0.8635069     -0.9768357     -0.8803797     -0.9843026     -0.9001074    
 -0.9887070     -0.9217653     -0.9917986     -0.9380333     -0.9946311    
 -0.9548821     -0.9946510     -0.9703324     -0.9943351     -0.9803259    
 -0.9934680     -0.9872335     -0.9909559     -0.9909615     -0.9882490    
    3.54375E+02   ! Azimuth index: 127 in degrees
  2.7144760E-02  3.0638095E-02  3.4131426E-02  3.7624758E-02  4.1118093E-02
  4.4611424E-02  4.8104759E-02  5.1598094E-02  5.5091426E-02  5.8584761E-02
  6.2078092E-02  6.5571427E-02  6.9064766E-02  7.2558090E-02  7.6051429E-02
  7.9544768E-02  8.3038092E-02  8.6531430E-02  9.0024769E-02  9.3518093E-02
  9.7011432E-02  0.1005048      0.1039981      0.1074914      0.1109848    
  0.1144781      0.1179714      0.1214648      0.1249581      0.1284514    
  0.1328181      0.1380581      0.1432981      0.1485381      0.1537781    
  0.1590181      0.1642581      0.1694981      0.1747381      0.1799781    
  0.1852181      0.1904581      0.1956981      0.2009381      0.2061781    
  0.2114181      0.2166581      0.2218981      0.2271381      0.2323781    
  0.0000000E+00  0.0000000E+00  0.0000000E+00  2.1729549E-05  6.5223212E-05
  1.0833047E-04 -3.4858345E-04 -1.2774649E-03 -2.1360943E-03 -3.4056823E-03
 -4.9988450E-03 -6.4512468E-03 -8.2253711E-03 -1.0104306E-02 -1.1773271E-02
 -1.3700267E-02 -1.5696298E-02 -1.7531034E-02 -1.9566886E-02 -2.1653112E-02
 -2.3607137E-02 -2.5727717E-02 -2.7898613E-02 -2.9970046E-02 -3.2181185E-02
 -3.4449756E-02 -3.6651503E-02 -3.8974240E-02 -4.1366681E-02 -4.3720901E-02
 -4.6801344E-02 -5.0589204E-02 -5.4477774E-02 -5.8487117E-02 -6.2593900E-02
 -6.6813804E-02 -7.1127415E-02 -7.5545445E-02 -8.0056950E-02 -8.4667452E-02
 -8.9371786E-02 -9.4170310E-02 -9.9063419E-02 -0.1040463     -0.1091250    
 -0.1142894     -0.1195511     -0.1248949     -0.1303371     -0.1358577    
 -1.5946589E-03 -1.8031255E-03 -2.0101636E-03 -2.2054049E-03 -2.3849374E-03
 -2.5788462E-03 -2.6615760E-03 -2.5228534E-03 -2.1899017E-03 -2.5252793E-03
 -2.7998094E-03 -2.2130739E-03 -3.0471678E-03 -3.9365739E-03 -3.4730965E-03
 -4.3849852E-03 -5.2629043E-03 -4.7831396E-03 -5.6833727E-03 -6.5952535E-03
 -6.1721848E-03 -7.0711486E-03 -7.9676360E-03 -7.5994944E-03 -8.5054925E-03
 -9.3939584E-03 -9.0693822E-03 -9.9521615E-03 -1.0842474E-02 -1.0604987E-02
 -1.1411559E-02 -1.2205667E-02 -1.2991020E-02 -1.3817756E-02 -1.4614339E-02
 -1.5490224E-02 -1.6309926E-02 -1.7207311E-02 -1.8073743E-02 -1.8991735E-02
 -1.9853897E-02 -2.0810228E-02 -2.1694630E-02 -2.2657882E-02 -2.3573792E-02
 -2.4558933E-02 -2.5491714E-02 -2.6521616E-02 -2.7464403E-02 -2.8488094E-02
 -5.9433497E-02 -5.8627263E-02 -5.8627363E-02  0.1967454      0.2304581    
  0.2522103      0.3819524      0.4434259      0.5049435     -0.3820429    
  4.5458063E-02  5.9454106E-02 -0.7109891     -0.2195222     -0.2325974    
 -0.6779230     -0.1511342     -0.1504232     -0.6741068     -0.1433926    
 -0.1500728     -0.6632573     -0.1462064     -0.1575232     -0.6497061    
 -0.1371135     -0.1515833     -0.6263505     -0.1393706     -0.1460495    
 -0.4775203     -0.1385010     -0.4564534     -0.1254034     -0.4250287    
 -0.1224500     -0.3825581     -0.1174299     -0.3451752     -0.1022326    
 -0.2970597     -0.1021077     -0.2398244     -9.5124565E-02 -0.1874563    
 -8.3331004E-02 -0.1298871     -8.0742717E-02 -5.6865200E-02 -7.1381547E-02
  0.1169533      0.1169589      0.1169588      7.1445905E-02 -1.0062370E-02
 -9.0519190E-02 -0.1733052     -0.2585358     -0.3334465     -0.4049190    
 -0.4505877     -0.4630384     -0.3225780     -0.4250820     -0.4010938    
 -0.2894585     -0.3755220     -0.3617719     -0.2603741     -0.3360761    
 -0.3228999     -0.2343112     -0.2958025     -0.2813231     -0.2058038    
 -0.2541208     -0.2395038     -0.1780913     -0.2128994     -0.1993375    
 -0.1623747     -0.1631756     -0.1289368     -0.1242488     -9.5928162E-02
 -8.6495884E-02 -6.3575745E-02 -5.0635029E-02 -3.1521797E-02 -1.6522480E-02
 -1.0468066E-05  1.6155947E-02  3.1232996E-02  4.7608092E-02  6.2077865E-02
  7.8052476E-02  9.2326790E-02  0.1072500      0.1215422      0.1352144    
 -0.9913575     -0.9914048     -0.9914049     -0.9778480     -0.9730303    
 -0.9634294     -0.9077872     -0.8582148     -0.7961441     -0.8307129    
 -0.8915741     -0.8843418     -0.6248504     -0.8781317     -0.8860147    
 -0.6757472     -0.9144078     -0.9200511     -0.6912203     -0.9308553    
 -0.9344591     -0.7107658     -0.9439940     -0.9465958     -0.7317970    
 -0.9574040     -0.9589893     -0.7589260     -0.9670832     -0.9689862    
 -0.8634865     -0.9768271     -0.8803554     -0.9842948     -0.9000824    
 -0.9886984     -0.9217415     -0.9917895     -0.9380088     -0.9946234    
 -0.9548589     -0.9946421     -0.9703137     -0.9943263     -0.9803093    
 -0.9934604     -0.9872209     -0.9909480     -0.9909559     -0.9882417    
    3.57188E+02   ! Azimuth index: 128 in degrees
  2.7144760E-02  3.0638095E-02  3.4131426E-02  3.7624758E-02  4.1118093E-02
  4.4611424E-02  4.8104759E-02  5.1598094E-02  5.5091426E-02  5.8584761E-02
  6.2078092E-02  6.5571427E-02  6.9064766E-02  7.2558090E-02  7.6051429E-02
  7.9544768E-02  8.3038092E-02  8.6531430E-02  9.0024769E-02  9.3518093E-02
  9.7011432E-02  0.1005048      0.1039981      0.1074914      0.1109848    
  0.1144781      0.1179714      0.1214648      0.1249581      0.1284514    
  0.1328181      0.1380581      0.1432981      0.1485381      0.1537781    
  0.1590181      0.1642581      0.1694981      0.1747381      0.1799781    
  0.1852181      0.1904581      0.1956981      0.2009381      0.2061781    
  0.2114181      0.2166581      0.2218981      0.2271381      0.2323781    
  0.0000000E+00  0.0000000E+00  0.0000000E+00  2.1729549E-05  6.5223212E-05
  1.0833047E-04 -3.4858345E-04 -1.2774649E-03 -2.1360943E-03 -3.4056823E-03
 -4.9988450E-03 -6.4512468E-03 -8.2253711E-03 -1.0104306E-02 -1.1773271E-02
 -1.3700267E-02 -1.5696298E-02 -1.7531034E-02 -1.9566886E-02 -2.1653112E-02
 -2.3607137E-02 -2.5727717E-02 -2.7898613E-02 -2.9970046E-02 -3.2181185E-02
 -3.4449756E-02 -3.6651503E-02 -3.8974240E-02 -4.1366681E-02 -4.3720901E-02
 -4.6801344E-02 -5.0589204E-02 -5.4477774E-02 -5.8487117E-02 -6.2593900E-02
 -6.6813804E-02 -7.1127415E-02 -7.5545445E-02 -8.0056950E-02 -8.4667452E-02
 -8.9371786E-02 -9.4170310E-02 -9.9063419E-02 -0.1040463     -0.1091250    
 -0.1142894     -0.1195511     -0.1248949     -0.1303371     -0.1358577    
 -1.5947225E-03 -1.8032409E-03 -2.0103357E-03 -2.2056317E-03 -2.3852168E-03
 -2.5791936E-03 -2.6620063E-03 -2.5233636E-03 -2.1904893E-03 -2.5259601E-03
 -2.8006025E-03 -2.2139817E-03 -3.0481825E-03 -3.9377133E-03 -3.4743818E-03
 -4.3864190E-03 -5.2644918E-03 -4.7848746E-03 -5.6852573E-03 -6.5973084E-03
 -6.1744284E-03 -7.0735710E-03 -7.9702362E-03 -7.6022972E-03 -8.5085044E-03
 -9.3971761E-03 -9.0728113E-03 -9.9558188E-03 -1.0846367E-02 -1.0609127E-02
 -1.1416005E-02 -1.2210488E-02 -1.2996253E-02 -1.3823405E-02 -1.4620416E-02
 -1.5496754E-02 -1.6316917E-02 -1.7214788E-02 -1.8081732E-02 -1.9000232E-02
 -1.9862922E-02 -2.0819807E-02 -2.1704759E-02 -2.2668589E-02 -2.3585100E-02
 -2.4570841E-02 -2.5504248E-02 -2.6534803E-02 -2.7478244E-02 -2.8502602E-02
 -5.9446719E-02 -5.8643315E-02 -5.8643419E-02  0.1967314      0.2304439    
  0.2521890      0.3819340      0.4434104      0.5049303     -0.3820650    
  4.5427825E-02  5.9425779E-02 -0.7109982     -0.2195572     -0.2326329    
 -0.6779389     -0.1511750     -0.1504585     -0.6741244     -0.1434401    
 -0.1501246     -0.6632760     -0.1462580     -0.1575787     -0.6497316    
 -0.1371677     -0.1516434     -0.6263815     -0.1394347     -0.1461201    
 -0.4775652     -0.1385739     -0.4565102     -0.1254784     -0.4250925    
 -0.1225346     -0.3826282     -0.1175245     -0.3452569     -0.1023260    
 -0.2971521     -0.1022122     -0.2399191     -9.5238484E-02 -0.1875643    
 -8.3444461E-02 -0.1300070     -8.0866329E-02 -5.6986772E-02 -7.1510740E-02
  0.1169531      0.1169588      0.1169588      7.1446106E-02 -1.0062406E-02
 -9.0519719E-02 -0.1733067     -0.2585380     -0.3334495     -0.4049149    
 -0.4505883     -0.4630393     -0.3225738     -0.4250786     -0.4010904    
 -0.2894528     -0.3755197     -0.3617699     -0.2603685     -0.3360737    
 -0.3228973     -0.2343060     -0.2958002     -0.2813206     -0.2057979    
 -0.2541188     -0.2395015     -0.1780856     -0.2128975     -0.1993354    
 -0.1623701     -0.1631740     -0.1289326     -0.1242477     -9.5925003E-02
 -8.6494997E-02 -6.3573748E-02 -5.0634459E-02 -3.1520788E-02 -1.6522318E-02
 -1.0496005E-05  1.6155772E-02  3.1232273E-02  4.7607537E-02  6.2076516E-02
  7.8051731E-02  9.2325322E-02  0.1072489      0.1215414      0.1352131    
 -0.9913567     -0.9914039     -0.9914039     -0.9778508     -0.9730335    
 -0.9634350     -0.9077947     -0.8582221     -0.7961513     -0.8307046    
 -0.8915753     -0.8843434     -0.6248422     -0.8781247     -0.8860071    
 -0.6757337     -0.9144021     -0.9200462     -0.6912052     -0.9308487    
 -0.9344517     -0.7107500     -0.9439867     -0.9465874     -0.7317758    
 -0.9573967     -0.9589803     -0.7589017     -0.9670742     -0.9689759    
 -0.8634624     -0.9768170     -0.8803266     -0.9842854     -0.9000526    
 -0.9886879     -0.9217126     -0.9917783     -0.9379787     -0.9946137    
 -0.9548302     -0.9946314     -0.9702904     -0.9943154     -0.9802888    
 -0.9934510     -0.9872053     -0.9909381     -0.9909492     -0.9882326    
    3.60000E+02   ! Azimuth index: 129 in degrees
  2.7144760E-02  3.0638095E-02  3.4131426E-02  3.7624758E-02  4.1118093E-02
  4.4611424E-02  4.8104759E-02  5.1598094E-02  5.5091426E-02  5.8584761E-02
  6.2078092E-02  6.5571427E-02  6.9064766E-02  7.2558090E-02  7.6051429E-02
  7.9544768E-02  8.3038092E-02  8.6531430E-02  9.0024769E-02  9.3518093E-02
  9.7011432E-02  0.1005048      0.1039981      0.1074914      0.1109848    
  0.1144781      0.1179714      0.1214648      0.1249581      0.1284514    
  0.1328181      0.1380581      0.1432981      0.1485381      0.1537781    
  0.1590181      0.1642581      0.1694981      0.1747381      0.1799781    
  0.1852181      0.1904581      0.1956981      0.2009381      0.2061781    
  0.2114181      0.2166581      0.2218981      0.2271381      0.2323781    
  0.0000000E+00  0.0000000E+00  0.0000000E+00  2.1729549E-05  6.5223212E-05
  1.0833047E-04 -3.4858345E-04 -1.2774649E-03 -2.1360943E-03 -3.4056823E-03
 -4.9988450E-03 -6.4512468E-03 -8.2253711E-03 -1.0104306E-02 -1.1773271E-02
 -1.3700267E-02 -1.5696298E-02 -1.7531034E-02 -1.9566886E-02 -2.1653112E-02
 -2.3607137E-02 -2.5727717E-02 -2.7898613E-02 -2.9970046E-02 -3.2181185E-02
 -3.4449756E-02 -3.6651503E-02 -3.8974240E-02 -4.1366681E-02 -4.3720901E-02
 -4.6801344E-02 -5.0589204E-02 -5.4477774E-02 -5.8487117E-02 -6.2593900E-02
 -6.6813804E-02 -7.1127415E-02 -7.5545445E-02 -8.0056950E-02 -8.4667452E-02
 -8.9371786E-02 -9.4170310E-02 -9.9063419E-02 -0.1040463     -0.1091250    
 -0.1142894     -0.1195511     -0.1248949     -0.1303371     -0.1358577    
 -1.5979919E-03 -1.8070207E-03 -2.0146330E-03 -2.2104210E-03 -2.3904592E-03
 -2.5849317E-03 -2.6682965E-03 -2.5301822E-03 -2.1977953E-03 -2.5337939E-03
 -2.8090300E-03 -2.2229857E-03 -3.0577132E-03 -3.9478135E-03 -3.4851208E-03
 -4.3978002E-03 -5.2765212E-03 -4.7974978E-03 -5.6984667E-03 -6.6111786E-03
 -6.1889938E-03 -7.0887767E-03 -7.9860669E-03 -7.6188277E-03 -8.5257599E-03
 -9.4151078E-03 -9.0914126E-03 -9.9751558E-03 -1.0866465E-02 -1.0630000E-02
 -1.1437796E-02 -1.2233391E-02 -1.3020364E-02 -1.3848682E-02 -1.4646880E-02
 -1.5524473E-02 -1.6345866E-02 -1.7245024E-02 -1.8113324E-02 -1.9033128E-02
 -1.9897133E-02 -2.0855423E-02 -2.1741726E-02 -2.2706943E-02 -2.3624910E-02
 -2.4612073E-02 -2.5546959E-02 -2.6579065E-02 -2.7524000E-02 -2.8549870E-02
 -5.9588734E-02 -5.8789231E-02 -5.8789507E-02  0.1966060      0.2303281    
  0.2520462      0.3818111      0.4433102      0.5048499     -0.3821850    
  4.5273401E-02  5.9285086E-02 -0.7110430     -0.2197112     -0.2327875    
 -0.6780069     -0.1513421     -0.1505982     -0.6741932     -0.1436201    
 -0.1503103     -0.6633418     -0.1464372     -0.1577713     -0.6498197    
 -0.1373373     -0.1518348     -0.6264824     -0.1396419     -0.1463357    
 -0.4776986     -0.1387903     -0.4566749     -0.1256815     -0.4252724    
 -0.1227643     -0.3828122     -0.1177762     -0.3454725     -0.1025591    
 -0.2973833     -0.1024778     -0.2401439     -9.5517136E-02 -0.1878218    
 -8.3709881E-02 -0.1302928     -8.1157818E-02 -5.7257187E-02 -7.1807429E-02
  0.1169522      0.1169578      0.1169578      7.1447946E-02 -1.0062691E-02
 -9.0523198E-02 -0.1733162     -0.2585523     -0.3334676     -0.4048932    
 -0.4505914     -0.4630432     -0.3225530     -0.4250635     -0.4010751    
 -0.2894281     -0.3755100     -0.3617621     -0.2603464     -0.3360649    
 -0.3228881     -0.2342878     -0.2957923     -0.2813118     -0.2057775    
 -0.2541128     -0.2394944     -0.1780671     -0.2128912     -0.1993290    
 -0.1623567     -0.1631690     -0.1289203     -0.1242444     -9.5916048E-02
 -8.6492509E-02 -6.3568518E-02 -5.0632961E-02 -3.1518124E-02 -1.6521920E-02
 -1.0466203E-05  1.6155358E-02  3.1230511E-02  4.7606297E-02  6.2073424E-02
  7.8049988E-02  9.2321813E-02  0.1072464      0.1215395      0.1352104    
 -0.9913483     -0.9913954     -0.9913954     -0.9778759     -0.9730610    
 -0.9634721     -0.9078446     -0.8582698     -0.7961946     -0.8306600    
 -0.8915815     -0.8843508     -0.6248019     -0.8780934     -0.8859734    
 -0.6756760     -0.9143785     -0.9200264     -0.6911464     -0.9308242    
 -0.9344251     -0.7106946     -0.9439613     -0.9465579     -0.7317035    
 -0.9573742     -0.9589519     -0.7588228     -0.9670458     -0.9689447    
 -0.8633912     -0.9767871     -0.8802430     -0.9842598     -0.8999687    
 -0.9886597     -0.9216365     -0.9917485     -0.9378995     -0.9945897    
 -0.9547582     -0.9946041     -0.9702348     -0.9942888     -0.9802398    
 -0.9934288     -0.9871680     -0.9909146     -0.9909338     -0.9882115    
