42  ! magic number
1 0 ! Version 1.0
CHARM PSU-WOPWOP loading comp  1                                                                                                                                                                                                                                                                                                                                                                                                                                                                                                                                                                                                                                                                                                                                                                                                                                                                                                                                                                                                                                
 2  ! 1:geometry file, 2:data file
 1  ! number of zones
 1  ! 1:structured  2:unstructured
 2  ! 1:constant, 2:periodic, 3:aperiodic
 1  ! Values are  1:node-centered, 2:face-centered
 2  ! 1:normal_force/length, 2: xyz_vector_force/length
 3  ! Values in  1:ground-fixed frame, 3:blade frame
 1  ! 1:single precision, 2:double precision
 0  ! reserved for future use
 0  ! reserved for future use
 1  ! number of zones with data
-1  ! zones with data, negative to skip thickness calc.
Rotor  1                        
    1.06830E-02  129   50    1  ! period  npsi+1  nspan  nchord
    0.00000E+00   ! Azimuth index:   1 in degrees
 -5.1827105E-03 -2.2888815E-02 -5.8552146E-02 -0.1090958     -0.2080333    
 -0.4220617     -0.5346305     -0.1186915      0.8895142      -14.91033    
  -1.062938      0.4699903      -31.26187      -2.341032      -3.172237    
  -42.63835      -1.996365      -1.712309      -53.37705      -2.048457    
  -3.049892      -61.33525      -1.826003      -4.442288      -68.74222    
 -0.9030727      -4.753480      -72.51956      -2.003418      -5.744723    
  -55.35415      -5.476590      -55.37267      -5.318668      -51.71145    
  -6.508309      -45.89972      -8.632966      -41.34116      -7.295516    
  -32.53356      -7.019081      -21.93592      -5.145019      -12.13165    
  -3.682193      -4.998069      -2.179359     -0.7958891      0.4856619    
 -3.2708351E-02 -3.7698153E-02 -3.0824352E-02 -1.3403554E-02 -0.2239963    
  -1.133620      -2.682831      -4.575464      -8.285691      -15.16104    
  -14.69579      -22.31563      -17.29247      -18.37133      -26.09270    
  -18.20359      -20.14705      -28.80372      -18.45166      -21.81205    
  -29.85828      -17.30203      -22.16800      -29.56188      -15.33572    
  -20.60802      -26.87017      -11.62048      -17.83884      -22.48464    
  -12.10354      -17.53304      -8.506491      -13.43862      -3.721688    
  -8.667403     -0.3317101      -5.837141       2.098881      -1.449216    
   5.799638       2.883922       7.821092       5.409594       7.183001    
   3.465927       2.243667      -1.343679      -4.078737      -4.850531    
 -0.1108035     -0.4189568      -1.028888      -2.125054      -4.257898    
  -7.243750      -10.46777      -14.96768      -21.98784      -23.95634    
  -30.65695      -52.08339      -32.11628      -41.88731      -73.08856    
  -49.11911      -58.40224      -95.28738      -64.39687      -75.68482    
  -114.8656      -80.04116      -93.45086      -131.8737      -95.74001    
  -109.4664      -144.3457      -110.5569      -123.2767      -148.1402    
  -135.5041      -145.7753      -143.6708      -148.6693      -148.3380    
  -147.3640      -148.7559      -143.2289      -146.7921      -135.7560    
  -139.2332      -122.9084      -121.1579      -97.63434      -87.34287    
  -57.62843      -39.88128      -10.86486       13.05971       21.33071    
    2.81250E+00   ! Azimuth index:   2 in degrees
  3.9714370E-03 -8.9014499E-03 -4.1365933E-02 -9.4231673E-02 -0.1941705    
 -0.4077772     -0.5225678     -0.1202096      0.8648903      -14.91465    
  -1.146247      0.4447697      -31.33234      -2.636798      -3.442155    
  -42.93176      -1.802249      -1.522650      -53.53624      -2.165371    
  -3.331623      -61.74997      -2.043064      -4.651229      -69.08569    
  -1.120918      -4.997338      -72.91003      -2.228177      -5.921661    
  -55.42855      -5.629725      -55.30364      -5.162903      -50.96737    
  -5.733631      -44.93390      -8.191872      -40.11141      -6.888989    
  -31.86290      -6.982244      -21.43202      -5.294593      -12.17395    
  -3.728212      -5.117490      -2.213894     -0.7970794      0.4845025    
 -3.3444390E-02 -3.8158860E-02 -2.9514082E-02 -1.2861208E-02 -0.1976365    
  -1.069082      -2.629475      -4.545449      -8.337674      -15.27734    
  -14.83438      -22.38445      -17.55468      -18.94153      -26.74146    
  -18.68419      -19.87311      -28.65747      -18.55689      -22.03579    
  -30.48240      -17.66530      -22.57082      -30.01602      -15.43600    
  -20.99919      -27.33312      -11.78512      -18.19487      -22.75735    
  -12.09274      -17.74602      -8.320581      -13.17817      -3.347716    
  -7.656590      8.1581958E-02  -5.396330       2.480014      -1.160496    
   5.540100       2.637552       7.627900       5.031328       6.891298    
   3.368798       2.104986      -1.369318      -4.061234      -4.840867    
  4.1676681E-02 -0.1831203     -0.7398156      -1.843177      -3.976983    
  -6.996418      -10.28791      -14.82654      -21.88500      -23.78758    
  -30.49852      -52.05113      -31.98300      -41.69711      -73.23585    
  -49.10727      -58.89318      -96.03029      -64.53486      -75.77095    
  -115.4439      -80.31459      -93.68075      -132.5381      -96.17199    
  -109.8208      -145.0594      -111.0011      -123.6549      -148.5874    
  -135.6828      -146.2454      -143.8100      -147.7673      -146.9475    
  -145.0775      -146.6514      -140.3470      -143.7159      -132.2264    
  -135.8699      -119.6468      -118.3451      -95.65351      -86.22109    
  -57.19382      -39.70826      -10.86352       12.93962       21.26520    
    5.62500E+00   ! Azimuth index:   3 in degrees
  6.1284346E-03 -5.1277778E-03 -3.5746016E-02 -8.7189384E-02 -0.1848939    
 -0.3935822     -0.5172103     -0.1210666      0.8535256      -14.66941    
  -1.075477      0.3992720      -30.99038      -2.682436      -3.496082    
  -42.53214      -1.807555      -1.512466      -52.74589      -1.699097    
  -2.794081      -61.19053      -1.917107      -4.510725      -68.36909    
  -1.196093      -5.005260      -72.31335      -2.154634      -5.812857    
  -54.74112      -5.487947      -54.16331      -4.495344      -48.74939    
  -5.693810      -45.45942      -8.411635      -39.71415      -6.845510    
  -31.68983      -6.905232      -21.54862      -5.372824      -11.99991    
  -3.722198      -5.058279      -2.176229     -0.7813826      0.4968569    
 -3.3298604E-02 -3.8649838E-02 -3.1589795E-02 -1.5363069E-02 -0.1890848    
  -1.025240      -2.597110      -4.487963      -8.225033      -15.02839    
  -14.50206      -22.11112      -17.48785      -18.87736      -26.58551    
  -18.62458      -19.74696      -28.39139      -17.30945      -21.17117    
  -29.38501      -17.47504      -22.18032      -29.53173      -15.27405    
  -20.95601      -27.15770      -11.70082      -17.92747      -22.41622    
  -11.86065      -17.38254      -7.832613      -12.17046      -1.873896    
  -7.593616     -0.9222723      -5.652214       2.834829      -1.108946    
   5.598869       2.702207       7.388973       4.894096       7.050745    
   3.343092       2.045240      -1.413001      -4.079634      -4.847096    
  7.7106446E-02 -0.1198247     -0.6453213      -1.710082      -3.790174    
  -6.752244      -10.09025      -14.60349      -21.59192      -23.39882    
  -30.07548      -51.26553      -31.51805      -41.19566      -72.32544    
  -48.53456      -58.43322      -95.19082      -64.52265      -75.79492    
  -114.9848      -79.61638      -92.84512      -131.1591      -95.16957    
  -108.9480      -143.8009      -110.0615      -122.4726      -146.8932    
  -134.1336      -144.1157      -141.5007      -144.9241      -143.7737    
  -142.3837      -145.5873      -139.4558      -143.3445      -131.7991    
  -135.3454      -119.1201      -117.8158      -95.04454      -86.09317    
  -56.89245      -39.10321      -10.39944       13.15832       21.36206    
    8.43750E+00   ! Azimuth index:   4 in degrees
  7.5085904E-03 -2.9430201E-03 -3.2776590E-02 -8.3784021E-02 -0.1806572    
 -0.3874657     -0.4871835     -8.9457326E-02  0.8352837      -14.75360    
  -1.057711      0.3911979      -30.89886      -2.709902      -3.541631    
  -42.39832      -1.930294      -1.614594      -52.75288      -1.704235    
  -2.842252      -60.81501      -1.557357      -4.150217      -68.11755    
  -1.202173      -5.010968      -72.19515      -2.148469      -5.789466    
  -54.63386      -5.589805      -53.62930      -4.768852      -49.46742    
  -6.049151      -46.05865      -8.417669      -40.04247      -6.863657    
  -31.75002      -6.828609      -21.58902      -5.446309      -12.24391    
  -3.732821      -5.084610      -2.198313     -0.7866229      0.4924850    
 -3.3710726E-02 -3.8851235E-02 -3.0719243E-02 -1.0816851E-02 -0.1716331    
 -0.9824592      -2.485734      -4.347642      -8.280979      -15.11877    
  -14.51050      -22.01139      -17.53121      -18.87455      -26.55880    
  -18.70115      -19.94021      -28.51128      -17.47663      -21.13380    
  -29.39158      -16.54641      -21.64775      -28.98313      -15.24312    
  -20.92634      -27.13237      -11.65489      -17.86181      -22.33212    
  -11.78963      -17.47919      -7.269430      -12.51368      -2.382377    
  -8.018044      -1.311320      -5.600067       2.868348      -1.055889    
   5.749465       2.866939       7.528255       4.961813       6.984540    
   3.349927       2.052137      -1.390121      -4.060188      -4.846959    
  9.7920783E-02 -8.5891642E-02 -0.5991465      -1.650331      -3.710817    
  -6.653236      -10.00639      -14.52194      -21.54204      -23.52382    
  -30.20743      -51.11348      -31.33914      -40.99846      -71.93884    
  -48.24905      -58.28268      -94.96284      -64.36545      -75.61552    
  -114.6699      -79.97198      -93.34547      -131.6911      -94.78364    
  -108.8090      -143.6877      -109.8926      -122.1793      -146.6931    
  -133.9158      -143.9061      -141.1717      -145.5676      -144.5997    
  -143.0711      -146.4203      -140.3397      -144.4359      -132.5344    
  -135.9462      -119.6633      -118.4012      -96.02279      -86.77498    
  -56.94931      -39.22976      -10.62034       13.01435       21.31349    
    1.12500E+01   ! Azimuth index:   5 in degrees
 -3.6737300E-03 -1.9957906E-02 -5.6077033E-02 -0.1102784     -0.2098687    
 -0.4230227     -0.5064338     -8.8354811E-02  0.8291268      -15.02835    
  -1.038819      0.4609120      -31.45895      -2.639623      -3.485994    
  -42.47891      -1.912124      -1.582462      -52.87901      -1.673560    
  -2.808532      -60.86791      -1.510475      -4.062340      -68.11577    
 -0.7911956      -4.535843      -72.07289      -1.858478      -5.466208    
  -54.45498      -5.435119      -54.33626      -5.196010      -51.02222    
  -6.611623      -46.15687      -8.665857      -40.47616      -6.851116    
  -31.91935      -6.985672      -21.83081      -5.268803      -12.21327    
  -3.766830      -5.098862      -2.219609     -0.7974823      0.4747271    
 -2.2289831E-02  1.0614344E-03  3.1619012E-02  8.7499738E-02 -5.7796758E-02
 -0.9064599      -2.580158      -4.464081      -8.616195      -15.39306    
  -14.60740      -22.22000      -18.02614      -18.87588      -26.58606    
  -18.68394      -19.95347      -28.50872      -17.52396      -21.10263    
  -29.35623      -16.56684      -21.57281      -28.84751      -14.86442    
  -20.26587      -26.40654      -11.40226      -17.41756      -21.85534    
  -11.37672      -17.28314      -7.635584      -13.15682      -3.274316    
  -8.731540      -1.070176      -5.818942       2.991250     -0.9566855    
   6.003557       2.795971       7.497675       5.270118       7.082518    
   3.360620       2.135619      -1.359966      -4.033669      -4.837362    
 -0.1049458     -0.3953906      -1.007787      -2.154501      -4.298501    
  -7.262842      -10.42603      -14.97919      -22.11129      -23.96785    
  -30.57788      -51.88900      -31.74828      -41.44964      -72.57241    
  -48.39439      -58.45971      -95.21329      -64.51221      -75.73387    
  -114.8316      -80.03358      -93.39904      -131.8319      -95.19508    
  -108.8320      -143.9769      -109.9789      -122.2066      -147.0085    
  -134.2262      -144.6290      -142.3406      -147.9858      -147.1457    
  -145.2117      -147.4211      -142.3039      -146.2311      -133.7566    
  -137.2939      -120.4917      -119.1732      -96.87822      -86.98209    
  -57.17246      -39.65063      -10.89041       12.79615       21.15939    
    1.40625E+01   ! Azimuth index:   6 in degrees
 -1.6084138E-02 -3.8383536E-02 -7.9766326E-02 -0.1359632     -0.2373537    
 -0.4547804     -0.5627722     -0.1214276      0.8288823      -15.35716    
  -1.041580      0.4351415      -31.88345      -2.689056      -3.463511    
  -42.89315      -1.803365      -1.449427      -53.33369      -1.594420    
  -2.723512      -61.47269      -1.418980      -3.984180      -68.85284    
 -0.6192451      -4.393166      -72.52094      -1.293426      -4.961278    
  -54.50371      -4.594810      -54.43050      -4.611192      -51.02038    
  -6.435363      -46.24382      -7.891528      -40.48677      -7.007565    
  -32.15495      -7.070345      -22.31418      -5.380994      -12.33171    
  -3.787389      -5.145561      -2.218154     -0.7840987      0.5013103    
 -4.9022702E-03  7.7387136E-03  4.9935885E-02  8.9271396E-02 -0.1195414    
  -1.053929      -2.814222      -4.733974      -8.972774      -15.68418    
  -14.82373      -22.80454      -18.23056      -19.08282      -26.88668    
  -18.07393      -19.90898      -28.65142      -17.42984      -21.13571    
  -29.53016      -16.66241      -21.59463      -29.01999      -14.96037    
  -20.18592      -26.46598      -10.87099      -16.74717      -21.29375    
  -10.50256      -16.20747      -6.850518      -12.43477      -2.514495    
  -8.477492     -0.5059774      -4.806092       3.242437      -1.029050    
   6.018513       2.793216       7.263762       5.197143       7.003564    
   3.389523       2.112530      -1.374353      -4.068522      -4.827292    
 -0.3136501     -0.6977594      -1.408280      -2.646086      -4.864378    
  -7.820037      -10.99341      -15.53254      -22.78005      -24.55150    
  -31.13722      -52.83052      -32.20709      -41.79625      -73.61787    
  -49.61520      -59.08162      -96.54171      -65.30656      -76.50578    
  -116.3581      -80.90076      -94.30470      -133.6204      -96.29666    
  -110.0007      -146.1255      -111.3804      -123.8239      -149.3598    
  -136.1725      -146.6109      -144.3027      -149.9521      -148.9090    
  -147.1808      -149.1208      -143.8258      -146.8611      -134.8663    
  -138.0699      -121.0388      -120.1178      -97.05238      -87.08277    
  -57.44667      -39.72820      -10.79971       13.02943       21.21860    
    1.68750E+01   ! Azimuth index:   7 in degrees
 -1.4548242E-02 -3.7381228E-02 -7.9304785E-02 -0.1366869     -0.2389591    
 -0.4569878     -0.5678133     -0.1318378      0.8180694      -15.28214    
  -1.054170      0.4971389      -31.81654      -2.606937      -3.436019    
  -43.48348      -2.140145      -1.821318      -54.15122      -2.190943    
  -3.234000      -62.58654      -1.917736      -4.541953      -70.05632    
 -0.5052853      -4.261586      -73.78274     -0.9640993      -4.696359    
  -55.37095      -4.210122      -54.86420      -3.644946      -51.55176    
  -6.019971      -46.77164      -7.720069      -40.70898      -6.490876    
  -31.96104      -6.872350      -21.77941      -5.423762      -12.41584    
  -3.855980      -5.148407      -2.201768     -0.7585065      0.5338075    
 -6.4360159E-03  1.4915359E-02  6.8459116E-02  0.1282740     -4.2527422E-02
 -0.8835032      -2.835062      -4.778789      -9.003398      -15.59755    
  -14.77746      -22.64636      -18.12658      -18.91230      -26.85835    
  -19.54490      -20.50766      -29.42925      -18.75385      -22.22626    
  -30.65422      -17.96695      -22.60226      -30.31467      -15.28437    
  -20.33412      -26.74475      -10.78474      -16.54390      -21.27653    
  -10.02118      -15.90454      -5.610756      -11.28515      -1.551724    
  -7.917679      4.9890984E-02  -4.477289       3.793741     -0.3315158    
   6.579391       3.149728       8.109440       5.202104       6.989019    
   3.324028       2.046434      -1.410653      -4.111136      -4.862941    
 -0.2892836     -0.6862704      -1.407935      -2.663412      -4.899111    
  -7.851690      -11.01110      -15.54002      -22.74370      -24.45049    
  -30.93863      -52.82298      -32.20237      -41.81223      -73.70155    
  -49.13185      -58.79603      -96.73579      -65.27592      -76.49717    
  -117.2458      -81.32829      -95.03759      -135.5927      -97.91354    
  -111.9315      -149.7148      -113.6457      -126.4085      -153.5601    
  -139.6362      -150.7871      -148.2598      -153.8907      -152.7578    
  -150.5565      -152.1921      -146.6887      -149.1478      -136.6621    
  -139.1471      -122.3164      -121.0548      -97.27335      -87.30020    
  -57.38104      -39.39689      -10.51955       13.39560       21.51539    
    1.96875E+01   ! Azimuth index:   8 in degrees
 -1.3463233E-02 -3.7848741E-02 -8.0976494E-02 -0.1395891     -0.2410265    
 -0.4617318     -0.5363188     -9.4592862E-02  0.8574007      -15.12614    
 -0.9632268      0.6776674      -31.54906      -2.315346      -3.272834    
  -43.59027      -2.148889      -1.816607      -54.69703      -2.331280    
  -3.396154      -63.66112      -2.159032      -4.536685      -71.80165    
 -0.5002223      -4.243636      -76.01356     -0.5742246      -4.338940    
  -56.98945      -3.286695      -56.20133      -2.316111      -52.66907    
  -5.338567      -47.46421      -6.561943      -41.06696      -5.155810    
  -31.52133      -5.208161      -21.08297      -4.954110      -12.24317    
  -3.745030      -5.139496      -2.223343     -0.7801383      0.5189760    
 -6.1144377E-03  2.8861033E-02  9.5551133E-02  0.1688685      4.9455386E-02
 -0.7905568      -2.726813      -4.643853      -8.836256      -15.37197    
  -14.52080      -22.19090      -17.72864      -18.28994      -26.54361    
  -19.48428      -20.62564      -29.66675      -19.08727      -22.67851    
  -31.38536      -18.44422      -23.33489      -30.94814      -15.77813    
  -20.84488      -27.49399      -10.88386      -16.47684      -21.41740    
  -9.314836      -15.07871      -3.912256      -9.840200      0.6799800    
  -7.013567       2.578948      -2.763775       6.044031       1.592972    
   8.869246       5.464422       9.687613       5.989295       7.552785    
   3.560017       2.189926      -1.362001      -4.079000      -4.854170    
 -0.2728381     -0.7017658      -1.445601      -2.723001      -4.936675    
  -7.930040      -11.02657      -15.54364      -22.72305      -24.32153    
  -30.83260      -52.73137      -32.16154      -41.82118      -73.74939    
  -49.35711      -59.18084      -97.61783      -65.78771      -77.37331    
  -119.2183      -82.54489      -96.67284      -139.3509      -100.2328    
  -114.9427      -155.3930      -117.3598      -130.8736      -160.8032    
  -145.7611      -158.6532      -155.8578      -162.7584      -161.4091    
  -159.9102      -161.1079      -154.9474      -156.8189      -143.5371    
  -145.0045      -127.5421      -124.1424      -99.48389      -88.83147    
  -58.11464      -39.99002      -10.88286       13.09357       21.37611    
    2.25000E+01   ! Azimuth index:   9 in degrees
 -8.0218660E-03 -2.9798234E-02 -7.1380675E-02 -0.1296032     -0.2334624    
 -0.4585128     -0.5464693     -9.5581114E-02  0.9005170      -15.18161    
 -0.9947292      0.6791052      -31.77043      -2.353660      -3.459561    
  -44.04316      -2.225351      -1.850176      -55.53147      -2.464985    
  -3.603367      -65.13327      -2.438097      -4.879569      -74.35849    
 -0.7584057      -4.571584      -79.76801     -0.5945032      -4.639877    
  -60.72525      -2.580488      -59.69803     -0.7550275      -54.92462    
  -3.872672      -49.82710      -4.834209      -42.87021      -3.068767    
  -32.61209      -3.713588      -21.55229      -4.335513      -12.67513    
  -3.718823      -5.416358      -2.391567     -0.9506347      0.3342267    
 -2.6615672E-02 -1.8713372E-02  1.2638333E-02  4.3329600E-02 -0.1682153    
 -0.9589886      -2.762157      -4.651007      -8.672775      -15.43779    
  -14.62405      -22.35367      -17.94440      -18.43918      -27.22493    
  -19.60713      -20.95499      -30.16939      -19.50173      -23.20642    
  -32.37138      -19.09797      -24.24568      -32.33993      -16.68888    
  -21.99439      -29.10055      -11.63202      -17.34439      -22.95778    
  -9.559199      -14.97484      -2.386520      -8.369492       4.542428    
  -5.100890       6.183137      1.5706172E-02   10.29755       5.058926    
   13.11712       8.587208       12.75144       7.966816       9.085224    
   4.520563       2.930515     -0.9160702      -3.818914      -4.711493    
 -0.1752908     -0.5572199      -1.271709      -2.542852      -4.809959    
  -7.869487      -11.03638      -15.57044      -22.77571      -24.39060    
  -30.89497      -53.03799      -32.30602      -42.02694      -74.96753    
  -49.94291      -59.86936      -99.13082      -66.66452      -78.62980    
  -121.8727      -84.21135      -98.87858      -144.1371      -103.4173    
  -119.2130      -163.2557      -122.9104      -138.0513      -172.3199    
  -156.0484      -172.2186      -169.4071      -178.8358      -177.3788    
  -178.1210      -178.2751      -173.4702      -175.0932      -162.1046    
  -162.6916      -143.2002      -137.4645      -110.0153      -97.02721    
  -64.39296      -44.75906      -14.30859       10.61182       19.80711    
    2.53125E+01   ! Azimuth index:  10 in degrees
 -1.4176101E-03 -1.9747950E-02 -5.8913566E-02 -0.1180846     -0.2263193    
 -0.4521630     -0.5313859     -7.7427007E-02  0.9069874      -15.29335    
  -1.116634      0.6049441      -31.93138      -2.306362      -3.746545    
  -44.16057      -2.279780      -1.883861      -55.87600      -2.589440    
  -3.786761      -65.93722      -2.778627      -5.132292      -76.12901    
  -1.131135      -5.079587      -83.04213      -1.230500      -5.547357    
  -64.90944      -3.333369      -65.25390     -0.8911065      -59.66451    
  -2.831917      -54.72917      -5.221271      -47.27863      -2.567684    
  -35.97387      -3.101632      -23.30860      -4.179831      -13.64778    
  -3.869620      -5.762263      -2.574922      -1.115740      0.1490588    
 -2.9263353E-02 -2.1027569E-02  1.3826462E-02  6.2006053E-02 -0.1704899    
 -0.9375002      -2.698701      -4.533361      -8.579935      -15.57575    
  -15.02193      -22.59511      -17.64217      -18.58967      -27.92442    
  -19.17535      -21.22581      -30.52902      -19.85970      -23.50717    
  -32.95977      -19.61455      -25.04218      -33.21550      -17.46065    
  -23.11863      -30.70492      -12.63928      -19.02845      -25.25872    
  -10.78615      -16.92566      -3.406955      -9.237052       5.611501    
  -3.753647       7.753121      0.4059601       13.24107       7.070442    
   16.74764       11.29682       15.70025       9.877394       10.52528    
   5.412162       3.621791     -0.4594808      -3.538281      -4.557735    
 -6.8060964E-02 -0.3910945      -1.064968      -2.322160      -4.671221    
  -7.755160      -10.90840      -15.39536      -22.68322      -24.51212    
  -31.17851      -53.38065      -32.82695      -42.87135      -75.43327    
  -50.51258      -60.61138      -100.2958      -66.83382      -78.99927    
  -123.0084      -84.94668      -100.0370      -146.8441      -105.4556    
  -122.3264      -169.1580      -127.3082      -144.4027      -182.4671    
  -165.6099      -185.9355      -183.3918      -195.4743      -194.2353    
  -198.9244      -198.2123      -195.9710      -198.3198      -186.6903    
  -186.4478      -164.3121      -155.3318      -123.6837      -107.1029    
  -71.44247      -49.64964      -17.89667       8.013917       18.14748    
    2.81250E+01   ! Azimuth index:  11 in degrees
 -2.0082847E-03 -2.0983594E-02 -6.1016880E-02 -0.1210655     -0.2305090    
 -0.4578615     -0.5897484     -0.1475778      0.9255761      -15.46767    
  -1.151948      0.5820696      -32.14182      -2.569613      -3.878260    
  -44.74371      -2.504645      -2.152987      -56.80701      -2.479217    
  -3.445960      -66.66866      -2.324948      -5.355591      -77.13061    
  -1.347158      -5.426564      -85.09612      -1.612554      -6.053272    
  -67.43104      -4.720458      -69.33783      -2.691483      -64.16604    
  -5.966031      -60.10167      -8.231430      -52.44901      -6.094777    
  -40.04546      -5.345706      -24.85819      -5.437752      -13.53280    
  -4.037385      -5.375080      -2.303408     -0.8133970      0.4868208    
 -2.8889788E-02 -2.0369323E-02  1.4492033E-02  5.9432402E-02 -0.1859984    
 -0.9507869      -2.919286      -4.872868      -8.622645      -15.83175    
  -15.10030      -22.81158      -17.94127      -19.15309      -28.50949    
  -19.59298      -21.77712      -31.51591      -19.58870      -23.64896    
  -32.83984      -18.93321      -24.68583      -33.82368      -17.78945    
  -23.76879      -31.60205      -13.22914      -20.03684      -26.44442    
  -11.68226      -19.24845      -5.636169      -11.90240       2.846189    
  -7.640866       5.158025      -2.778940       10.02309       3.430531    
   13.55442       8.814436       13.11117       7.591520       8.356465    
   3.881046       2.377147      -1.259605      -4.011995      -4.799157    
 -8.0126807E-02 -0.4137467      -1.100776      -2.377627      -4.751728    
  -7.845180      -11.09588      -15.68019      -22.91499      -24.66209    
  -31.18648      -53.64468      -32.86777      -42.91844      -76.36647    
  -51.00453      -61.11810      -101.8027      -68.50711      -80.61574    
  -125.4440      -86.80344      -102.2509      -148.4432      -106.7048    
  -124.2190      -172.0944      -130.0921      -148.2537      -187.5366    
  -170.9986      -192.4018      -190.2748      -203.3895      -201.1088    
  -207.3123      -208.4539      -205.4148      -206.0711      -192.1048    
  -190.5094      -163.6579      -151.6373      -115.6318      -97.51900    
  -62.31295      -42.01491      -11.98250       12.40772       20.88807    
    3.09375E+01   ! Azimuth index:  12 in degrees
 -1.0116763E-03 -1.9060718E-02 -5.7937503E-02 -0.1171471     -0.2250152    
 -0.4555500     -0.5720853     -0.1387857      0.9248176      -15.27215    
  -1.165017      0.5265307      -31.91202      -2.615884      -3.556247    
  -44.30102      -2.394423      -2.059281      -56.18979      -2.401828    
  -3.398387      -66.03638      -2.354007      -5.488332      -76.60276    
  -1.688029      -5.864698      -84.71207      -2.514692      -7.021401    
  -67.83661      -6.336437      -70.41579      -4.760715      -65.40769    
  -6.932762      -59.84484      -9.232680      -51.18564      -6.782167    
  -37.74879      -5.850938      -22.32082      -5.343352      -11.71288    
  -3.740258      -4.457242      -1.758647     -0.3347192      0.9447875    
 -2.9187970E-02 -2.0245854E-02  1.5960978E-02  6.5686986E-02 -0.1528914    
 -0.9971532      -2.839875      -4.779314      -8.458220      -15.60496    
  -15.02107      -22.62407      -17.83459      -19.14449      -27.53313    
  -19.17716      -21.45345      -30.96381      -19.11934      -23.36810    
  -32.34889      -18.64030      -24.55102      -33.67313      -17.67769    
  -24.12696      -31.85207      -13.66705      -21.17628      -27.47156    
  -13.31805      -21.19561      -8.348476      -14.43299     -0.2477973    
  -8.895747       2.719802      -4.332477       7.635653       1.723927    
   10.44418       6.257536       9.952460       5.016916       5.630867    
   1.881294      0.6914606      -2.365558      -4.702389      -5.200441    
 -6.4266138E-02 -0.3814732      -1.047483      -2.297037      -4.624583    
  -7.781576      -10.93655      -15.48441      -22.62502      -24.38527    
  -30.93424      -53.08228      -32.60444      -42.63009      -75.49959    
  -50.69820      -60.80400      -100.7653      -67.99465      -80.14017    
  -124.0362      -86.07151      -101.5040      -146.6730      -105.9135    
  -123.3491      -169.5140      -128.8413      -146.8629      -184.1435    
  -168.6118      -188.7566      -187.2376      -199.7669      -197.3612    
  -200.0867      -201.1491      -195.8718      -194.9006      -176.1707    
  -172.0661      -141.9622      -129.4809      -93.83900      -78.30964    
  -46.75621      -29.81409      -2.824507       19.01679       24.95818    
    3.37500E+01   ! Azimuth index:  13 in degrees
 -1.4600047E-04 -1.7193794E-02 -5.4623157E-02 -0.1123080     -0.2215320    
 -0.4432620     -0.5712741     -0.1532775      0.8914627      -14.99732    
  -1.061934      0.5180216      -31.27830      -2.519443      -3.438951    
  -43.28759      -2.069118      -1.796781      -54.59975      -2.266945    
  -3.459181      -64.49886      -2.400551      -5.486381      -74.60615    
  -1.776371      -5.926953      -81.89231      -2.903487      -7.382036    
  -65.37150      -7.049477      -67.45444      -6.332060      -63.13052    
  -8.424075      -56.71438      -9.899334      -48.31622      -7.268288    
  -35.70691      -5.779752      -20.54530      -4.735814      -10.76506    
  -3.536397      -4.170449      -1.625907     -0.2451034       1.020921    
 -2.9816570E-02 -2.1519953E-02  1.3291770E-02  6.2662646E-02 -0.1027978    
 -0.9965681      -2.810124      -4.730151      -8.301980      -15.28528    
  -14.64771      -21.97919      -17.33825      -18.73095      -26.62157    
  -18.51437      -20.53509      -29.47373      -18.25451      -22.72912    
  -31.52160      -18.25434      -24.15364      -32.80152      -17.18124    
  -23.64919      -30.92296      -13.40890      -21.03691      -27.02719    
  -13.94042      -21.40353      -9.650888      -15.92796      -3.174637    
  -10.73829      0.2856076      -5.760303       5.165410      0.2425573    
   8.215275       5.161871       8.966684       4.603361       5.033894    
   1.465098      0.3601839      -2.558622      -4.800155      -5.246850    
 -5.0491352E-02 -0.3497866     -0.9893618      -2.199041      -4.514962    
  -7.546329      -10.67242      -15.14474      -22.11195      -23.98922    
  -30.67157      -51.89214      -32.08077      -42.02948      -73.61258    
  -49.74383      -59.80256      -97.77608      -66.37383      -78.56409    
  -120.3740      -83.99284      -99.28494      -142.0665      -103.1462    
  -119.9403      -162.5194      -124.2523      -141.0651      -174.4239    
  -160.1007      -177.1862      -175.6491      -185.4410      -183.3675    
  -183.6356      -184.4736      -178.1177      -178.1152      -160.1247    
  -157.5219      -129.7785      -118.8410      -85.41225      -71.68910    
  -42.37388      -26.84253     -0.9687967       20.12021       25.54499    
    3.65625E+01   ! Azimuth index:  14 in degrees
 -4.0943176E-04 -1.7704578E-02 -5.5460677E-02 -0.1152292     -0.2226961    
 -0.4449736     -0.5844023     -0.1678563      0.8755088      -15.00317    
  -1.110916      0.4783333      -31.32991      -2.595696      -3.512414    
  -43.41270      -2.060939      -1.748889      -54.08537      -2.188754    
  -3.369539      -63.50866      -2.301970      -5.075022      -73.07771    
  -1.839804      -5.935099      -79.43652      -2.949236      -7.245669    
  -62.46472      -6.937211      -63.14750      -6.220591      -58.95786    
  -8.588840      -52.63264      -9.704729      -45.55430      -7.383048    
  -34.58711      -6.081369      -20.66021      -4.607660      -10.91801    
  -3.519990      -4.413191      -1.783399     -0.3734577      0.9111884    
 -2.9838910E-02 -2.2271318E-02  1.1469250E-02  8.3721146E-02 -0.1249213    
  -1.035015      -2.845923      -4.768790      -8.331480      -15.28226    
  -14.73661      -21.97480      -17.64924      -18.79490      -26.61975    
  -19.38642      -20.41286      -29.06203      -17.93006      -22.39101    
  -30.90098      -17.75864      -23.65495      -31.56452      -16.72694    
  -23.22717      -30.10889      -13.19936      -20.41484      -25.93302    
  -13.90158      -20.48516      -9.553720      -15.18849      -4.059095    
  -10.94559     -0.7133631      -6.096692       3.440676     -0.5317220    
   6.974396       4.491999       8.832985       5.171473       6.015736    
   2.158392      0.8757305      -2.253150      -4.613008      -5.138727    
 -5.3518508E-02 -0.3550235     -0.9962580      -2.231884      -4.517538    
  -7.541852      -10.67794      -15.13998      -22.08357      -23.98946    
  -30.64926      -51.73006      -31.86424      -41.76749      -73.17710    
  -49.10297      -59.51739      -96.86414      -65.87299      -77.87305    
  -118.5012      -82.89832      -97.82501      -139.3582      -101.0969    
  -117.0985      -156.8445      -120.2413      -135.5348      -165.3764    
  -151.7161      -165.5110      -163.2648      -170.3149      -168.6159    
  -167.5895      -168.6175      -162.3706      -163.8452      -148.9534    
  -149.4702      -126.3899      -118.9788      -89.26550      -76.45221    
  -46.81856      -30.30344      -3.457036       18.39969       24.54334    
    3.93750E+01   ! Azimuth index:  15 in degrees
  1.2156179E-03 -1.5500805E-02 -5.3332739E-02 -0.1141138     -0.2244274    
 -0.4498114     -0.5785125     -0.1806307      0.8076233      -15.12830    
  -1.128792      0.5059139      -31.55267      -2.446589      -3.415693    
  -43.25325      -2.399322      -2.062488      -54.16837      -2.517467    
  -3.793531      -63.24216      -2.556174      -5.342390      -71.94723    
  -1.700379      -5.752804      -77.46107      -2.775280      -6.779874    
  -59.85540      -6.805096      -59.47390      -5.699869      -55.75754    
  -8.379635      -50.50091      -9.297502      -43.58510      -7.361139    
  -34.10731      -6.553805      -21.39054      -4.959272      -11.62238    
  -3.640602      -4.708902      -1.967290     -0.5522849      0.7369519    
 -3.1298105E-02 -2.7267931E-02 -7.4777583E-04  9.7145073E-02 -0.1124717    
  -1.031160      -2.819434      -4.838330      -8.725777      -15.35456    
  -14.81771      -22.10232      -17.84207      -18.49053      -26.32011    
  -18.96829      -20.82939      -29.30964      -18.89672      -22.76538    
  -31.31088      -18.30703      -23.79083      -31.56186      -16.15047    
  -22.64101      -29.26226      -12.68871      -19.64995      -24.61070    
  -13.23569      -19.78367      -8.653217      -14.09778      -4.186889    
  -10.69695      -1.810229      -5.963312       2.884631     -0.8715749    
   6.213994       3.904374       8.545216       5.396894       6.741656    
   2.846437       1.496601      -1.876723      -4.401439      -5.021381    
 -2.4485234E-02 -0.3135765     -0.9514160      -2.197898      -4.527336    
  -7.585057      -10.78147      -15.28673      -22.32436      -24.24602    
  -30.81099      -52.26715      -32.01030      -41.90259      -73.04684    
  -49.23209      -58.64645      -95.73219      -65.03965      -76.99457    
  -117.0160      -81.88017      -96.46306      -136.9037      -99.83720    
  -115.1869      -153.0760      -117.4202      -131.5550      -158.9037    
  -145.5178      -157.6973      -154.5314      -159.8358      -158.6571    
  -157.4018      -158.8236      -152.9204      -155.6598      -142.6960    
  -145.3036      -125.7203      -120.8928      -94.27008      -82.57722    
  -52.33849      -34.61542      -6.550802       16.21113       23.17699    
    4.21875E+01   ! Azimuth index:  16 in degrees
  1.4930737E-03 -1.5454625E-02 -5.4481447E-02 -0.1160896     -0.2275363    
 -0.4596691     -0.6144641     -0.2028184      0.7297485      -15.44891    
  -1.186571      0.4818959      -32.01090      -2.354079      -3.359292    
  -43.17598      -2.205211      -2.059840      -54.21369      -2.506813    
  -3.754409      -63.06954      -2.405917      -5.207125      -71.48701    
  -1.415836      -5.448987      -75.92231      -2.555843      -6.372595    
  -57.99868      -6.413651      -57.24888      -5.434134      -53.68611    
  -8.097932      -48.64049      -8.874464      -42.30293      -6.979111    
  -33.41873      -7.113446      -21.46388      -5.168547      -11.99540    
  -3.753517      -4.924792      -2.089626     -0.6520869      0.6165339    
 -3.1248027E-02 -2.4785135E-02  3.3097338E-02  9.1427714E-02 -0.1038484    
  -1.091220      -2.946394      -4.978222      -9.281110      -15.75053    
  -15.04078      -22.38903      -18.39726      -18.32602      -26.16918    
  -18.86833      -20.58133      -29.31923      -18.85826      -22.71059    
  -31.18111      -18.11548      -23.41209      -31.09323      -16.24148    
  -21.93788      -28.38845      -12.17643      -18.96165      -23.58648    
  -12.66881      -18.86763      -8.211255      -13.49444      -4.076867    
  -10.34754      -1.654505      -5.641953       2.875897     -0.6346492    
   6.151628       3.179191       8.549553       5.425966       7.031174    
   3.151378       1.827672      -1.636450      -4.217875      -4.911826    
 -2.1111753E-02 -0.3129316     -0.9719625      -2.220226      -4.556328    
  -7.711068      -10.97192      -15.56385      -22.78403      -24.61692    
  -31.09164      -52.75500      -32.18571      -42.07678      -73.14618    
  -49.18760      -59.21857      -95.91195      -65.12237      -76.99503    
  -116.9472      -81.77768      -96.02660      -135.7653      -98.94730    
  -113.8916      -150.4376      -115.3624      -128.7237      -154.5376    
  -141.3058      -152.1718      -149.0036      -153.5503      -152.6592    
  -151.4612      -153.2548      -147.8871      -151.3557      -139.3219    
  -142.6475      -124.5169      -121.2635      -96.37429      -85.45579    
  -55.24844      -37.18332      -8.560565       14.62709       22.10225    
    4.50000E+01   ! Azimuth index:  17 in degrees
  2.5121085E-03 -1.3576767E-02 -5.1495939E-02 -0.1117527     -0.2199404    
 -0.4510432     -0.6027089     -0.1763630      0.7774719      -15.35000    
  -1.371901      0.2613863      -31.98404      -2.677414      -3.417000    
  -43.26498      -2.353357      -2.110253      -54.27972      -2.470635    
  -3.739962      -63.04300      -2.363082      -5.182763      -71.09377    
  -1.218621      -5.689818      -75.33978      -2.550518      -6.263966    
  -56.89955      -5.706136      -56.04767      -5.261677      -52.56200    
  -7.803057      -47.99501      -9.282494      -41.77730      -7.233493    
  -32.69904      -7.095373      -21.44182      -5.179843      -12.13765    
  -3.726460      -4.994895      -2.116784     -0.6824480      0.6035958    
 -3.2068297E-02 -2.7471351E-02  2.5133694E-02  7.6989077E-02 -8.5425444E-02
  -1.071817      -2.878529      -4.804315      -8.881389      -15.74108    
  -15.42743      -22.87584      -18.01309      -18.98767      -26.32819    
  -18.81040      -20.85459      -29.48315      -18.74047      -22.62339    
  -31.12574      -18.03677      -23.24478      -30.90904      -16.11387    
  -21.51560      -28.54537      -12.23843      -18.74820      -23.20825    
  -12.10635      -17.71227      -7.592052      -13.13770      -3.959795    
  -9.982260      -1.924690      -6.196897       2.789136      -1.038073    
   6.322991       3.121569       8.483314       5.445062       6.992781    
   3.246033       1.896037      -1.574776      -4.199322      -4.898967    
 -3.8420514E-03 -0.2794282     -0.9160702      -2.128205      -4.375994    
  -7.523494      -10.76291      -15.34115      -22.46962      -24.29519    
  -30.99313      -52.75340      -32.47976      -42.09731      -73.42339    
  -49.35420      -59.31334      -96.24439      -65.31190      -77.06634    
  -117.0251      -81.78648      -95.72646      -135.1766      -98.40704    
  -113.3969      -149.0285      -114.2499      -127.2470      -152.4330    
  -139.2884      -149.6789      -146.8611      -150.3629      -149.5356    
  -147.9261      -150.4431      -145.4631      -149.3260      -137.3623    
  -140.6212      -123.7127      -120.9650      -96.69016      -85.94952    
  -55.74686      -37.83023      -9.054847       14.35548       21.99924    
    4.78125E+01   ! Azimuth index:  18 in degrees
  4.4384236E-03 -1.0297629E-02 -4.6675704E-02 -0.1058460     -0.2128200    
 -0.4414659     -0.5888978     -0.1639543      0.8450949      -15.29673    
  -1.350213      0.2356932      -31.85733      -3.003884      -3.528005    
  -43.35163      -2.542464      -2.362730      -54.26414      -2.364648    
  -3.617578      -63.08155      -2.186327      -4.865544      -70.73857    
  -1.339254      -5.415442      -75.05582      -2.680932      -6.373733    
  -56.56487      -5.776941      -55.64111      -4.994827      -51.83622    
  -7.503262      -47.68953      -9.286516      -41.44342      -7.176191    
  -32.27190      -7.124499      -21.88650      -5.185626      -12.20118    
  -3.717493      -5.025576      -2.132733     -0.6918250      0.6030025    
 -3.3489998E-02 -3.0275492E-02  1.4123691E-02  6.0718775E-02 -9.7852401E-02
  -1.058847      -2.801354      -4.660816      -8.392921      -15.78740    
  -15.27865      -22.73447      -18.01544      -19.59732      -26.52946    
  -19.01934      -21.14892      -30.01863      -18.38395      -22.43705    
  -30.91666      -17.89893      -22.95398      -30.35564      -15.40979    
  -21.58982      -28.03727      -12.32933      -18.81160      -23.24233    
  -12.13941      -17.70517      -7.599413      -12.72771      -3.724105    
  -9.618777      -2.094438      -6.251086       2.759462      -1.028046    
   6.512936       3.068984       7.995000       5.435221       7.000312    
   3.291442       1.943007      -1.542095      -4.192764      -4.904351    
  2.7266515E-02 -0.2239860     -0.8311474      -2.008428      -4.212151    
  -7.320867      -10.53140      -15.05153      -22.13780      -24.03391    
  -30.79840      -52.42371      -32.27008      -41.90222      -73.41135    
  -49.26451      -59.16469      -96.55022      -65.60568      -77.27735    
  -117.2991      -81.97036      -95.95558      -135.3637      -98.56990    
  -112.8582      -148.7060      -113.6186      -126.4021      -151.3610    
  -138.2059      -148.4219      -145.6112      -148.8371      -147.9148    
  -146.0945      -149.0326      -144.2864      -148.1172      -136.4934    
  -139.7085      -123.4977      -120.9193      -96.72313      -86.27842    
  -56.07064      -38.21936      -9.334066       14.27299       22.03217    
    5.06250E+01   ! Azimuth index:  19 in degrees
  3.5797290E-03 -1.1505248E-02 -4.9221799E-02 -0.1100083     -0.2196742    
 -0.4481566     -0.5971712     -0.1751246      0.7959909      -15.29871    
  -1.313080      0.2612514      -31.82476      -2.899144      -3.798085    
  -43.54200      -2.652141      -2.474400      -54.61829      -2.755175    
  -3.935132      -63.32878      -2.298522      -4.928959      -70.72343    
  -1.420875      -5.515432      -74.86163      -2.720427      -6.414025    
  -56.42170      -5.634942      -55.21321      -5.388871      -51.34056    
  -7.414862      -47.15704      -9.196609      -41.47217      -7.270817    
  -32.57646      -7.077868      -21.90405      -5.298280      -12.31833    
  -3.752305      -5.061562      -2.159763     -0.7033828      0.5991602    
 -3.2953635E-02 -1.6493084E-02  3.8012691E-02  6.8802930E-02 -0.1225343    
  -1.071734      -2.819951      -4.694346      -8.593588      -15.72930    
  -15.18663      -22.68941      -17.89819      -19.42480      -27.16373    
  -19.14323      -21.34077      -30.33708      -18.08431      -23.11297    
  -31.52392      -18.16444      -23.10005      -30.42057      -15.49593    
  -21.63337      -28.10493      -12.32839      -18.78258      -23.22623    
  -12.17019      -17.43361      -7.377563      -13.19835      -3.494571    
  -9.510377      -1.913824      -6.183050       2.384034      -1.178719    
   5.957365       3.026633       7.850628       5.274129       6.905605    
   3.302476       1.954464      -1.518160      -4.168326      -4.876735    
  1.3623002E-02 -0.2565428     -0.8783954      -2.069807      -4.323967    
  -7.389726      -10.57706      -15.08691      -22.17221      -24.10600    
  -30.85444      -52.50784      -32.31677      -42.16452      -73.66329    
  -49.41831      -59.20922      -96.91428      -66.42257      -77.24206    
  -117.6156      -82.06500      -95.88296      -135.3449      -98.41630    
  -112.4907      -148.2690      -113.2559      -125.9120      -150.8712    
  -137.6856      -147.6474      -144.8142      -147.8692      -146.9642    
  -145.2023      -147.8195      -143.2686      -147.1066      -135.8670    
  -139.0033      -122.5206      -120.4728      -96.40069      -86.40074    
  -56.39539      -38.44798      -9.613048       14.06926       21.89375    
    5.34375E+01   ! Azimuth index:  20 in degrees
  3.0793811E-03 -1.2797383E-02 -5.1885329E-02 -0.1160308     -0.2240948    
 -0.4485689     -0.5864276     -0.1831067      0.7983757      -15.12978    
  -1.257012      0.3040307      -31.47484      -2.803635      -3.746907    
  -43.06530      -2.581938      -1.862078      -54.00174      -2.139483    
  -3.859620      -62.61892      -2.282301      -4.947009      -69.97247    
  -1.455585      -5.552706      -74.19794      -2.770920      -6.554659    
  -56.16245      -5.967078      -54.87222      -5.331978      -50.83845    
  -7.430277      -46.60289      -8.720827      -40.70583      -6.700214    
  -31.99513      -6.902259      -21.60776      -5.420853      -12.08287    
  -3.745658      -5.006033      -2.135585     -0.6929079      0.6101379    
 -3.2225434E-02 -1.3170782E-02  4.5307301E-02  0.1180635     -0.1561483    
  -1.059088      -2.763435      -4.669652      -8.429589      -15.50315    
  -14.91903      -22.27126      -17.65971      -19.09974      -26.81401    
  -18.86676      -21.00816      -28.98727      -17.82092      -22.01165    
  -31.03781      -17.90954      -22.85756      -30.13013      -15.37156    
  -21.45881      -27.88771      -12.23179      -18.67871      -23.26068    
  -12.45372      -17.77262      -7.504424      -13.06132      -3.429037    
  -9.524035      -1.881345      -5.666937       2.803349     -0.6090763    
   6.194127       3.051184       7.855549       5.118010       7.100698    
   3.287275       1.960595      -1.540723      -4.196458      -4.918765    
  3.6450543E-03 -0.2786810     -0.9200467      -2.181432      -4.392186    
  -7.356452      -10.48092      -14.92574      -21.92505      -23.90543    
  -30.55073      -51.93581      -31.99257      -41.83538      -72.98861    
  -48.92603      -58.56931      -96.58167      -65.70961      -77.46520    
  -116.1798      -81.18181      -94.93203      -133.6665      -97.29910    
  -111.2581      -146.4187      -112.2124      -124.6026      -149.2478    
  -136.2961      -146.0921      -143.4804      -146.5502      -145.5859    
  -143.6661      -146.1022      -141.9066      -145.7780      -134.5275    
  -137.7001      -120.8287      -119.3515      -96.17628      -86.24231    
  -56.27413      -38.24318      -9.361581       14.31382       22.15460    
    5.62500E+01   ! Azimuth index:  21 in degrees
  3.6788448E-03 -1.2079013E-02 -5.1544145E-02 -0.1177891     -0.2243909    
 -0.4451708     -0.5890976     -0.1728131      0.7935447      -14.95159    
  -1.267008      0.3450171      -31.05347      -2.724339      -3.698469    
  -42.53346      -2.015027      -1.806401      -53.34915      -2.149633    
  -3.424332      -62.03772      -2.379261      -5.064581      -69.52873    
  -1.419308      -5.537624      -73.70740      -2.957560      -6.466095    
  -55.80520      -5.755449      -54.65015      -5.306899      -50.73198    
  -6.939208      -46.06815      -8.694213      -40.95420      -6.973200    
  -31.91214      -6.819712      -21.58904      -5.385730      -12.23773    
  -3.697808      -5.022182      -2.140042     -0.7162786      0.5966239    
 -3.2533862E-02 -1.4495006E-02  4.4164367E-02  0.1017051     -5.5245305E-03
  -1.047694      -2.755892      -4.575493      -8.299853      -15.30251    
  -14.83360      -21.81668      -17.32988      -18.76957      -26.39944    
  -17.72295      -19.97909      -28.48545      -17.50358      -21.83197    
  -30.09918      -17.82829      -22.83443      -30.10271      -15.37143    
  -21.23704      -27.68395      -12.17960      -18.87018      -23.03637    
  -12.23124      -17.43354      -7.322437      -13.01323      -3.359328    
  -8.900323      -1.284812      -5.632270       2.651035     -0.9190191    
   6.328057       3.166293       7.874354       5.215762       7.004111    
   3.355649       1.983621      -1.505230      -4.190998      -4.918953    
  1.3491584E-02 -0.2649811     -0.9089209      -2.203947      -4.382283    
  -7.264597      -10.37175      -14.76538      -21.67796      -23.63663    
  -30.30276      -51.26217      -31.64322      -41.38040      -72.01464    
  -49.17102      -58.98122      -95.35307      -64.99538      -76.74441    
  -115.7439      -80.32240      -94.12173      -132.5406      -96.54613    
  -110.4231      -145.3030      -111.4050      -124.1013      -148.4958    
  -135.7029      -145.7759      -143.1902      -146.5751      -145.3850    
  -143.5725      -145.9738      -141.6208      -146.1299      -134.5280    
  -137.8170      -121.0497      -119.3586      -96.69707      -86.49996    
  -56.44013      -38.42256      -9.608090       14.14063       22.09524    
    5.90625E+01   ! Azimuth index:  22 in degrees
  4.6748975E-03 -1.0696128E-02 -4.9938746E-02 -0.1161847     -0.2232262    
 -0.4491985     -0.5880807     -0.1732042      0.7785482      -14.92751    
  -1.239318      0.3697553      -30.92044      -2.700154      -3.657574    
  -42.72174      -2.073972      -1.833867      -53.46522      -2.188833    
  -3.511938      -62.25029      -2.486785      -5.207856      -69.85632    
  -1.543364      -5.641373      -74.05242      -3.089535      -6.995146    
  -56.13721      -6.140749      -55.25331      -4.875399      -50.94835    
  -8.067540      -46.61572      -8.795313      -41.30808      -7.135226    
  -32.44698      -6.801672      -21.74460      -5.346813      -12.29116    
  -3.733427      -5.068126      -2.179034     -0.7303462      0.5767627    
 -3.3388682E-02 -1.6911112E-02  4.1307360E-02  0.1010681     -7.6898106E-04
 -0.7616789      -2.741188      -4.555782      -8.320730      -15.28579    
  -14.70815      -21.67392      -17.10300      -18.69945      -26.47366    
  -17.94121      -20.09725      -28.60589      -17.47159      -21.90349    
  -30.28773      -17.20996      -23.00940      -30.38309      -15.65619    
  -21.45130      -27.88947      -12.41874      -19.07144      -23.85725    
  -12.38564      -18.00891      -7.800662      -12.47261      -3.022691    
  -10.27621      -1.512787      -5.693087       2.656848      -1.013129    
   6.115565       3.316333       7.980756       5.328915       7.100299    
   3.381519       2.012989      -1.453529      -4.132400      -4.884764    
  2.7744994E-02 -0.2426313     -0.8801196      -2.166010      -4.340120    
  -7.302346      -10.34878      -14.73256      -21.63107      -23.56847    
  -30.19256      -51.19893      -31.64023      -41.38854      -72.87498    
  -49.23199      -59.10667      -95.67464      -65.18127      -76.88983    
  -116.0841      -81.27625      -94.21886      -132.9869      -96.74032    
  -110.6323      -145.8416      -111.6783      -124.3882      -149.2811    
  -136.3046      -146.5829      -143.8694      -147.8351      -146.7704    
  -144.3219      -147.0719      -142.8242      -147.2950      -136.0301    
  -139.0350      -122.3567      -120.3850      -97.24686      -87.13049    
  -56.85752      -38.77652      -10.11025       13.72401       21.83773    
    6.18750E+01   ! Azimuth index:  23 in degrees
  4.7894754E-03 -1.1279294E-02 -5.3424124E-02 -0.1165280     -0.2236932    
 -0.4514476     -0.5775594     -0.1761282      0.7553945      -14.97974    
  -1.169514      0.3843291      -31.28684      -2.707684      -3.663316    
  -42.78451      -2.110583      -1.808560      -53.43270      -2.235251    
  -3.561138      -62.11815      -2.319870      -5.060550      -69.57152    
  -1.493754      -5.513467      -73.84881      -3.065928      -6.724761    
  -56.46795      -6.331626      -55.76864      -5.343883      -50.76468    
  -8.048992      -47.46266      -8.860291      -41.20184      -7.125183    
  -32.65711      -7.055430      -21.54438      -5.271998      -12.24618    
  -3.780352      -5.076483      -2.167528     -0.7220488      0.5836137    
 -3.3372000E-02 -1.7828334E-02  3.1610090E-02  9.0236634E-02 -2.5718709E-02
 -0.8078327      -2.700501      -4.584211      -8.499683      -15.23975    
  -14.59130      -21.69942      -17.62055      -18.91256      -26.48488    
  -17.93157      -20.15406      -28.51731      -17.41279      -21.94341    
  -30.29696      -17.11115      -22.84968      -30.04038      -15.44329    
  -21.30517      -27.60775      -12.34972      -18.97709      -23.43116    
  -12.83016      -18.26246      -8.354571      -13.06980      -2.588701    
  -10.16767      -2.391005      -5.717858       2.850128     -0.9831876    
   6.061316       3.084130       8.312482       5.401227       7.151873    
   3.370289       2.027193      -1.469428      -4.155246      -4.899320    
  3.0780032E-02 -0.2480599     -0.9272175      -2.158467      -4.326450    
  -7.301178      -10.41275      -14.85470      -21.81864      -23.78732    
  -30.36726      -51.40303      -31.72271      -42.18106      -73.01543    
  -49.32069      -59.15288      -95.66079      -65.16696      -76.83327    
  -115.9101      -81.14582      -95.05129      -132.6539      -96.48428    
  -110.3652      -145.4813      -111.3864      -124.1208      -149.1849    
  -136.3082      -146.7542      -144.0862      -148.0995      -147.0864    
  -144.7163      -147.2780      -143.4728      -147.4462      -136.1878    
  -139.5758      -122.7550      -120.8378      -97.19433      -87.15583    
  -57.08588      -38.87863      -9.957827       13.90110       21.93564    
    6.46875E+01   ! Azimuth index:  24 in degrees
  4.2118584E-03 -1.3665943E-02 -6.0785208E-02 -0.1191833     -0.2254064    
 -0.4536261     -0.5719634     -0.1739802      0.7232898      -15.03957    
  -1.199007      0.3575874      -31.53333      -2.636051      -3.678071    
  -42.88031      -2.218565      -1.919088      -53.45171      -2.242493    
  -3.574850      -61.99553      -2.315529      -5.077191      -69.18583    
  -1.277737      -5.308931      -73.73933      -3.129675      -6.837358    
  -56.33307      -6.285600      -56.03158      -5.828648      -51.14445    
  -7.645605      -46.64417      -9.401527      -41.11559      -7.035310    
  -32.34817      -7.022824      -21.88577      -5.264459      -12.26471    
  -3.769597      -5.033197      -2.149550     -0.7032084      0.6015868    
 -3.2958962E-02 -1.5364342E-02  2.0350380E-02  8.0984913E-02 -5.6539062E-02
 -0.8779718      -2.673005      -4.593363      -8.698906      -15.27852    
  -14.66581      -21.87771      -16.84101      -18.90928      -26.56002    
  -18.02624      -20.33399      -28.76332      -17.35083      -21.90132    
  -30.24343      -17.07956      -22.74863      -30.07882      -15.10459    
  -20.86458      -27.14703      -12.55829      -19.00247      -23.49748    
  -12.95088      -18.12618      -9.029935      -13.66590      -3.770885    
  -9.662328      -1.183731      -6.326410       2.847873     -0.9047246    
   6.254237       3.096359       7.853857       5.392408       7.037042    
   3.328692       2.032918      -1.504972      -4.185737      -4.911329    
  2.0513317E-02 -0.2816659      -1.034724      -2.191295      -4.334742    
  -7.299716      -10.45370      -14.97463      -21.97243      -23.89603    
  -30.42782      -51.62967      -32.77202      -42.76004      -73.19405    
  -49.36232      -59.13908      -95.80981      -65.23640      -76.71649    
  -115.7093      -80.96297      -94.72087      -133.0858      -96.20348    
  -109.9233      -144.6898      -110.9255      -123.6831      -148.4175    
  -135.6163      -145.9581      -143.2822      -147.1514      -145.3661    
  -144.3235      -147.8609      -143.2539      -147.0870      -135.5403    
  -139.0359      -122.3549      -120.4350      -96.98357      -86.74049    
  -56.69345      -38.69465      -9.640474       14.18250       22.07231    
    6.75000E+01   ! Azimuth index:  25 in degrees
  3.6019953E-03 -1.5365941E-02 -6.4978957E-02 -0.1236959     -0.2271580    
 -0.4544530     -0.5527414     -0.1526273      0.7583263      -14.96718    
  -1.214121      0.3365214      -31.38577      -2.673056      -3.529510    
  -42.80659      -2.578936      -2.386560      -53.63493      -2.643469    
  -4.046340      -62.05594      -2.728985      -5.481017      -69.70374    
  -1.884175      -5.749747      -73.10189      -2.884567      -6.490367    
  -55.45363      -6.105160      -55.36128      -6.003741      -51.85777    
  -7.619431      -46.82125      -8.878432      -41.45426      -7.155171    
  -32.33764      -7.069965      -21.80484      -5.395727      -12.18002    
  -3.781994      -5.052471      -2.151812     -0.6933553      0.5738626    
 -3.2531943E-02 -1.2558293E-02  1.9802948E-02  7.1348645E-02 -5.2538097E-02
 -0.8671759      -2.596630      -4.485174      -8.511007      -15.23962    
  -14.60423      -21.75455      -16.69349      -18.90707      -26.18914    
  -18.86825      -20.77971      -29.30787      -18.64812      -22.39151    
  -30.81542      -18.03642      -23.24717      -30.52664      -15.99697    
  -21.72389      -27.69096      -12.26438      -18.48324      -22.79283    
  -12.49059      -17.73223      -8.754889      -13.85676      -4.654132    
  -9.671646      -1.814761      -5.752185       2.151024      -1.065922    
   5.977464       2.980116       7.817058       5.196972       7.042522    
   3.281815       1.997066      -1.508320      -4.174816      -4.938258    
  9.5038870E-03 -0.3082481      -1.097466      -2.266273      -4.352291    
  -7.286288      -10.40400      -14.89208      -21.90776      -23.71508    
  -30.20507      -51.27175      -32.66991      -42.57339      -73.30235    
  -48.44535      -58.17249      -94.59781      -64.24179      -75.70998    
  -114.4851      -80.05449      -93.74171      -131.8168      -96.02965    
  -109.3917      -143.7530      -110.1600      -122.5826      -146.5986    
  -134.0020      -144.0959      -141.9080      -146.2706      -145.4088    
  -143.7599      -146.8136      -142.2894      -146.1217      -134.8383    
  -138.0346      -121.4933      -119.9223      -96.41231      -86.35107    
  -56.44611      -38.59280      -9.628690       14.17020       22.05347    
    7.03125E+01   ! Azimuth index:  26 in degrees
 -1.8545259E-04 -2.5967119E-02 -7.3628299E-02 -0.1336251     -0.2349265    
 -0.4633701     -0.5622307     -0.1646733      0.7537615      -15.05451    
  -1.206818      0.1358793      -31.32656      -2.670878      -3.403002    
  -42.19799      -2.413884      -2.277278      -53.44555      -2.690456    
  -4.031436      -61.95971      -2.769194      -5.542694      -68.55170    
 -0.7202249      -4.647749      -72.87267      -2.651262      -6.231686    
  -54.86113      -5.840711      -54.63031      -6.463932      -51.95731    
  -6.734853      -45.32621      -8.697144      -41.19392      -7.702549    
  -32.09565      -7.029994      -21.72269      -5.445774      -12.22151    
  -3.687087      -5.018346      -2.137998     -0.6905788      0.5936060    
 -2.7725387E-02 -2.3622296E-03  3.6416512E-02  8.0112934E-02 -1.7471442E-02
 -0.8238328      -2.626040      -4.539412      -8.557559      -15.36047    
  -14.56016      -22.55854      -16.61051      -18.83538      -25.79972    
  -16.74155      -20.37680      -28.89778      -18.65415      -22.39958    
  -30.69118      -18.03930      -23.24479      -30.55075      -13.90161    
  -19.94066      -25.95476      -12.04935      -18.05929      -22.30573    
  -12.03953      -17.25939      -8.261097      -14.38510      -4.642553    
  -8.538212     -0.6511906      -5.543164       2.183485      -1.706208    
   6.057214       2.961802       7.719107       5.093621       6.913295    
   3.338280       1.966478      -1.545516      -4.201416      -4.874548    
 -5.8224138E-02 -0.4740521      -1.230738      -2.436130      -4.481924    
  -7.404634      -10.49164      -14.97186      -21.99269      -23.79776    
  -30.17469      -52.21195      -32.64737      -42.41758      -72.97640    
  -49.50648      -57.92775      -93.99257      -63.92897      -75.48771    
  -114.1864      -79.87959      -93.52151      -131.5620      -96.42168    
  -110.0818      -144.2484      -109.9958      -122.1818      -145.8150    
  -133.1889      -142.9334      -140.8071      -145.3854      -145.6446    
  -142.7289      -145.0580      -141.1678      -145.2531      -133.9316    
  -137.3465      -120.6136      -119.1702      -95.87469      -85.93991    
  -56.15954      -38.28115      -9.354410       14.32515       21.82957    
    7.31250E+01   ! Azimuth index:  27 in degrees
 -3.9008681E-03 -3.4373034E-02 -7.9153270E-02 -0.1386924     -0.2424911    
 -0.4698189     -0.5708951     -0.1741006      0.7468427      -15.11317    
  -1.229649      0.1113333      -31.40051      -2.549333      -3.423067    
  -42.31968      -2.060292      -2.338306      -53.42525      -2.681454    
  -4.003084      -61.86959      -2.883557      -4.552285      -68.69959    
 -0.6568303      -4.657745      -72.16286      -2.684724      -6.295663    
  -54.87117      -5.791455      -54.32134      -6.564759      -51.49781    
  -7.042123      -45.02922      -8.871603      -40.80676      -7.363705    
  -32.48936      -7.031033      -21.78943      -5.386683      -12.19443    
  -3.780104      -5.050358      -2.164958     -0.7204098      0.5497674    
 -2.2175239E-02 -5.0533228E-03  3.4866042E-02  7.0520081E-02 -8.1380196E-02
 -0.9173215      -2.653759      -4.587604      -8.628449      -15.45301    
  -14.64775      -22.68641      -16.64814      -18.57712      -25.82237    
  -16.98723      -19.97311      -29.05796      -18.51776      -22.36063    
  -30.62463      -17.86610      -23.42070      -28.99165      -13.95977    
  -19.82498      -25.94794      -10.46891      -18.09121      -22.37987    
  -11.99474      -17.13869      -8.077314      -14.42242      -4.180810    
  -8.782351     -3.2631986E-02  -5.716829       2.594213      -1.326033    
   5.534998       2.956216       7.556516       5.167810       7.070606    
   3.310910       2.011846      -1.486852      -4.161341      -4.856067    
 -0.1140940     -0.6002361      -1.309115      -2.514148      -4.613187    
  -7.494362      -10.58651      -15.06194      -22.10122      -23.82244    
  -30.28083      -52.36739      -32.71714      -42.47293      -72.98657    
  -49.44282      -59.20315      -94.24595      -64.01284      -75.51232    
  -114.2827      -79.89435      -93.60004      -132.6179      -96.56946    
  -110.1508      -144.3679      -110.6350      -122.3106      -146.0294    
  -133.2509      -142.6852      -140.2256      -144.3867      -145.0872    
  -143.8487      -145.5305      -140.6570      -145.0437      -133.4467    
  -136.9328      -120.3148      -118.7549      -95.85635      -86.42236    
  -56.53004      -38.61277      -9.824267       13.89870       21.50290    
    7.59375E+01   ! Azimuth index:  28 in degrees
 -3.5217451E-03 -3.2446377E-02 -7.6896682E-02 -0.1368728     -0.2437443    
 -0.4708354     -0.5681307     -0.1643836      0.7310818      -14.95840    
  -1.241696      0.1040130      -30.82981      -2.448479      -3.446063    
  -41.97581      -2.137853      -1.907276      -52.87365      -2.625252    
  -3.939404      -61.34000      -1.802115      -4.430644      -68.10461    
 -0.6544943      -4.668088      -71.79502      -1.921735      -5.599794    
  -54.63859      -5.768037      -54.13398      -6.315185      -51.83984    
  -8.087353      -46.40594      -8.383833      -40.67493      -7.366909    
  -32.39571      -7.054963      -21.38225      -5.406416      -12.34776    
  -3.722801      -5.088478      -2.190871     -0.7373376      0.5388032    
 -2.2086898E-02  1.1970546E-03  5.4014333E-02  7.9536401E-02 -9.9590302E-02
 -0.9692613      -2.635284      -4.507969      -8.571894      -15.25590    
  -14.54844      -22.29440      -16.02766      -18.22579      -25.55921    
  -17.08273      -19.95801      -28.22264      -17.14778      -22.13156    
  -30.26471      -17.66776      -21.57050      -28.54287      -13.76801    
  -19.67580      -25.80027      -10.44674      -16.91024      -21.28497    
  -11.90317      -17.04741      -8.028404      -14.05833      -4.912601    
  -10.04153     -0.9771009      -5.100664       2.649238      -1.334481    
   5.573692       2.944733       8.025642       5.193337       6.945829    
   3.399495       2.059295      -1.437383      -4.108619      -4.835121    
 -0.1103139     -0.5744709      -1.279248      -2.476510      -4.633225    
  -7.504152      -10.51734      -14.92441      -21.88718      -23.62857    
  -29.97526      -51.56399      -32.41219      -42.06864      -71.98589    
  -48.80475      -58.65142      -94.46445      -64.47731      -75.04185    
  -113.2760      -79.24381      -93.74799      -131.3677      -95.78663    
  -109.4357      -143.3949      -110.0030      -122.3331      -145.9117    
  -132.7204      -142.2572      -139.7289      -144.0271      -144.3006    
  -145.0680      -147.2424      -140.8692      -144.6794      -132.8437    
  -136.6355      -120.1278      -118.8077      -96.04821      -86.49883    
  -56.67529      -38.96842      -10.23370       13.48249       21.33318    
    7.87500E+01   ! Azimuth index:  29 in degrees
 -4.8460052E-03 -3.4338363E-02 -7.9877637E-02 -0.1422856     -0.2526401    
 -0.4864439     -0.5890596     -0.1606694      0.7199625      -15.01342    
  -1.280412      0.3207652      -30.75467      -2.425612      -3.604918    
  -42.18357      -2.636446      -2.412670      -53.28934      -2.820455    
  -4.171340      -60.90401      -1.766465      -4.716545      -68.60121    
 -0.6528307      -4.696591      -72.11180      -1.926672      -5.614088    
  -54.35907      -5.617499      -54.54839      -6.196550      -52.88465    
  -8.075975      -46.65066      -8.687602      -40.93070      -7.305112    
  -32.31115      -7.197816      -22.09874      -5.676571      -12.35952    
  -3.805642      -5.163772      -2.225642     -0.7664148      0.5092329    
 -1.8798742E-02  8.6565213E-03  6.7283571E-02  0.1389377      8.7226517E-03
  -1.066523      -2.711248      -4.511792      -8.672840      -15.27178    
  -14.68054      -21.53806      -16.83357      -17.95232      -25.64509    
  -18.54509      -20.64050      -28.92050      -18.71219      -22.50964    
  -30.73671      -16.12120      -21.51180      -29.08171      -14.16243    
  -19.71132      -25.89678      -10.49633      -16.94124      -21.33131    
  -10.92542      -16.85747      -8.110826      -13.94592      -5.492685    
  -10.09130     -0.6993671      -5.374912       2.839201      -1.181273    
   5.992318       2.956190       7.600304       5.048275       7.156074    
   3.441986       2.138061      -1.361027      -4.050032      -4.817700    
 -0.1311308     -0.6036986      -1.324484      -2.567894      -4.787813    
  -7.742134      -10.65897      -15.03259      -22.01324      -23.76397    
  -30.09519      -50.90405      -31.58925      -41.20362      -70.92319    
  -47.73900      -57.51133      -93.44083      -63.58714      -75.23059    
  -113.7134      -80.13441      -93.87724      -131.9214      -96.13660    
  -109.8120      -144.0711      -110.4506      -122.8321      -146.6817    
  -133.8841      -143.1242      -140.6957      -145.5473      -146.0924    
  -146.2510      -148.9059      -142.5627      -146.0101      -133.9025    
  -137.6015      -121.5527      -119.9392      -96.93528      -87.32843    
  -57.42376      -39.64814      -10.83120       12.96858       21.07644    
    8.15625E+01   ! Azimuth index:  30 in degrees
 -6.2523047E-03 -3.7112493E-02 -8.4379636E-02 -0.1479530     -0.2600792    
 -0.4992949     -0.5971727     -0.1420654      0.7217189      -15.17661    
  -1.293228      0.3664089      -31.26327      -2.573375      -3.607411    
  -42.63543      -2.689023      -2.406166      -53.65265      -2.869906    
  -4.240358      -61.60778      -2.503717      -5.452601      -69.78510    
  -1.274615      -5.331616      -73.22276      -2.521123      -6.293118    
  -55.51298      -5.645620      -54.97175      -6.140452      -53.58271    
  -8.223252      -47.16570      -8.883288      -40.99743      -7.008450    
  -32.61636      -7.309163      -21.75967      -5.548803      -12.51828    
  -3.890730      -5.193826      -2.248555     -0.7818618      0.5069103    
 -1.7917641E-02  5.0869561E-03  5.6522232E-02  0.1108099     -6.3142791E-02
  -1.070147      -2.753383      -4.552633      -8.822888      -15.42965    
  -14.83249      -21.81253      -17.42448      -18.33320      -25.98907    
  -18.49999      -20.82617      -29.16079      -18.82759      -22.65112    
  -31.01342      -17.27834      -22.76389      -30.45390      -15.58477    
  -20.75243      -27.02098      -11.55750      -17.86974      -22.39281    
  -12.04270      -16.95397      -7.867592      -13.91278      -5.543211    
  -10.22741      -1.089934      -5.529189       3.240041     -0.7125424    
   6.136698       2.954875       8.159197       5.312274       7.195896    
   3.479893       2.229598      -1.318492      -4.032006      -4.797238    
 -0.1487493     -0.6407834      -1.385629      -2.658655      -4.915202    
  -7.930608      -10.99608      -15.49043      -22.33407      -24.02167    
  -30.44237      -51.69440      -31.81637      -41.46185      -72.09549    
  -48.47311      -57.88649      -94.30946      -64.01743      -75.55882    
  -114.5608      -80.05470      -93.88457      -132.7694      -96.48904    
  -110.1749      -145.1492      -111.0460      -123.4314      -147.7677    
  -134.7892      -144.7576      -142.3834      -147.3584      -147.9875    
  -147.1810      -149.4341      -143.7044      -147.2692      -135.6771    
  -139.0407      -122.4721      -120.5603      -97.72797      -88.05178    
  -58.14965      -40.16790      -11.18409       12.75564       20.94358    
    8.43750E+01   ! Azimuth index:  31 in degrees
 -5.9181130E-03 -3.6961474E-02 -8.4471487E-02 -0.1484296     -0.2609249    
 -0.5001205     -0.5918808     -0.1526591      0.8081086      -15.25821    
  -1.283038      0.4153816      -31.29847      -2.738204      -3.741367    
  -42.98903      -2.483493      -2.262701      -53.69468      -2.859902    
  -3.715712      -61.76865      -2.362806      -5.080650      -69.56779    
  -1.396664      -5.366153      -73.30088      -2.467454      -6.216876    
  -55.50786      -5.679270      -54.95257      -6.102317      -52.88426    
  -7.817980      -47.04266      -8.077657      -41.41024      -7.534380    
  -32.80830      -7.026300      -21.97871      -5.673715      -12.54844    
  -3.891871      -5.224339      -2.248059     -0.7768858      0.5077382    
 -1.8413140E-02  6.0156612E-03  5.9151772E-02  0.1160932     -5.3024944E-02
  -1.067765      -2.731106      -4.589743      -8.605150      -15.32824    
  -14.82225      -21.73343      -17.46805      -18.67801      -26.37295    
  -19.14311      -20.45040      -28.97235      -18.80565      -22.60173    
  -30.09495      -17.40031      -22.52380      -29.81114      -15.11475    
  -20.92173      -27.07363      -11.51828      -17.76717      -22.25497    
  -11.87769      -16.98226      -7.692058      -13.82066      -4.746945    
  -9.688227      -1.327623      -4.575220       2.895039      -1.256707    
   5.904332       3.277747       7.874260       5.182177       7.151875    
   3.490009       2.200996      -1.334255      -4.043124      -4.796440    
 -0.1427186     -0.6372462      -1.385623      -2.663890      -4.926006    
  -7.934357      -10.98794      -15.48896      -22.61650      -24.44691    
  -30.50269      -51.81458      -31.82514      -41.48323      -72.42654    
  -48.39093      -58.02345      -94.63036      -64.09086      -75.51099    
  -114.7765      -80.16497      -94.01507      -132.9063      -96.62785    
  -110.1995      -145.4363      -111.1910      -123.5495      -147.9973    
  -135.0599      -145.1558      -142.6253      -147.2104      -147.7103    
  -146.5113      -148.2584      -142.6002      -147.4982      -135.9908    
  -138.8227      -122.1803      -120.2301      -97.49420      -87.87553    
  -58.09722      -40.09091      -11.07320       12.80903       20.90256    
    8.71875E+01   ! Azimuth index:  32 in degrees
 -5.8810692E-03 -3.5762195E-02 -8.2524166E-02 -0.1461112     -0.2580700    
 -0.4956161     -0.6050445     -0.1738054      0.7909725      -15.22426    
  -1.111544      0.5224534      -31.19853      -2.698345      -3.691744    
  -42.84284      -2.446118      -2.307387      -53.62132      -2.846725    
  -3.773438      -61.83821      -2.338840      -5.081442      -69.54448    
  -1.360972      -5.361441      -73.24665      -2.368262      -6.106308    
  -55.51371      -5.575161      -54.55762      -5.816134      -52.22513    
  -7.852093      -46.55585      -8.203057      -42.48095      -8.085745    
  -32.68566      -7.315940      -22.13252      -5.434351      -12.51134    
  -3.904795      -5.220990      -2.244827     -0.8023791      0.5149173    
 -2.1871815E-02  5.7528270E-03  6.0279500E-02  0.1219589     -3.3535268E-02
  -1.106795      -2.770932      -4.638547      -8.582241      -15.31150    
  -14.41722      -21.43366      -17.34130      -18.56627      -26.19937    
  -18.96420      -20.34649      -29.00083      -18.67755      -22.57982    
  -30.18657      -17.45466      -22.45620      -29.76785      -15.10556    
  -20.88202      -27.05796      -11.45853      -17.57938      -22.03658    
  -11.90950      -16.76911      -7.422572      -13.37114      -4.526816    
  -9.690952      -1.273556      -4.767040       1.475765      -1.891306    
   6.006997       2.985832       7.750000       5.500107       7.243701    
   3.507168       2.248198      -1.286273      -4.032778      -4.786679    
 -0.1417571     -0.6183919      -1.355401      -2.622163      -4.869810    
  -7.855362      -10.90948      -15.38496      -22.45525      -24.35259    
  -30.51108      -51.80154      -31.78769      -41.42165      -72.23893    
  -48.33112      -57.94464      -94.47272      -64.09335      -75.59807    
  -114.8648      -80.20236      -94.00100      -132.8520      -96.57355    
  -110.4589      -145.6843      -111.1408      -123.4695      -147.8583    
  -134.9395      -144.7133      -141.9865      -146.2262      -146.1658    
  -144.9571      -146.7906      -141.4110      -146.9807      -135.4458    
  -138.5858      -122.0116      -120.2205      -97.72240      -87.97823    
  -58.18187      -40.21966      -11.30256       12.60340       20.85361    
    9.00000E+01   ! Azimuth index:  33 in degrees
 -7.0128394E-03 -3.8091540E-02 -8.4561959E-02 -0.1453105     -0.2553363    
 -0.4882099     -0.6011240     -0.1770395      0.7670478      -15.17183    
  -1.086781      0.4848142      -31.14937      -2.649852      -3.617539    
  -42.54248      -2.445180      -2.310147      -53.48662      -2.862908    
  -3.911127      -61.95630      -2.442756      -5.197669      -69.72835    
  -1.485742      -5.519647      -73.80627      -2.677630      -6.465223    
  -55.74706      -5.679429      -54.80575      -5.646844      -52.02096    
  -7.576915      -46.26094      -8.354393      -41.98072      -7.745277    
  -32.60701      -7.234062      -22.06702      -5.767149      -12.70647    
  -3.917544      -5.318155      -2.327349     -0.8697117      0.4321665    
 -2.0662695E-02  4.1064722E-03  5.4671865E-02  0.1201560     -3.3091437E-02
  -1.047364      -2.750337      -4.620748      -8.614593      -15.26673    
  -14.33162      -21.46138      -17.10527      -18.41516      -25.95027    
  -18.46814      -20.31265      -28.94570      -18.60131      -22.55756    
  -30.42241      -17.59932      -22.61760      -29.96754      -15.25859    
  -21.07292      -27.31661      -11.78285      -18.08499      -22.58128    
  -11.97157      -16.90906      -7.456431      -13.11556      -4.201014    
  -9.308149     -0.6572213      -4.913700       1.578900      -1.483350    
   6.056149       3.095720       7.930876       5.204195       7.091143    
   3.557861       2.331197      -1.160515      -3.883802      -4.707252    
 -0.1591254     -0.6537734      -1.386143      -2.607568      -4.817995    
  -7.726553      -10.80512      -15.27656      -22.33279      -24.24932    
  -30.47718      -51.68391      -31.93004      -41.29744      -71.93727    
  -48.33636      -57.87389      -94.29770      -63.95060      -75.45360    
  -114.9405      -80.22379      -94.04232      -133.0756      -96.67886    
  -110.5852      -146.0495      -111.6675      -124.1527      -148.5483    
  -135.4058      -145.3593      -142.5319      -146.4706      -146.2325    
  -145.0068      -147.3916      -141.4604      -145.4901      -134.6980    
  -138.2735      -121.7346      -120.4850      -97.85043      -88.03744    
  -58.43246      -41.00494      -12.41875       11.35390       20.03981    
    9.28125E+01   ! Azimuth index:  34 in degrees
 -1.2735507E-02 -4.3556396E-02 -9.0466559E-02 -0.1503410     -0.2587987    
 -0.4905599     -0.5946098     -0.1692219      0.7613288      -15.16922    
  -1.070569      0.4863185      -31.26241      -2.569478      -3.522127    
  -42.55156      -2.372185      -2.244284      -53.39034      -2.892742    
  -4.042912      -62.23667      -2.556672      -5.352642      -70.11992    
  -1.655752      -5.725113      -74.28727      -2.887728      -6.348981    
  -55.98726      -5.817197      -55.45579      -5.681174      -52.37009    
  -7.328709      -46.48499      -8.076818      -41.75537      -7.962098    
  -32.51818      -7.341383      -22.15768      -5.690925      -12.68235    
  -3.941040      -5.401760      -2.378314     -0.8889877      0.3932652    
 -1.7816108E-02  5.4900097E-03  5.1905170E-02  0.1070129     -7.1227789E-02
 -0.8391914      -2.728478      -4.591947      -8.651022      -15.28923    
  -14.29011      -21.48911      -17.38148      -18.35859      -25.86842    
  -18.02831      -20.14196      -28.81926      -18.55189      -22.56038    
  -30.70845      -17.86143      -22.83400      -30.29550      -15.61475    
  -21.37101      -27.69819      -12.09100      -18.41893      -22.45351    
  -11.81877      -17.14580      -7.655540      -13.16903      -4.054417    
  -8.935202     -0.5144047      -4.520684       1.554894      -1.698245    
   6.209614       3.046491       7.864777       5.281410       7.135608    
   3.601340       2.382255      -1.078101      -3.829705      -4.686516    
 -0.2475304     -0.7394387      -1.478644      -2.700003      -4.891305    
  -7.748870      -10.80241      -15.27330      -22.35084      -24.20712    
  -30.45569      -51.72750      -31.85041      -41.66015      -72.53645    
  -48.77474      -57.78943      -94.27155      -63.84473      -75.29393    
  -115.2737      -80.38626      -94.25327      -133.6463      -96.90388    
  -110.9009      -146.7433      -112.0835      -124.6425      -149.5999    
  -136.3431      -146.8661      -143.8638      -147.9918      -147.5115    
  -146.6207      -148.3030      -141.2673      -144.4445      -134.2062    
  -138.2590      -121.9012      -120.4069      -97.46954      -87.96531    
  -58.72943      -41.53801      -13.11226       10.87986       19.71730    
    9.56250E+01   ! Azimuth index:  35 in degrees
 -1.7327772E-02 -4.6225391E-02 -9.4037093E-02 -0.1565523     -0.2674685    
 -0.5052540     -0.6061332     -0.1336719      0.7923121      -15.22392    
  -1.097979      0.4665647      -31.43410      -2.607552      -3.449629    
  -42.85703      -2.261392      -2.075126      -53.34075      -2.707247    
  -3.977007      -62.25323      -2.493153      -5.281146      -70.00457    
  -1.621668      -5.803122      -74.30541      -2.856930      -6.428184    
  -56.04761      -5.948060      -55.64742      -5.911729      -52.68308    
  -7.612232      -46.25025      -8.015774      -40.81050      -7.621053    
  -32.77719      -7.353778      -22.02368      -5.739805      -12.68595    
  -4.024577      -5.408554      -2.380822     -0.8799950      0.3960066    
 -1.7323263E-02  5.8889096E-03  5.1099457E-02  9.1522530E-02 -0.1164588    
  -1.005426      -2.784690      -4.507943      -8.636850      -15.37023    
  -14.41922      -21.72066      -17.51127      -18.44560      -25.77951    
  -18.53894      -20.11901      -28.73418      -18.40080      -22.34938    
  -30.61433      -17.79527      -22.70198      -30.12983      -15.47732    
  -21.26666      -27.77550      -12.16773      -18.31818      -22.51648    
  -11.92328      -17.27660      -7.795788      -13.43270      -4.302752    
  -9.232267     -0.3605040      -4.389584       2.881855      -1.309946    
   5.890199       3.072893       7.968922       5.247583       7.229769    
   3.587517       2.434848      -1.066960      -3.839204      -4.691657    
 -0.3180262     -0.7795942      -1.532537      -2.809805      -5.055592    
  -7.993583      -11.05088      -15.46625      -22.56133      -24.25990    
  -30.63307      -52.07029      -31.98995      -41.70363      -72.74738    
  -48.75154      -58.52190      -95.35532      -63.91150      -75.86495    
  -115.4947      -80.47062      -94.22654      -133.5436      -96.84685    
  -110.7553      -146.6566      -111.9928      -124.4351      -149.4828    
  -136.2219      -146.7619      -144.0076      -148.2194      -147.7315    
  -146.9772      -147.8167      -140.7532      -144.9084      -133.6140    
  -137.9913      -121.8397      -120.0886      -97.31129      -88.21940    
  -59.04302      -41.71700      -13.16768       10.97223       19.71421    
    9.84375E+01   ! Azimuth index:  36 in degrees
 -1.5648020E-02 -4.4063646E-02 -9.1749720E-02 -0.1550558     -0.2679641    
 -0.5107709     -0.6888678     -0.2213271      0.7348120      -15.31442    
  -1.443163      0.1791353      -31.62614      -2.670464      -3.350959    
  -42.67492      -1.971256      -1.764477      -53.51440      -2.116291    
  -3.404309      -61.86448      -2.327663      -5.078066      -69.58940    
  -1.440973      -5.614686      -73.80392      -2.843548      -6.524618    
  -55.96753      -6.062495      -55.60649      -5.980734      -52.52413    
  -7.527107      -46.61734      -8.836847      -41.32943      -7.591219    
  -32.23911      -7.279963      -22.21621      -5.730743      -12.83330    
  -4.045656      -5.423629      -2.396490     -0.9019092      0.3680921    
 -1.9879188E-02  3.0981039E-03  4.8096176E-02  9.0947531E-02 -0.1234967    
  -1.096949      -3.090198      -4.897810      -9.012490      -15.52313    
  -15.50452      -22.78494      -16.64498      -18.82540      -25.80481    
  -17.10111      -19.77522      -28.34943      -17.02354      -21.54079    
  -29.75724      -16.14819      -22.36247      -29.66372      -15.16943    
  -20.87690      -27.33090      -11.92626      -18.22068      -22.56950    
  -11.99795      -17.36348      -7.913144      -13.45982      -4.311140    
  -9.089945     -0.7566584      -5.262341       2.758154      -1.138416    
   6.730680       3.248580       7.923592       5.393677       7.242027    
   3.667299       2.536932      -1.023276      -3.798455      -4.654332    
 -0.2932591     -0.7465379      -1.498228      -2.785876      -5.068570    
  -8.096513      -11.23390      -15.69097      -22.82452      -24.30398    
  -31.47622      -53.04342      -33.03836      -42.70641      -73.81503    
  -49.81729      -59.52022      -96.25111      -65.50129      -77.23583    
  -116.6848      -81.52875      -94.01450      -132.9726      -96.49332    
  -110.2919      -145.8145      -111.3999      -124.0152      -148.9277    
  -135.7629      -146.2741      -143.5296      -147.7095      -147.1244    
  -146.4064      -147.8061      -142.0232      -146.1273      -134.7751    
  -138.5574      -122.2415      -120.4870      -98.01106      -88.72535    
  -59.53886      -42.20443      -13.45845       10.59224       19.36303    
    1.01250E+02   ! Azimuth index:  37 in degrees
 -1.5564123E-02 -4.4227973E-02 -9.2064194E-02 -0.1553484     -0.2672268    
 -0.5070342     -0.6582427     -0.2250866      0.7423238      -15.50624    
  -1.152904      0.1504125      -31.54131      -2.700131      -3.361187    
  -42.53004      -2.039318      -1.824834      -53.41300      -2.193110    
  -3.465650      -61.78766      -1.910156      -4.614817      -69.27799    
  -1.301539      -5.376758      -73.46888      -2.898104      -6.540071    
  -55.89449      -5.999126      -55.44132      -6.038989      -51.82429    
  -7.762253      -47.03469      -9.124560      -41.68557      -7.695768    
  -32.96858      -7.469533      -22.46961      -5.713526      -12.87971    
  -4.060152      -5.581589      -2.452497     -0.9564056      0.2937964    
 -1.7369235E-02  4.4744969E-03  4.8209116E-02  8.4972717E-02 -0.1302053    
  -1.043452      -2.979264      -4.907804      -8.965653      -15.77447    
  -14.67327      -22.76329      -16.63517      -18.83659      -25.73805    
  -17.07176      -19.83946      -28.36625      -17.10266      -21.62592    
  -29.78607      -16.20383      -21.81710      -28.97292      -13.90333    
  -20.58946      -26.85983      -11.72046      -18.25636      -22.53776    
  -11.93526      -17.22206      -7.761981      -13.48536      -3.450018    
  -9.330962     -0.9610592      -5.487815       2.741125      -1.134775    
   6.237170       3.151881       7.963835       5.575901       7.459455    
   3.862465       2.629453     -0.9136102      -3.705078      -4.585526    
 -0.2948028     -0.7519431      -1.507088      -2.798487      -5.067376    
  -8.041740      -11.14789      -15.64987      -22.78252      -24.51205    
  -30.97231      -52.84382      -32.91813      -42.54179      -73.51527    
  -49.61780      -59.29016      -95.91203      -65.26112      -77.04173    
  -116.3912      -81.33797      -95.09828      -133.9172      -97.33695    
  -110.0394      -145.3479      -111.0503      -123.8597      -148.7725    
  -135.6155      -146.0717      -143.2947      -147.5179      -146.9870    
  -146.5697      -148.4585      -143.5978      -147.0918      -136.0738    
  -139.4220      -122.9274      -121.4576      -98.96546      -89.65750    
  -60.77160      -43.25040      -14.31154       9.730188       18.64193    
    1.04062E+02   ! Azimuth index:  38 in degrees
 -1.5583972E-02 -4.3329857E-02 -9.0605997E-02 -0.1536247     -0.2647192    
 -0.5021170     -0.6762862     -0.2515329      0.7240390      -15.54225    
  -1.166547      0.3913986      -31.58132      -2.584977      -3.362938    
  -42.88626      -2.417372      -2.252575      -53.99684      -2.158925    
  -3.438872      -61.92939      -1.867843      -4.597248      -69.46872    
 -0.8236650      -4.871496      -73.47732      -2.087413      -5.878919    
  -55.80935      -5.842526      -55.22906      -5.838295      -51.80863    
  -7.857805      -47.09995      -9.188378      -41.74917      -7.714263    
  -33.09977      -7.537923      -22.50198      -5.890329      -13.03362    
  -4.071091      -5.569873      -2.466405     -0.9618977      0.2772041    
 -1.9818867E-02  6.8176314E-03  5.3156611E-02  9.4477102E-02 -0.1119723    
 -0.9939809      -3.042833      -5.008632      -9.042348      -15.81799    
  -14.65957      -22.05801      -17.53173      -18.43262      -25.63807    
  -18.63269      -20.38427      -29.06274      -18.70729      -21.60236    
  -29.83067      -16.07994      -21.78872      -29.02435      -13.78163    
  -20.04087      -26.22885      -10.50882      -17.14398      -21.60499    
  -11.71999      -16.95857      -7.547925      -13.16047      -3.564345    
  -9.405970      -1.112690      -5.532678       2.620509      -1.106676    
   6.084113       3.104577       8.057056       5.455739       7.437907    
   3.902821       2.654558     -0.9115515      -3.658853      -4.535451    
 -0.2945821     -0.7375911      -1.485540      -2.769552      -5.023529    
  -7.965981      -11.14230      -15.65425      -22.78776      -24.55171    
  -30.85052      -52.38512      -32.19069      -41.86604      -72.97293    
  -48.69421      -58.46824      -95.34079      -64.59709      -77.28896    
  -116.9441      -81.67613      -95.44419      -134.5762      -97.75725    
  -111.6255      -147.1424      -112.4655      -125.0886      -149.9473    
  -135.7528      -145.9874      -143.0632      -146.9582      -146.5661    
  -146.1498      -148.1308      -143.1292      -146.8024      -136.0147    
  -139.2212      -122.7689      -121.7606      -99.18128      -90.07619    
  -60.93876      -43.22634      -14.36776       9.423699       18.28670    
    1.06875E+02   ! Azimuth index:  39 in degrees
 -1.5689811E-02 -4.2985920E-02 -9.0601660E-02 -0.1548548     -0.2673906    
 -0.5088824     -0.6533062     -0.2234329      0.7991571      -15.50510    
  -1.199750      0.4267141      -31.86210      -2.713514      -3.880311    
  -43.46419      -2.631920      -2.458949      -54.29027      -2.657001    
  -3.968146      -62.77531      -2.432638      -5.207283      -70.36761    
  -1.427870      -5.559706      -74.16953      -2.616667      -6.345530    
  -55.90694      -5.847086      -55.02716      -5.330402      -51.49957    
  -7.849973      -46.78559      -9.270521      -41.67840      -7.708827    
  -33.06366      -7.587414      -22.70272      -6.098743      -12.99304    
  -4.069022      -5.570634      -2.492037     -0.9902633      0.2535880    
 -1.1159726E-02  1.6665634E-02  7.6162182E-02  0.1421090     -2.5727258E-03
  -1.076310      -2.971421      -4.946785      -8.820937      -15.71178    
  -14.85680      -22.20018      -17.71110      -18.79136      -26.83971    
  -19.20420      -20.86477      -29.71733      -18.61922      -22.38548    
  -30.79994      -17.63865      -22.69539      -30.08202      -15.16259    
  -20.97505      -27.31417      -11.64245      -17.88009      -22.23575    
  -11.65702      -16.92533      -7.428040      -12.41251      -3.637145    
  -9.360693      -1.197031      -5.632778       2.417801      -1.108280    
   6.040356       3.131726       7.980415       5.413018       7.712056    
   3.988609       2.781939     -0.8314646      -3.618500      -4.530044    
 -0.2915321     -0.7329635      -1.489150      -2.789372      -5.065125    
  -8.087200      -11.26105      -15.80019      -22.95044      -24.61796    
  -31.15390      -52.89545      -32.45556      -42.14260      -73.25751    
  -49.03568      -58.74259      -96.23394      -65.12695      -76.65610    
  -116.9002      -81.40942      -95.12224      -134.7176      -97.70167    
  -111.4745      -147.2051      -112.2698      -124.7477      -149.5483    
  -136.0975      -145.9213      -142.6638      -145.8677      -145.3787    
  -144.7168      -146.7760      -141.8223      -145.8276      -134.9029    
  -138.7470      -122.9629      -122.0691      -100.1959      -90.87687    
  -61.30414      -43.74151      -14.91123       9.011903       18.11067    
    1.09688E+02   ! Azimuth index:  40 in degrees
 -1.8269109E-02 -4.6914976E-02 -9.5150866E-02 -0.1574903     -0.2680696    
 -0.5119711     -0.6704579     -0.1936257      0.8068714      -15.56809    
  -1.270211      0.3947082      -31.80499      -2.930588      -3.974941    
  -43.70305      -2.579510      -2.486025      -54.48037      -2.663309    
  -3.993967      -62.95826      -2.552207      -5.325964      -70.48012    
  -1.603933      -5.671451      -74.26120      -2.686311      -6.424629    
  -55.96124      -5.969289      -55.11170      -5.460860      -51.53236    
  -7.837739      -46.75953      -9.590576      -41.64692      -7.956090    
  -33.55482      -7.878333      -23.25332      -5.766614      -13.11103    
  -4.155349      -5.719896      -2.564048      -1.041409      0.2015084    
 -1.1481330E-02  1.3526348E-02  6.6710643E-02  0.1305543     -0.1018838    
  -1.125528      -3.038191      -4.827476      -8.779673      -15.72509    
  -15.05478      -22.37048      -17.48522      -19.19118      -27.20443    
  -19.37843      -20.77741      -29.86050      -18.81120      -22.40178    
  -30.88297      -17.83045      -22.86870      -30.26119      -15.40177    
  -21.21625      -27.45233      -11.72989      -17.95780      -22.31084    
  -11.75941      -17.04250      -7.609138      -12.54301      -3.665192    
  -9.304064      -1.337526      -5.966024       2.470199      -1.356308    
   5.666823       2.933727       7.833640       5.975949       7.887145    
   4.104080       2.902726     -0.7065156      -3.531744      -4.481219    
 -0.3315835     -0.7950753      -1.561890      -2.841361      -5.091453    
  -8.150416      -11.30639      -15.77220      -22.92682      -24.78365    
  -31.25912      -53.05687      -32.57100      -41.94440      -73.70163    
  -49.23287      -58.81843      -96.48658      -65.23085      -76.69118    
  -117.1134      -81.49348      -95.01836      -134.6729      -97.61003    
  -111.3460      -147.1168      -112.2972      -124.7255      -149.4745    
  -135.9745      -145.6682      -142.4149      -145.9353      -145.3080    
  -144.2027      -146.1849      -141.6081      -145.7347      -134.7974    
  -139.1269      -123.7328      -123.5135      -101.5325      -91.93279    
  -62.49057      -44.87906      -15.93705       8.216990       17.60142    
    1.12500E+02   ! Azimuth index:  41 in degrees
 -1.7301872E-02 -4.4843871E-02 -9.0545878E-02 -0.1528105     -0.2623141    
 -0.5025827     -0.6374042     -0.1350311      0.8200209      -15.40989    
  -1.260280      0.4184617      -31.66434      -2.851779      -3.854608    
  -43.24958      -2.514252      -2.233152      -54.15754      -2.631571    
  -3.992491      -62.63457      -2.533248      -5.322430      -70.17827    
  -1.762879      -5.693960      -74.09123      -2.750012      -6.468924    
  -55.82455      -6.162159      -55.01950      -5.556400      -51.73804    
  -7.823431      -46.61219      -9.637238      -41.38916      -7.956371    
  -33.37115      -8.003448      -23.47891      -5.965893      -13.19074    
  -4.172313      -5.735052      -2.554639      -1.022551      0.2205748    
 -1.2173181E-02  1.2242928E-02  7.0759460E-02  0.1374400     -8.8019066E-02
  -1.077352      -2.915398      -4.542737      -8.587284      -15.51620    
  -14.97075      -22.18839      -17.46849      -19.00137      -26.83428    
  -18.78660      -20.57599      -29.20401      -18.64632      -22.26491    
  -30.70748      -17.79855      -22.74386      -30.10716      -15.40674    
  -21.36892      -27.39763      -11.72728      -17.99570      -22.30383    
  -11.75342      -17.24877      -7.792789      -12.62132      -3.929129    
  -9.250750      -1.297495      -6.008580       2.525566      -1.364085    
   5.638835       2.761949       7.574402       5.694689       7.666944    
   4.053692       2.816741     -0.7401625      -3.553946      -4.483252    
 -0.3170753     -0.7641307      -1.493172      -2.763508      -4.996165    
  -8.015581      -11.11449      -15.51411      -22.65369      -24.61011    
  -31.10130      -52.79342      -32.37196      -41.88454      -73.34811    
  -49.09966      -58.53750      -95.96230      -64.89721      -76.35792    
  -116.3568      -81.00613      -94.59725      -133.8966      -97.10030    
  -110.8651      -146.6384      -111.9883      -124.4022      -148.9795    
  -135.5320      -145.2071      -141.7017      -145.5928      -145.2026    
  -143.7877      -145.7169      -140.9618      -144.9424      -134.0606    
  -138.2559      -122.9844      -123.2865      -100.7131      -91.23376    
  -62.10767      -44.47140      -15.67339       8.437076       17.66943    
    1.15312E+02   ! Azimuth index:  42 in degrees
 -1.4492481E-02 -4.0402912E-02 -8.4530354E-02 -0.1458908     -0.2548583    
 -0.4910904     -0.5726447     -0.1019229      0.7752280      -15.29110    
  -1.240519      0.4791973      -31.57129      -2.825478      -3.745910    
  -42.87051      -2.296212      -2.092730      -53.73934      -2.462119    
  -3.843855      -62.27478      -2.491601      -5.292439      -69.87002    
  -1.543931      -5.581356      -73.72759      -2.629559      -6.284317    
  -55.52777      -6.234334      -54.48551      -5.661407      -51.75478    
  -7.880063      -46.74379      -9.279981      -41.30241      -8.110973    
  -33.28844      -8.168816      -22.71494      -6.044033      -13.28707    
  -4.204807      -5.730174      -2.549560      -1.015515      0.2251907    
 -1.5581094E-02  6.8964618E-03  6.5511800E-02  0.1068195     -7.3469833E-02
  -1.006233      -2.676139      -4.362448      -8.674857      -15.54736    
  -14.81121      -21.81219      -17.55371      -18.89567      -26.46491    
  -18.09828      -20.24421      -28.79016      -18.21169      -21.89448    
  -30.27938      -17.70862      -22.57080      -29.90247      -15.46508    
  -20.96537      -27.10699      -11.59247      -17.73820      -21.93225    
  -11.62692      -17.28622      -7.038057      -12.71762      -4.018522    
  -9.286522      -1.476064      -5.560827       2.508246      -1.512168    
   5.692268       2.641662       8.351756       5.614871       7.579888    
   3.987685       2.780104     -0.7468103      -3.560280      -4.482630    
 -0.2734665     -0.6953695      -1.401217      -2.651564      -4.869571    
  -7.847169      -10.86513      -15.26144      -22.44135      -24.20655    
  -30.76330      -52.33986      -32.15892      -41.72045      -72.97825    
  -49.17624      -58.87896      -95.52113      -64.67821      -76.10618    
  -115.6614      -80.52623      -94.10348      -133.0443      -96.52769    
  -110.6389      -145.9452      -111.5148      -123.8581      -148.1992    
  -134.8948      -144.6625      -141.7360      -145.3482      -144.9579    
  -143.4308      -145.5510      -140.6067      -144.4614      -133.6855    
  -137.9723      -123.1205      -123.0108      -100.4713      -91.16571    
  -61.74608      -44.20615      -15.58090       8.496782       17.65572    
    1.18125E+02   ! Azimuth index:  43 in degrees
 -1.5305635E-02 -4.3101769E-02 -8.9357555E-02 -0.1509607     -0.2614550    
 -0.5040987     -0.5965086     -0.1393209      0.7857024      -15.45532    
  -1.252734      0.4279595      -31.90779      -2.915982      -3.890365    
  -43.65705      -2.648341      -2.335819      -54.70027      -2.539970    
  -3.850044      -63.09534      -2.239511      -4.955066      -70.55316    
  -1.619238      -5.628902      -74.29702      -2.502100      -6.219297    
  -55.79378      -5.939894      -54.95483      -5.692021      -51.92170    
  -7.791430      -46.99554      -9.272301      -41.43418      -8.212083    
  -33.38513      -8.336965      -22.67949      -6.009510      -13.27487    
  -4.210690      -5.790941      -2.592518      -1.037035      0.2000874    
 -1.2911768E-02  1.2221583E-02  7.2291449E-02  0.1302000     -4.2567719E-02
  -1.095822      -2.773048      -4.609404      -8.787352      -15.73181    
  -14.94617      -22.27010      -17.82086      -19.17253      -27.09380    
  -18.99529      -21.02511      -29.79598      -18.57086      -22.28592    
  -30.75893      -17.43545      -22.43909      -29.70333      -14.89976    
  -21.20044      -27.33954      -11.59185      -17.63828      -21.92341    
  -11.41882      -16.91265      -7.072810      -12.77381      -3.797996    
  -9.140339      -1.460135      -5.502121       2.503085      -1.571460    
   5.759295       2.591789       8.513734       5.719445       7.709449    
   4.047848       2.851526     -0.7014055      -3.513489      -4.435812    
 -0.2885471     -0.7414241      -1.482290      -2.747282      -5.003531    
  -8.057083      -11.14426      -15.68966      -22.73135      -24.44068    
  -31.03779      -52.94934      -32.42746      -41.97403      -73.93980    
  -49.53480      -59.25623      -97.28333      -65.78791      -77.27443    
  -117.9606      -82.09750      -95.74619      -135.4699      -98.24184    
  -111.4548      -147.3261      -112.4634      -124.8388      -149.5294    
  -136.0581      -145.8146      -142.9518      -146.7177      -145.9099    
  -144.1694      -146.3006      -141.0131      -144.7751      -133.9582    
  -138.4070      -124.1028      -123.3382      -100.7512      -91.52278    
  -62.05428      -44.74795      -16.03157       8.098159       17.28808    
    1.20938E+02   ! Azimuth index:  44 in degrees
 -1.6986128E-02 -4.4459667E-02 -9.1115519E-02 -0.1533541     -0.2656204    
 -0.5079669     -0.6034980     -0.1476654      0.7888360      -15.48039    
  -1.223532      0.3921933      -31.92183      -2.931118      -3.937912    
  -43.78258      -2.770305      -2.268350      -54.68821      -2.541875    
  -3.861058      -63.14176      -2.282817      -5.093679      -70.76774    
  -1.771917      -5.796897      -74.64648      -2.678503      -6.424615    
  -56.14004      -6.075581      -55.04354      -5.668501      -51.84401    
  -7.652318      -46.72240      -8.914830      -41.07528      -8.150653    
  -33.33611      -8.262912      -22.76165      -6.056890      -13.27578    
  -4.221528      -5.823722      -2.591859      -1.044104      0.1859352    
 -9.6058063E-03  2.1165337E-02  8.9968614E-02  0.1335227     -0.1033172    
  -1.123312      -2.805444      -4.661085      -8.818637      -15.74348    
  -14.89357      -22.41036      -17.83354      -19.23775      -27.22030    
  -19.22103      -21.23918      -29.71283      -18.46986      -22.29956    
  -30.81156      -17.44127      -22.51585      -29.97075      -15.09450    
  -21.47798      -27.65563      -11.78977      -17.92402      -22.24476    
  -11.67565      -17.11803      -7.061419      -12.71739      -3.651958    
  -8.939865      -1.192412      -5.073419       2.826771      -1.481409    
   5.814190       2.685767       8.372943       5.680742       7.708438    
   4.060849       2.866240     -0.6859797      -3.510952      -4.440784    
 -0.3153531     -0.7644390      -1.513707      -2.794065      -5.085474    
  -8.135483      -11.20654      -15.74321      -22.81091      -24.50315    
  -31.08116      -53.01092      -32.43749      -42.05925      -74.02806    
  -49.51471      -59.16404      -97.43789      -65.86748      -77.33600    
  -118.1022      -82.15980      -95.80662      -135.7217      -98.36721    
  -111.7485      -147.8494      -112.8027      -125.1955      -150.0457    
  -136.4630      -146.4020      -143.1687      -146.8557      -145.9610    
  -144.0906      -146.0704      -140.6970      -144.4656      -133.8354    
  -138.3056      -123.9492      -123.0419      -100.6453      -91.41936    
  -62.09137      -44.90570      -16.08354       8.032131       17.21994    
    1.23750E+02   ! Azimuth index:  45 in degrees
 -1.6914830E-02 -4.1460492E-02 -8.6620882E-02 -0.1486109     -0.2595021    
 -0.4994486     -0.5840645     -0.1347037      0.8232172      -15.33398    
  -1.134307      0.4534862      -31.62469      -2.818013      -3.810493    
  -43.17656      -2.620400      -2.128617      -53.92940      -2.466261    
  -3.786018      -62.41741      -2.321030      -5.285039      -70.43387    
  -1.674476      -5.878926      -74.46056      -2.759030      -6.489949    
  -56.05397      -6.083955      -55.03410      -5.706751      -51.79170    
  -7.647553      -46.67519      -9.392391      -41.14235      -7.959618    
  -33.46184      -8.284732      -22.73511      -6.062145      -13.40648    
  -4.259085      -5.911711      -2.635100      -1.083923      0.1290646    
 -1.0884210E-02  2.0800028E-02  8.8594034E-02  0.1208600     -8.0718741E-02
  -1.071715      -2.733858      -4.577328      -8.660054      -15.56210    
  -14.59974      -21.97779      -17.68736      -18.92086      -26.66634    
  -18.73744      -20.80637      -29.03448      -17.99945      -22.01720    
  -30.34453      -17.14710      -22.43867      -30.10088      -15.21297    
  -21.30296      -27.69338      -11.85915      -17.99739      -22.29175    
  -11.69201      -17.09056      -7.136556      -12.74066      -3.656271    
  -8.913702      -1.153516      -5.607110       2.813959      -1.236140    
   5.797426       2.709887       8.570463       5.766494       7.738851    
   4.133358       2.933725     -0.6006072      -3.436918      -4.389943    
 -0.3155480     -0.7195248      -1.446791      -2.712996      -4.978683    
  -8.010406      -11.06855      -15.58225      -22.77038      -24.33468    
  -30.84402      -52.44516      -32.12455      -41.79584      -73.13249    
  -49.04399      -58.60580      -96.12504      -65.16634      -76.68700    
  -116.6228      -81.31396      -95.08653      -134.6039      -97.69000    
  -111.6830      -147.2220      -112.3955      -124.8542      -149.6503    
  -136.1500      -146.0645      -142.9413      -146.6336      -145.7500    
  -143.9040      -145.9622      -140.6266      -144.5714      -134.0224    
  -138.6190      -124.2117      -123.5538      -101.1594      -92.00300    
  -62.72333      -45.56578      -16.73749       7.405100       16.69697    
    1.26562E+02   ! Azimuth index:  46 in degrees
 -1.7151292E-02 -4.2802840E-02 -8.6859412E-02 -0.1491563     -0.2595615    
 -0.5000417     -0.6175067     -0.1173171      0.8269699      -15.28194    
  -1.191680      0.4184400      -31.45637      -2.736691      -3.820479    
  -43.07371      -2.649734      -2.596138      -54.05440      -2.635938    
  -3.947331      -62.48823      -2.560237      -5.362691      -70.26746    
  -1.810775      -5.799688      -74.17863      -2.826133      -6.578023    
  -55.83916      -6.265424      -55.61610      -5.780427      -51.83216    
  -7.768332      -46.90527      -9.577786      -41.51479      -8.189320    
  -33.57891      -8.262998      -23.31274      -6.072998      -13.46329    
  -4.258497      -5.941763      -2.667273      -1.119589      8.6430579E-02
 -1.1920891E-02  1.6543452E-02  7.2716698E-02  0.1356096     -8.3583511E-02
  -1.082345      -2.862767      -4.506930      -8.603644      -15.47717    
  -14.70086      -21.95253      -17.47667      -18.70306      -26.63561    
  -18.65095      -20.84040      -29.78196      -18.70940      -22.22757    
  -30.53591      -17.64950      -22.74436      -30.10611      -15.52086    
  -21.41015      -27.47481      -11.83605      -18.03970      -22.35909    
  -11.64057      -17.29587      -8.128507      -12.81338      -3.779793    
  -9.047011      -1.351265      -5.786305       2.633899      -1.421262    
   5.980114       2.845440       8.130467       5.857487       7.874096    
   4.239353       3.045899     -0.5242950      -3.375295      -4.344859    
 -0.3194685     -0.7413236      -1.453647      -2.729648      -4.990134    
  -8.034965      -11.12685      -15.54641      -22.67732      -24.30079    
  -30.75184      -52.21899      -32.05779      -41.67564      -72.98469    
  -48.96614      -58.52793      -95.58545      -64.67452      -76.18784    
  -116.0730      -80.91357      -94.51889      -133.7872      -97.08907    
  -111.0058      -146.5637      -111.9387      -124.3781      -149.0069    
  -135.6147      -145.5295      -142.3991      -146.3518      -145.5421    
  -143.8383      -146.1122      -141.0517      -145.1952      -134.7648    
  -139.5195      -125.0600      -124.0791      -101.7772      -92.70360    
  -63.29641      -46.15531      -17.32024       6.840736       16.26838    
    1.29375E+02   ! Azimuth index:  47 in degrees
 -1.6487854E-02 -4.2894226E-02 -8.4818460E-02 -0.1463840     -0.2562422    
 -0.4958075     -0.6609697     -0.1212424      0.7917759      -15.21146    
  -1.162155      0.4703387      -31.49570      -2.681570      -4.129902    
  -43.06513      -2.791267      -2.671545      -54.33990      -2.619387    
  -3.945996      -62.35948      -2.499280      -5.257883      -69.91600    
  -1.733594      -5.883531      -73.75552      -2.621931      -6.362406    
  -55.57526      -6.037086      -55.47279      -5.772619      -51.82716    
  -7.813725      -46.83624      -9.712300      -41.65054      -8.187577    
  -33.84884      -8.140392      -23.35055      -6.032662      -13.46657    
  -4.241426      -5.906518      -2.678261      -1.121879      8.2204871E-02
 -1.2967283E-02  1.1681506E-02  6.9484085E-02  0.1310832     -0.1210594    
  -1.131047      -3.017696      -4.493387      -8.676007      -15.24704    
  -14.59632      -21.70424      -17.36536      -18.67246      -27.07253    
  -19.21327      -21.00393      -29.79489      -19.39752      -22.17482    
  -30.47645      -17.65407      -22.61264      -29.84530      -15.33475    
  -21.20218      -27.51548      -11.56024      -17.68810      -21.98285    
  -11.51250      -16.94343      -8.097126      -12.78532      -3.832734    
  -9.093215      -1.323893      -5.924561       2.571023      -1.389174    
   5.748411       2.967354       8.138658       5.921052       7.892294    
   4.260263       3.043301     -0.5383412      -3.365502      -4.338597    
 -0.3091719     -0.7432932      -1.422413      -2.683746      -4.927911    
  -7.968628      -11.11341      -15.45281      -22.54553      -24.44299    
  -30.64028      -51.97349      -32.22297      -41.95172      -72.12341    
  -48.41831      -58.07194      -95.09668      -64.43383      -76.06972    
  -115.7898      -80.70510      -94.37224      -133.2670      -96.72304    
  -110.5155      -145.8598      -111.5500      -123.9638      -148.4051    
  -135.1219      -145.0151      -142.0419      -146.0749      -145.3828    
  -143.7646      -145.9308      -141.1746      -145.4299      -135.0611    
  -139.6767      -124.7962      -124.2051      -101.8282      -92.73423    
  -63.27975      -45.95560      -17.28575       6.768788       16.20610    
    1.32188E+02   ! Azimuth index:  48 in degrees
 -1.5294976E-02 -4.0463746E-02 -8.1008106E-02 -0.1420165     -0.2521468    
 -0.4874148     -0.6245550     -0.1200452      0.7900953      -15.25499    
  -1.135389      0.4957750      -31.45099      -2.691753      -3.703178    
  -43.25813      -2.642661      -2.558859      -54.22318      -2.543670    
  -3.887334      -62.31820      -2.454199      -5.256561      -69.93259    
  -1.696664      -5.848294      -73.73521      -2.486988      -6.065096    
  -55.41157      -5.526459      -55.08727      -6.128094      -51.62333    
  -7.522901      -46.33922      -9.336278      -41.72577      -8.058552    
  -33.70380      -7.959445      -23.45102      -5.946251      -13.43706    
  -4.305250      -5.951252      -2.714816      -1.154811      3.9420526E-02
 -1.3938947E-02  1.3631239E-02  8.0728650E-02  0.1584378      3.6536738E-02
  -1.061239      -2.883436      -4.470894      -8.647858      -15.37474    
  -14.60574      -21.77031      -17.42092      -18.65911      -26.43088    
  -19.44551      -20.72562      -29.59217      -19.30910      -22.04743    
  -30.38430      -17.62881      -22.52630      -29.86814      -15.33676    
  -21.14000      -27.46876      -11.42536      -17.49997      -21.58521    
  -11.10154      -16.25696      -7.580173      -13.23385      -3.437524    
  -8.719067     -0.7319807      -5.470327       2.576821      -1.205356    
   5.965942       3.128800       8.022779       6.062245       8.027464    
   4.266584       3.075718     -0.4861995      -3.316832      -4.297367    
 -0.2908817     -0.7107512      -1.368177      -2.610696      -4.860193    
  -7.842318      -10.97155      -15.35727      -22.46280      -24.38697    
  -30.81774      -52.27171      -32.10918      -41.81117      -73.02275    
  -48.49873      -58.07668      -95.08001      -64.34595      -76.08374    
  -115.8132      -80.66968      -94.30726      -133.3818      -96.75133    
  -110.5027      -145.9162      -111.6793      -124.0722      -148.8951    
  -135.5228      -145.2853      -142.0650      -145.9843      -145.6863    
  -143.9944      -145.9102      -141.3496      -145.6541      -135.4303    
  -139.8291      -124.4027      -124.1480      -102.1553      -93.12956    
  -63.70250      -46.28895      -17.74777       6.299148       15.80017    
    1.35000E+02   ! Azimuth index:  49 in degrees
 -1.6601777E-02 -4.3265723E-02 -8.7139845E-02 -0.1465144     -0.2569637    
 -0.4960338     -0.6220908     -0.1348386      0.7729507      -15.46809    
  -1.228150      0.4865482      -31.64795      -2.722800      -3.749986    
  -43.74264      -2.692575      -2.600419      -54.59269      -3.320614    
  -3.713105      -62.48391      -2.624331      -5.327617      -70.37156    
  -1.470544      -5.538270      -74.22499      -2.906201      -6.565210    
  -55.92669      -5.855457      -54.96614      -5.941545      -51.81473    
  -7.633455      -46.84273      -9.518277      -42.15015      -8.202794    
  -34.03089      -8.083204      -23.79720      -6.380947      -13.48673    
  -4.329198      -5.990538      -2.762644      -1.202384     -1.5895704E-02
 -1.1824158E-02  1.3494232E-02  7.1507320E-02  0.1482678     -5.2420297E-03
 -0.8852062      -2.882734      -4.578874      -8.912010      -15.66392    
  -14.95755      -22.08974      -17.40129      -18.80528      -26.78087    
  -19.98131      -20.88457      -29.92259      -19.55907      -23.43276    
  -30.28211      -17.33188      -22.91477      -30.15334      -15.36556    
  -20.90899      -27.11853      -11.63277      -18.17294      -22.34612    
  -11.75149      -16.72204      -7.373202      -12.99339      -3.525296    
  -8.849676     -0.9249396      -5.627564       2.521831      -1.297094    
   5.926671       3.098883       8.039201       5.756265       8.223868    
   4.416874       3.257516     -0.3592627      -3.229001      -4.250482    
 -0.3115432     -0.7540058      -1.464033      -2.691760      -4.956123    
  -7.986247      -11.09042      -15.54206      -22.80922      -24.61412    
  -31.14487      -52.83039      -32.42726      -42.07570      -73.74521    
  -48.73870      -58.28874      -95.82034      -64.67149      -75.99950    
  -116.7936      -81.24053      -94.78648      -134.3403      -97.43881    
  -111.2589      -146.9801      -112.2748      -124.4459      -149.0791    
  -135.6426      -145.3621      -142.1793      -146.0468      -146.0481    
  -144.7509      -146.9883      -142.6722      -146.8851      -136.4773    
  -140.8409      -125.4070      -125.5415      -103.2679      -94.11323    
  -64.82223      -47.27894      -18.67601       5.547480       15.31768    
    1.37812E+02   ! Azimuth index:  50 in degrees
 -1.7758695E-02 -4.6176970E-02 -9.3270220E-02 -0.1517568     -0.2620714    
 -0.5027624     -0.6295120     -0.1854168      0.7734794      -15.59352    
  -1.267370      0.4497360      -31.76968      -2.721050      -3.763630    
  -43.60400      -2.684136      -2.685285      -54.58005      -2.207916    
  -3.554124      -63.64391      -2.731892      -5.464946      -70.97076    
  -1.560019      -5.674524      -74.76470      -2.720572      -6.592576    
  -56.27002      -5.908282      -54.98580      -5.748731      -52.69545    
  -7.737388      -47.24106      -9.479977      -42.39424      -8.243390    
  -34.02761      -8.092877      -23.59071      -6.412120      -13.56517    
  -4.387754      -6.098445      -2.784926      -1.237904     -5.7753187E-02
 -9.0373401E-03  1.7387157E-02  7.0541643E-02  0.1531071     -1.2025178E-03
 -0.8951554      -2.919386      -4.832952      -9.009154      -15.85384    
  -15.09024      -22.40397      -17.51858      -18.80985      -26.93641    
  -19.11572      -20.96886      -30.37252      -17.77027      -21.86706    
  -30.45341      -18.55541      -23.22590      -30.59712      -15.60071    
  -21.16301      -27.48433      -11.81621      -18.01431      -22.48308    
  -11.78664      -16.85626      -7.074069      -12.76842      -4.331230    
  -8.973635     -0.9361298      -5.547691       2.542981      -1.316682    
   6.110044       3.143460       8.378767       5.864336       8.361118    
   4.526090       3.342135     -0.2635401      -3.157121      -4.209128    
 -0.3329255     -0.8002293      -1.562139      -2.787073      -5.055508    
  -8.100312      -11.22327      -15.76054      -22.99583      -24.71286    
  -31.25487      -53.23886      -32.51200      -42.07291      -74.02026    
  -49.35867      -58.66374      -96.69904      -66.40296      -78.01798    
  -118.9758      -81.81191      -95.42982      -135.5505      -98.15685    
  -111.9200      -148.0798      -112.9737      -125.4496      -150.2024    
  -136.5536      -146.3870      -142.9060      -146.7300      -146.7570    
  -146.1137      -148.2331      -143.6308      -147.7634      -136.9927    
  -141.4345      -125.9720      -125.9825      -104.3481      -95.00300    
  -65.89941      -48.16594      -19.31792       4.958074       14.93024    
    1.40625E+02   ! Azimuth index:  51 in degrees
 -1.8084401E-02 -4.7052477E-02 -9.5769420E-02 -0.1562380     -0.2637797    
 -0.5045891     -0.6359624     -0.1734519      0.8082974      -15.49626    
  -1.267659      0.4405203      -31.64962      -2.500068      -3.566819    
  -43.22147      -1.996145      -1.946508      -54.23064      -2.266093    
  -3.589779      -63.27573      -2.761836      -5.492893      -70.68218    
  -1.763644      -5.762658      -74.65701      -2.934317      -6.781703    
  -56.36287      -6.029803      -55.30081      -5.679130      -52.88525    
  -7.759759      -47.19673      -9.352991      -42.40715      -8.222658    
  -33.66580      -7.971207      -23.48307      -6.365498      -13.74996    
  -4.304924      -6.085284      -2.795714      -1.240635     -7.5012602E-02
 -4.1027679E-03  2.9041087E-02  8.9427903E-02  0.1680425      6.4200908E-02
 -0.7902877      -2.947265      -4.792929      -8.845817      -15.77620    
  -15.01146      -22.30817      -17.49531      -18.28576      -26.36609    
  -17.83529      -19.88756      -29.08594      -17.58918      -21.88761    
  -30.32978      -18.41560      -23.20841      -30.52972      -15.61411    
  -21.43382      -27.56637      -11.97602      -18.31482      -22.78452    
  -11.89202      -17.05678      -7.253108      -12.70184      -4.350407    
  -9.008703     -0.8258502      -5.415055       2.526551      -1.304847    
   6.474052       3.262961       8.301210       5.878128       8.107608    
   4.539349       3.339539     -0.2836356      -3.137855      -4.194928    
 -0.3382953     -0.8152590      -1.604380      -2.869407      -5.082719    
  -8.125799      -11.26333      -15.74967      -22.94246      -24.54214    
  -31.01205      -52.90172      -32.35678      -41.86283      -73.44469    
  -49.98352      -59.68301      -97.40460      -66.04467      -77.62841    
  -118.1216      -81.38007      -95.01987      -134.7862      -97.68308    
  -111.5418      -147.5373      -112.6096      -125.1974      -150.2809    
  -136.6189      -146.7551      -143.4392      -147.1747      -147.3026    
  -146.5976      -148.4129      -143.5058      -147.7926      -136.9562    
  -141.3575      -125.9487      -125.3136      -104.1186      -94.74270    
  -65.47073      -48.09814      -19.27040       4.839818       14.77123    
    1.43438E+02   ! Azimuth index:  52 in degrees
 -1.6506758E-02 -4.4368569E-02 -9.1558732E-02 -0.1516145     -0.2555504    
 -0.4903606     -0.5988336     -0.1650351      0.7980184      -15.28411    
  -1.215630      0.4463467      -31.57787      -2.522923      -3.514431    
  -42.88068      -2.028674      -1.870923      -53.75068      -2.286642    
  -3.593723      -62.32574      -2.692307      -5.421474      -70.18289    
  -1.804578      -5.773388      -74.22317      -2.993042      -6.870296    
  -56.59946      -6.017984      -55.46799      -5.706894      -52.73755    
  -8.034743      -46.89022      -9.122917      -42.05247      -8.105410    
  -34.01611      -7.977600      -23.38763      -6.196433      -13.62561    
  -4.306257      -6.005977      -2.753845      -1.208073     -4.5530494E-02
 -9.6231606E-03  1.7204169E-02  7.0308402E-02  0.1279849      2.9639220E-02
 -0.9995524      -2.806162      -4.715373      -8.718540      -15.54414    
  -14.76251      -21.98273      -17.84755      -18.48508      -26.20042    
  -17.69904      -19.86555      -28.64609      -17.39953      -21.81738    
  -30.09914      -16.70712      -22.99008      -30.23795      -15.52243    
  -21.40832      -27.47699      -11.92481      -18.34810      -22.87270    
  -12.41934      -17.03914      -7.458157      -12.75822      -4.198946    
  -9.366999     -0.5795428      -5.176831       2.754037      -1.201873    
   5.979467       3.236012       8.362220       5.945034       8.092536    
   4.412324       3.228859     -0.3705818      -3.197202      -4.203815    
 -0.3133851     -0.7728266      -1.537974      -2.795947      -4.936655    
  -7.917277      -11.05307      -15.56411      -22.60654      -24.23961    
  -30.67085      -52.24823      -31.92555      -42.44679      -73.64388    
  -49.59141      -59.33086      -96.43832      -65.50055      -77.10864    
  -116.9388      -81.64494      -94.43044      -133.6594      -96.98678    
  -110.9119      -146.5811      -111.9486      -124.5690      -149.5400    
  -136.2241      -146.4334      -143.5042      -147.3308      -147.2657    
  -146.2004      -148.1336      -143.1221      -147.3395      -136.7779    
  -141.0696      -125.8628      -125.2080      -103.3563      -94.20207    
  -64.66679      -47.25614      -18.59015       5.347998       14.96595    
    1.46250E+02   ! Azimuth index:  53 in degrees
 -1.8634534E-02 -4.5940615E-02 -9.2670038E-02 -0.1536470     -0.2602145    
 -0.4921580     -0.5975090     -0.1612076      0.8091175      -15.21839    
  -1.135540      0.4698391      -31.50357      -2.436002      -3.454851    
  -42.82247      -2.077248      -1.900710      -54.00068      -2.177170    
  -3.566656      -62.26185      -2.275495      -5.373113      -70.11822    
  -1.703802      -5.772440      -74.17773      -2.976536      -6.866210    
  -56.55085      -6.223420      -55.58722      -5.765736      -52.66513    
  -7.920266      -47.25725      -9.426314      -42.22422      -8.011978    
  -34.10495      -8.156434      -23.29852      -6.161757      -13.56809    
  -4.301436      -5.965976      -2.756474      -1.210840     -6.2080979E-02
 -3.2984212E-02  2.2924438E-02  8.4450923E-02  0.1512881      2.6620125E-02
  -1.004398      -2.803545      -4.698876      -8.696712      -15.41573    
  -14.56756      -21.89604      -17.60943      -18.14816      -26.07270    
  -17.67924      -19.94902      -28.72705      -17.90741      -21.60359    
  -30.02214      -16.79725      -22.43024      -30.16291      -15.50131    
  -21.24555      -27.47884      -11.94634      -18.32542      -22.87347    
  -12.44840      -17.34202      -7.658516      -12.86222      -4.089217    
  -9.246591      -1.062074      -5.533768       2.589540      -1.105778    
   5.958630       3.022954       8.536337       5.957965       8.179140    
   4.452038       3.246221     -0.3650467      -3.186989      -4.188983    
 -0.3283542     -0.7994093      -1.557941      -2.831115      -5.031711    
  -7.952332      -11.06000      -15.54602      -22.64998      -24.23683    
  -30.65367      -52.17340      -32.03218      -41.81403      -73.58782    
  -49.52739      -59.25629      -96.45066      -65.39457      -76.97450    
  -116.7055      -81.45858      -95.22433      -133.5807      -96.92106    
  -110.8082      -146.4399      -111.8653      -124.4306      -149.3650    
  -136.0562      -146.4090      -143.4542      -147.5736      -147.3627    
  -146.2306      -148.0648      -143.3638      -147.4436      -136.8253    
  -141.3724      -125.8664      -125.5509      -103.3103      -94.38033    
  -64.95565      -47.19234      -18.64145       5.288821       14.84339    
    1.49062E+02   ! Azimuth index:  54 in degrees
 -2.0030024E-02 -4.9912035E-02 -9.5672891E-02 -0.1575538     -0.2666019    
 -0.5005017     -0.6125395     -0.1726399      0.7880156      -15.46316    
  -1.119385      0.3932039      -31.82829      -2.668793      -3.510572    
  -43.08756      -2.381468      -2.161946      -54.51779      -2.017486    
  -3.481130      -62.30483      -2.279714      -5.142321      -69.88281    
  -1.514929      -5.585833      -73.90894      -2.796062      -6.654156    
  -56.23237      -6.091055      -55.65762      -5.864353      -52.54380    
  -7.904501      -47.23968      -9.190576      -42.05597      -8.107510    
  -34.12918      -8.079833      -23.46223      -6.304471      -13.66857    
  -4.411342      -6.032321      -2.750605      -1.225477     -7.5936444E-02
 -3.5706688E-02 -3.8619895E-02  7.5669572E-02  0.1336297     -0.1279310    
  -1.031382      -2.864840      -4.791820      -8.945097      -15.69267    
  -14.59794      -22.37678      -17.79714      -18.72555      -26.29407    
  -17.93317      -20.57040      -29.45978      -18.39133      -21.35465    
  -29.91926      -16.83841      -22.43754      -29.88159      -15.23964    
  -20.93185      -27.16858      -11.79898      -18.07210      -22.59353    
  -11.96551      -17.20335      -7.728331      -13.02313      -3.966042    
  -9.251367      -1.060711      -5.293986       2.740234      -1.238720    
   6.024362       3.112246       8.322652       5.798496       8.023749    
   4.315834       3.146029     -0.3483421      -3.178399      -4.190979    
 -0.3479264     -0.8371233      -1.603083      -2.901291      -5.164614    
  -8.086078      -11.21354      -15.74062      -22.94910      -24.57929    
  -30.82217      -52.79601      -32.35489      -42.07172      -73.75362    
  -49.70023      -59.35944      -97.11167      -65.71946      -77.08829    
  -116.8409      -81.49284      -95.15337      -134.2476      -96.84393    
  -110.6288      -146.1240      -111.6077      -124.3527      -149.4071    
  -136.2078      -146.6899      -143.5540      -147.8463      -147.3538    
  -146.2027      -148.0760      -143.2103      -147.4380      -136.8286    
  -141.7368      -126.1336      -125.4876      -103.4081      -94.24716    
  -64.88644      -47.05903      -18.73296       5.156292       14.79187    
    1.51875E+02   ! Azimuth index:  55 in degrees
 -1.9144917E-02 -4.7774579E-02 -9.6125938E-02 -0.1553217     -0.2654948    
 -0.5021093     -0.6019183     -0.1593339      0.7794034      -15.51741    
  -1.344158      0.3148668      -31.91333      -2.780260      -3.675237    
  -43.41808      -2.476224      -2.318131      -54.55014      -2.470774    
  -3.794056      -62.50994      -2.649081      -5.499545      -70.25261    
  -1.375982      -5.838714      -73.91191      -2.801894      -6.641588    
  -56.18870      -6.230769      -55.84933      -5.948822      -52.38945    
  -7.822085      -47.21426      -9.312960      -41.88421      -7.608297    
  -33.69686      -7.778157      -23.33510      -6.021991      -13.48439    
  -4.301784      -5.910254      -2.767694      -1.237717     -9.8177716E-02
 -3.7840500E-02 -4.2123839E-02 -3.1779405E-02  0.1422605     -0.1066935    
  -1.069315      -2.827926      -4.742694      -9.009748      -15.80865    
  -15.23815      -22.65843      -17.77515      -18.98473      -26.69933    
  -18.66298      -20.63030      -29.56317      -19.11306      -22.04914    
  -30.36202      -17.83199      -22.95427      -30.38217      -15.79967    
  -20.68053      -27.54811      -12.00000      -18.06510      -22.56396    
  -12.10356      -17.41290      -7.932827      -13.16513      -3.862955    
  -9.182354      -1.081116      -5.485048       2.793794     -0.7025402    
   6.315507       3.360074       8.274274       5.976644       7.994396    
   4.263047       3.106530     -0.3789952      -3.166589      -4.185924    
 -0.3335192     -0.8022754      -1.582674      -2.865012      -5.142997    
  -8.125170      -11.21002      -15.73928      -22.99285      -24.57483    
  -31.08344      -52.98238      -32.50156      -42.14398      -73.88281    
  -49.53066      -58.74251      -96.29234      -65.08720      -76.38863    
  -116.0563      -80.81054      -94.40219      -133.3533      -96.83871    
  -110.3234      -145.7406      -111.3984      -123.9885      -148.8871    
  -135.8450      -146.4618      -143.7138      -147.9242      -147.2145    
  -145.9966      -148.0297      -142.9694      -147.1461      -136.8402    
  -141.2736      -125.6677      -124.9310      -102.7026      -93.45551    
  -63.94085      -46.37365      -18.67363       5.022770       14.68135    
    1.54688E+02   ! Azimuth index:  56 in degrees
 -1.9097103E-02 -4.7975000E-02 -9.6766822E-02 -0.1589806     -0.2679341    
 -0.5053954     -0.5984949     -0.1436826      0.7837516      -15.73358    
  -1.329084      0.3854900      -31.89005      -2.645891      -3.589789    
  -43.37024      -2.364985      -2.216867      -54.06222      -2.628914    
  -3.923797      -62.39321      -2.674601      -5.531774      -69.78562    
  -1.532986      -5.569378      -73.89866      -2.841837      -6.569335    
  -56.10121      -6.153965      -55.75525      -5.964921      -52.45249    
  -7.806714      -47.25576      -9.055811      -41.82568      -7.585123    
  -33.59211      -7.794898      -23.34043      -6.114349      -13.32841    
  -4.259510      -5.925430      -2.750549      -1.245603     -0.1262817    
 -3.4003697E-02 -3.4684654E-02 -2.0059839E-02 -3.0606074E-02 -0.1052511    
  -1.075449      -2.819651      -4.692297      -9.010808      -16.11130    
  -15.26919      -22.50416      -17.73604      -18.70251      -26.44975    
  -18.81763      -20.42603      -29.18608      -18.68238      -22.29065    
  -30.53671      -17.82793      -22.96980      -30.41707      -15.15465    
  -21.01519      -27.19831      -12.01194      -18.15385      -22.49251    
  -12.02935      -17.33547      -7.855666      -13.22195      -3.904573    
  -9.196039      -1.075449      -5.191199       2.975239     -0.6796072    
   6.448769       3.309038       8.273136       5.823192       8.051727    
   4.275648       3.093568     -0.3828216      -3.126476      -4.147826    
 -0.3341049     -0.8071616      -1.594961      -2.927627      -5.193254    
  -8.185262      -11.25225      -15.76645      -23.01950      -24.78432    
  -31.25710      -53.01525      -32.50758      -42.12061      -73.64575    
  -49.31654      -58.73198      -95.72315      -64.77135      -76.14091    
  -115.6690      -80.63888      -94.16509      -133.0535      -96.80744    
  -110.7428      -146.1662      -111.3894      -124.0165      -148.8937    
  -135.8059      -146.4030      -143.6859      -148.0353      -147.3822    
  -146.1666      -148.2682      -143.5999      -147.5687      -137.3576    
  -141.4627      -125.6966      -125.0815      -102.5190      -93.16190    
  -63.85204      -46.46476      -18.59334       4.774870       14.39424    
    1.57500E+02   ! Azimuth index:  57 in degrees
 -1.7297102E-02 -4.5289531E-02 -9.3362957E-02 -0.1551374     -0.2655808    
 -0.5027933     -0.5752072     -0.1103105      0.8261634      -15.61064    
  -1.307081      0.4546515      -31.61425      -2.597035      -3.620193    
  -43.33977      -2.460460      -2.238586      -54.00574      -2.639046    
  -4.021041      -62.44479      -2.621222      -5.364200      -70.10262    
  -1.625281      -5.724550      -74.23027      -2.849189      -6.588474    
  -56.16992      -6.060009      -55.78109      -5.953801      -52.15988    
  -7.459054      -46.96817      -9.164013      -42.30365      -7.943788    
  -33.48210      -7.604319      -23.21504      -6.077289      -13.39645    
  -4.242359      -5.862298      -2.687071      -1.194735     -7.6293483E-02
 -3.5745196E-02 -3.9392576E-02 -2.9413773E-02 -4.6099357E-02 -0.3538783    
  -1.358596      -2.732556      -4.521374      -8.687313      -15.96627    
  -15.15034      -22.14297      -17.35565      -18.51383      -26.33942    
  -19.25841      -20.58459      -29.22881      -18.71263      -22.30836    
  -30.73602      -17.97552      -22.95630      -30.25628      -15.38467    
  -21.23223      -27.53382      -11.88936      -18.23172      -22.60175    
  -11.98983      -17.25760      -7.819607      -13.25753      -3.368058    
  -8.793358     -0.5345497      -5.319202       2.857553      -1.069900    
   6.767135       3.503979       8.345512       5.818819       7.948604    
   4.260772       3.112654     -0.4736864      -3.225253      -4.165407    
 -0.3080672     -0.7670620      -1.543592      -2.865756      -5.170977    
  -8.162905      -11.11978      -15.57903      -22.73437      -24.62608    
  -31.07043      -52.69818      -32.44114      -41.80399      -72.99590    
  -48.85309      -58.60679      -95.74389      -64.66619      -76.06575    
  -115.6506      -80.58048      -94.48640      -133.6548      -97.08900    
  -111.0217      -146.6069      -112.1176      -124.3582      -149.3935    
  -136.1488      -146.6623      -143.9233      -148.4310      -147.8827    
  -146.9038      -148.8951      -144.5119      -148.9186      -138.2764    
  -142.2458      -126.0268      -125.0051      -102.4672      -93.14397    
  -63.76525      -46.34827      -17.80413       5.614067       14.73641    
    1.60312E+02   ! Azimuth index:  58 in degrees
 -1.5507690E-02 -4.2423170E-02 -8.9497522E-02 -0.1506631     -0.2594345    
 -0.4957809     -0.7188611     -5.9830863E-02  0.7461536      -15.47368    
  -1.230684      0.4402879      -31.45458      -2.563523      -3.939685    
  -43.24046      -2.578784      -2.313443      -54.00077      -2.547559    
  -3.913730      -62.13604      -2.616880      -5.449571      -69.67087    
  -1.625174      -5.729911      -73.81565      -3.053892      -6.893634    
  -55.97523      -6.282381      -55.92270      -5.725145      -52.30490    
  -7.711106      -47.15913      -9.104445      -42.28593      -7.866786    
  -33.77422      -7.506101      -22.99330      -5.979072      -13.18438    
  -4.207447      -5.860311      -2.645775      -1.151519     -2.3750391E-02
 -3.5717048E-02 -4.0662073E-02 -3.3596393E-02 -5.4602750E-02 -0.3457712    
  -1.375812      -3.254617      -4.281829      -9.014356      -15.77118    
  -14.92015      -21.96682      -17.30740      -18.48399      -26.82669    
  -19.45304      -20.73352      -29.18279      -18.90151      -22.06473    
  -30.38933      -17.81184      -22.87609      -30.28837      -15.26558    
  -21.15133      -27.44493      -11.91406      -18.53650      -23.04917    
  -12.12042      -17.56080      -8.351467      -12.98697      -3.607285    
  -9.151476     -0.6297894      -5.279459       2.942491      -1.007340    
   6.367763       3.543764       8.401031       5.821616       7.999036    
   4.191598       2.972148     -0.5462762      -3.316580      -4.242936    
 -0.2798254     -0.7211016      -1.481150      -2.785271      -5.050240    
  -8.054510      -11.24617      -15.37376      -22.71233      -24.49819    
  -30.93962      -52.31004      -32.24232      -41.92645      -72.39122    
  -48.51890      -58.26038      -95.06004      -64.47968      -75.64027    
  -114.7747      -80.27263      -93.99651      -132.7715      -96.53927    
  -110.3779      -145.5591      -111.4140      -124.1539      -148.9156    
  -135.3869      -145.8585      -143.2451      -148.2892      -147.8397    
  -147.0785      -149.3678      -144.8971      -149.2439      -138.5985    
  -142.1410      -125.8030      -124.5034      -101.9831      -92.60463    
  -63.25058      -45.77222      -17.22465       6.374467       15.37389    
    1.63125E+02   ! Azimuth index:  59 in degrees
 -1.1739556E-02 -4.0147085E-02 -8.7236986E-02 -0.1481521     -0.2553308    
 -0.4926092     -0.7221708     -0.2814202      0.7593622      -15.42455    
  -1.126598      0.4594083      -31.53304      -2.591393      -3.646546    
  -43.23278      -2.501664      -2.319118      -53.78692      -2.951612    
  -3.625934      -61.93478      -2.613024      -5.452655      -69.52824    
  -1.741245      -5.824697      -73.76434      -3.195762      -7.039386    
  -56.54027      -5.803571      -55.62073      -5.779551      -52.31994    
  -7.855984      -47.49944      -8.958021      -41.96070      -7.667186    
  -33.34901      -7.504599      -23.03961      -5.912599      -13.23069    
  -4.077159      -5.806059      -2.655329      -1.173075     -4.3882094E-02
 -3.3177450E-02 -4.2799536E-02 -3.7997935E-02 -6.1302997E-02 -0.3227515    
  -1.369427      -3.263294      -5.223756      -8.965563      -15.65311    
  -14.68692      -21.93238      -17.53296      -18.52564      -26.29992    
  -19.52717      -20.54970      -29.05513      -18.94859      -22.80255    
  -29.88409      -17.85439      -22.82990      -30.24051      -15.42371    
  -21.31274      -27.57922      -12.15740      -18.74517      -23.28133    
  -12.82124      -16.92904      -8.029911      -13.10104      -3.630019    
  -9.370095     -0.9238849      -5.145139       3.214899     -0.8433188    
   6.823402       3.511043       8.340517       5.896036       7.932160    
   4.303298       3.069420     -0.5003676      -3.283894      -4.231207    
 -0.2174374     -0.6812008      -1.440639      -2.734849      -4.958338    
  -7.995452      -11.22773      -15.78322      -22.72402      -24.53082    
  -30.97178      -52.32505      -32.15714      -41.84101      -72.73407    
  -48.44368      -58.07236      -94.53481      -64.11652      -75.59989    
  -114.7590      -79.92963      -93.64510      -132.2068      -96.16191    
  -110.0533      -145.0933      -111.0722      -123.8116      -148.5491    
  -135.5957      -145.6591      -143.1937      -148.3125      -147.9312    
  -147.5844      -149.7809      -145.1652      -149.1066      -138.3705    
  -142.2644      -125.8687      -124.6049      -102.3142      -92.66303    
  -63.28024      -46.04726      -17.56042       6.088576       15.25931    
    1.65938E+02   ! Azimuth index:  60 in degrees
 -3.7536784E-03 -2.7737280E-02 -7.2147384E-02 -0.1365432     -0.2449251    
 -0.4807529     -0.7203785     -0.1895758      0.7780960      -15.23285    
  -1.113777      0.4581679      -31.37035      -2.735336      -3.632371    
  -42.76774      -2.343879      -2.223630      -53.53938      -2.368357    
  -3.653478      -61.66893      -2.585786      -5.332541      -69.52618    
  -1.767230      -5.844880      -73.91325      -3.319561      -7.187449    
  -56.09231      -5.941278      -55.78817      -5.749172      -52.45217    
  -7.857389      -47.57210      -9.209908      -41.90927      -7.264105    
  -33.45851      -7.349579      -22.90146      -5.886635      -13.15722    
  -4.142051      -5.829667      -2.646398      -1.190765     -6.8706885E-02
 -3.3064347E-02 -3.9171215E-02 -3.0993635E-02 -6.3382693E-02 -0.3236190    
  -1.353697      -3.249145      -4.792568      -8.799800      -15.23141    
  -14.59278      -21.80164      -17.45495      -18.81819      -26.21801    
  -18.45335      -20.23886      -28.81558      -18.79557      -21.78630    
  -29.94430      -17.22385      -22.79671      -30.06579      -15.52623    
  -21.37351      -27.66978      -12.34383      -18.97581      -23.56991    
  -12.15789      -17.21218      -8.141410      -13.11874      -3.691091    
  -9.417003     -0.8918117      -5.468454       3.342935     -0.4300645    
   6.667217       3.652077       8.532454       5.912079       8.056693    
   4.250048       3.050232     -0.4762811      -3.255270      -4.230278    
 -9.1119513E-02 -0.4831564      -1.199649      -2.524629      -4.759880    
  -7.806144      -11.06085      -15.46000      -22.57670      -24.58416    
  -30.79349      -52.03714      -31.98305      -41.75315      -72.53962    
  -48.76057      -58.01338      -94.25988      -63.89899      -75.72679    
  -114.6809      -80.17707      -93.58762      -132.1483      -96.07240    
  -109.9872      -145.2189      -111.1380      -123.9369      -148.8504    
  -135.8040      -146.3652      -143.5295      -148.6203      -148.2922    
  -148.0030      -150.2255      -145.5928      -149.4664      -138.4211    
  -142.3333      -126.0776      -124.9482      -102.4967      -93.00737    
  -63.50442      -46.15957      -17.69021       5.843475       15.15495    
    1.68750E+02   ! Azimuth index:  61 in degrees
  1.5938339E-03 -1.5724627E-02 -5.5940773E-02 -0.1207545     -0.2343685    
 -0.4700747     -0.7126762     -0.2093611      0.7613681      -15.18215    
  -1.120311      0.4428505      -31.21850      -2.774276      -3.641060    
  -42.63783      -2.350117      -2.220037      -53.17515      -2.330971    
  -3.622094      -61.53112      -2.270031      -5.010180      -69.15718    
  -1.568583      -5.601363      -73.31966      -3.073259      -6.837701    
  -55.85607      -6.024000      -55.42126      -5.702130      -52.41351    
  -7.705337      -47.37459      -8.790612      -41.97343      -7.401814    
  -33.45428      -7.294334      -22.82855      -5.793414      -13.15094    
  -3.912992      -5.719180      -2.631871      -1.187060     -5.9377529E-02
 -3.4187838E-02 -3.6767751E-02 -2.3438578E-02 -2.9747600E-02 -0.3112065    
  -1.322820      -3.215710      -4.835184      -8.775748      -15.23055    
  -14.67020      -21.78192      -17.31356      -18.81913      -26.19410    
  -18.48323      -20.27007      -28.85524      -17.91885      -21.72157    
  -29.88772      -17.10800      -22.32145      -29.55118      -15.30319    
  -21.01030      -27.21443      -12.07193      -18.56318      -23.05171    
  -12.16101      -17.33982      -7.806312      -13.09488      -3.787622    
  -9.284302     -0.8078797      -5.033279       3.325832     -0.6287047    
   6.696237       3.682197       8.578024       5.954441       7.988874    
   4.430910       3.128001     -0.4836896      -3.271123      -4.240487    
 -8.4947096E-03 -0.2937250     -0.9439893      -2.235987      -4.561834    
  -7.639859      -10.91116      -15.32876      -22.39883      -24.42252    
  -30.95917      -51.86941      -31.88068      -41.46750      -72.25856    
  -48.53486      -58.07100      -94.36217      -64.20150      -75.68474    
  -114.5493      -80.08992      -93.82938      -132.1726      -95.74631    
  -109.5187      -144.3290      -110.4927      -123.1791      -148.1181    
  -135.1992      -145.7970      -143.3252      -148.2112      -148.0740    
  -147.6276      -149.9669      -145.6957      -149.8001      -138.7297    
  -142.6110      -126.3101      -125.0179      -102.4170      -92.84855    
  -63.37948      -46.11597      -17.61214       5.968860       15.29487    
    1.71562E+02   ! Azimuth index:  62 in degrees
  5.0120968E-03 -9.9358009E-03 -4.7378995E-02 -0.1083744     -0.2229010    
 -0.4630975     -0.7358905     -0.2295095      0.7595046      -15.24400    
  -1.187961      0.5212122      -31.30538      -2.570370      -3.483866    
  -42.62758      -2.265987      -2.025730      -53.07359      -2.298396    
  -3.629679      -61.41119      -2.306080      -5.043152      -69.09983    
  -1.572142      -5.403571      -72.86919      -2.883136      -6.898274    
  -55.84930      -6.058391      -55.48387      -5.887098      -52.61136    
  -7.578125      -47.11906      -8.894675      -42.15474      -7.396602    
  -33.55001      -7.321636      -22.95453      -5.823089      -13.09511    
  -4.147849      -5.878222      -2.646173      -1.219328     -0.1007727    
 -3.4732934E-02 -3.9975088E-02 -3.1878360E-02 -2.1026403E-02 -0.2751646    
  -1.356759      -3.298265      -4.920300      -8.796915      -15.39328    
  -14.81102      -21.70225      -17.19123      -18.43991      -25.85786    
  -18.62114      -20.08987      -28.49318      -17.82550      -21.66010    
  -29.86215      -17.13672      -22.36317      -29.57036      -15.07929    
  -21.08815      -26.88031      -11.78847      -18.30475      -23.16568    
  -12.27065      -17.43014      -7.933925      -13.39315      -4.068000    
  -9.182608     -0.4839856      -5.188713       3.326812     -0.6247340    
   6.696943       3.649862       8.535728       5.943882       8.121990    
   4.294827       3.118789     -0.3925771      -3.226542      -4.211894    
  4.5930576E-02 -0.2007068     -0.8067465      -2.010347      -4.335398    
  -7.536913      -10.87061      -15.34202      -22.41224      -24.37032    
  -30.88451      -52.17622      -32.13397      -41.61504      -72.21716    
  -48.39689      -57.94603      -94.35806      -64.14955      -75.58541    
  -114.2195      -79.88606      -93.59555      -131.7169      -95.91827    
  -109.7816      -143.8065      -110.1070      -122.9945      -147.8002    
  -135.0339      -145.6997      -143.3282      -148.1999      -148.1310    
  -147.7020      -150.1707      -146.2676      -150.5717      -139.5713    
  -143.1508      -126.8784      -125.5610      -102.9701      -93.34940    
  -64.20357      -46.87978      -18.26699       5.535284       14.99475    
    1.74375E+02   ! Azimuth index:  63 in degrees
 -3.8862177E-03 -2.4176193E-02 -6.4542830E-02 -0.1261529     -0.2375572    
 -0.4778600     -0.5582346     -0.2009297      0.7459393      -15.27712    
  -1.225178      0.4534714      -31.36524      -2.446285      -3.476188    
  -42.37912      -2.266313      -2.102761      -53.16442      -2.445831    
  -3.645104      -61.46856      -2.352290      -5.119625      -69.24535    
  -1.682774      -5.753076      -73.30619      -3.025496      -6.880641    
  -56.19061      -6.156201      -55.79927      -5.848634      -52.83788    
  -7.615899      -47.52074      -8.848146      -42.25928      -7.215556    
  -33.44623      -7.284777      -22.68028      -5.609240      -13.10613    
  -4.110678      -5.787937      -2.680983      -1.217447     -9.7406290E-02
 -2.5896309E-02 -7.9298075E-03  4.1333750E-02  0.1082811     -2.7017517E-02
 -0.9919553      -2.678977      -4.819243      -8.883410      -15.50044    
  -14.84998      -21.85837      -17.50633      -18.20559      -25.77440    
  -18.53921      -20.00799      -28.65834      -18.11989      -21.91769    
  -29.96085      -17.20417      -22.46451      -29.78366      -15.21320    
  -21.31429      -27.60940      -11.92649      -18.60960      -23.25005    
  -12.46384      -17.66020      -8.042941      -13.42405      -4.030455    
  -9.282743     -0.5919133      -5.159125       3.288539     -0.4592167    
   6.825860       3.652430       8.801361       6.128998       8.089488    
   4.291686       3.139334     -0.4174037      -3.211828      -4.214643    
 -0.1132806     -0.4518268      -1.110933      -2.348255      -4.627588    
  -7.794540      -10.89421      -15.38342      -22.46352      -24.30960    
  -30.74725      -52.03205      -31.94070      -41.67611      -71.79639    
  -48.09703      -57.60038      -94.26009      -64.00990      -75.47769    
  -114.3762      -79.92084      -93.59789      -131.9841      -96.03152    
  -109.9116      -144.8757      -110.7333      -123.5082      -148.5293    
  -135.6867      -146.5185      -144.0950      -149.0986      -149.0228    
  -148.6749      -151.3186      -147.1512      -150.9796      -139.9132    
  -143.4007      -127.0208      -125.6635      -103.0414      -93.42854    
  -64.12830      -46.66329      -18.32091       5.497376       15.04769    
    1.77188E+02   ! Azimuth index:  64 in degrees
 -1.3159560E-02 -3.8621437E-02 -8.2577556E-02 -0.1440688     -0.2539162    
 -0.4901298     -0.5963843     -0.1201460      0.7671168      -15.18559    
  -1.216809      0.4370279      -31.35917      -2.519695      -3.481221    
  -42.72806      -2.237905      -2.111579      -53.33527      -2.570653    
  -3.784561      -61.70891      -2.579602      -5.332945      -69.55992    
  -1.902341      -5.735698      -73.57795      -2.829010      -6.562825    
  -56.11932      -6.125159      -55.82076      -5.816862      -52.97001    
  -7.718081      -47.86137      -8.819053      -42.01454      -7.142655    
  -33.43465      -6.935024      -22.59046      -5.639815      -12.95113    
  -3.988238      -5.711155      -2.620885      -1.150914     -2.1633277E-02
 -1.7903816E-02  3.0037316E-03  5.2163590E-02  0.1010271     -8.3697818E-02
  -1.033464      -2.817508      -4.490108      -8.746570      -15.45224    
  -14.76167      -21.86376      -17.45590      -18.36017      -25.93443    
  -18.48457      -19.89607      -28.68527      -18.59626      -22.13244    
  -30.25701      -17.69105      -22.83473      -30.19438      -15.85415    
  -21.66997      -27.65979      -12.12647      -18.38919      -22.85907    
  -12.38241      -17.67414      -8.075715      -13.43979      -4.128413    
  -9.461480     -0.9128311      -5.182725       3.552309     -0.4329977    
   6.733820       3.992110       8.855749       6.026336       8.099083    
   4.243010       2.969718     -0.5655251      -3.333853      -4.271369    
 -0.2599584     -0.6822052      -1.394039      -2.666914      -4.941338    
  -7.988710      -10.98467      -15.29617      -22.35724      -24.10710    
  -30.54553      -51.86242      -31.97648      -41.66141      -72.40911    
  -48.70152      -57.33186      -94.20864      -63.82782      -75.29652    
  -114.3656      -79.81892      -93.31958      -131.9524      -95.87650    
  -109.7048      -145.0342      -110.9923      -123.7919      -148.8254    
  -135.7399      -146.6254      -144.1971      -149.2602      -149.3122    
  -149.2856      -151.7122      -147.2555      -151.1188      -139.9458    
  -143.2704      -127.1958      -125.7030      -102.8360      -92.96458    
  -63.12939      -45.60212      -17.22628       6.577988       15.73260    
    1.80000E+02   ! Azimuth index:  65 in degrees
 -9.8511949E-03 -3.2469444E-02 -7.3895149E-02 -0.1338906     -0.2390332    
 -0.4695011     -0.6112359     -0.1323189      0.7922229      -14.98721    
  -1.153675      0.4653408      -31.04129      -2.658681      -3.554534    
  -42.65704      -2.086072      -1.831171      -53.61055      -2.207011    
  -3.456477      -62.06827      -2.081842      -4.811484      -69.88303    
  -1.224161      -5.274539      -74.15887      -2.285435      -6.004514    
  -56.07378      -5.385390      -55.56285      -4.931625      -52.30480    
  -7.039160      -47.17183      -8.618280      -42.09106      -7.524578    
  -33.59986      -7.261200      -22.89320      -5.552451      -12.96696    
  -3.885293      -5.648177      -2.597007      -1.194022     -7.9365514E-02
 -1.9496130E-02  8.8726962E-04  5.4517481E-02  0.1256925     -0.1198454    
  -1.054367      -2.848001      -4.501117      -8.487132      -15.06798    
  -14.62647      -21.83343      -16.78472      -18.62342      -26.24213    
  -18.18174      -19.95675      -28.62021      -18.09826      -21.71705    
  -30.09755      -17.20203      -22.27485      -29.72737      -15.08517    
  -20.87924      -27.30047      -11.68094      -17.77936      -22.25933    
  -11.57437      -16.81623      -7.271351      -12.38586      -3.283948    
  -8.706542     -0.5829931      -5.093398       2.790895      -1.018919    
   6.149130       3.594050       8.551076       6.140536       8.221709    
   4.463766       3.179450     -0.4572661      -3.286572      -4.262290    
 -0.1991690     -0.5740188      -1.247265      -2.466300      -4.634324    
  -7.623755      -10.76601      -15.15627      -22.09988      -24.06663    
  -30.62288      -51.95777      -32.10294      -41.56672      -72.70743    
  -48.88197      -58.65113      -95.78333      -64.75471      -76.27031    
  -116.2109      -80.92484      -94.68574      -134.1652      -97.27910    
  -111.2803      -147.5027      -112.5520      -125.2202      -150.8411    
  -137.4133      -148.3897      -145.4018      -150.1508      -149.5508    
  -148.9691      -150.6286      -145.6562      -149.3964      -138.3705    
  -142.1630      -127.2490      -125.9636      -103.4067      -93.77242    
  -64.20609      -46.46650      -17.78972       6.032643       15.41911    
    1.82812E+02   ! Azimuth index:  66 in degrees
 -7.2484487E-03 -2.7509229E-02 -6.6852294E-02 -0.1226851     -0.2260914    
 -0.4513968     -0.5811009     -0.1698557      0.7960339      -15.03861    
  -1.164276      0.4121254      -31.11748      -2.775189      -3.752425    
  -43.06516      -2.413854      -2.172288      -53.90237      -2.306263    
  -3.537861      -62.75090      -2.154173      -4.893563      -70.58491    
  -1.289115      -5.386889      -75.16901      -2.497437      -6.233615    
  -56.81407      -5.589927      -56.17210      -4.843974      -52.14205    
  -6.767117      -46.58805      -8.307343      -41.40545      -7.332072    
  -33.20090      -7.577915      -22.95859      -5.904105      -13.06930    
  -3.927431      -5.655391      -2.630323      -1.212424     -8.9678109E-02
 -2.3797242E-02 -7.5375889E-03  3.8117614E-02  4.7421619E-02 -0.1285915    
  -1.003352      -2.725869      -4.595891      -8.403580      -15.19417    
  -14.70510      -21.93386      -17.06974      -18.88171      -26.79030    
  -18.80171      -20.62033      -29.55268      -18.13857      -22.01078    
  -30.60168      -17.51032      -22.54155      -30.17203      -15.32079    
  -21.16882      -27.74973      -12.18913      -18.28132      -22.81227    
  -11.90770      -17.24792      -7.452348      -12.36213      -2.958822    
  -8.426834     -0.2114602      -4.830804       3.006056     -0.9439963    
   6.325160       3.097852       8.247938       5.730522       8.183077    
   4.473537       3.225242     -0.4086227      -3.229770      -4.244513    
 -0.1585175     -0.4958232      -1.136250      -2.269749      -4.388322    
  -7.329442      -10.48573      -14.95103      -21.96869      -24.03610    
  -30.74564      -51.86272      -31.95958      -41.56274      -73.00290    
  -48.92454      -58.72476      -96.54307      -65.16423      -76.74147    
  -117.5984      -81.70686      -95.27779      -135.7058      -98.19177    
  -112.1949      -149.1717      -113.7117      -126.5259      -152.7175    
  -138.9245      -150.0148      -146.8640      -151.1911      -149.9782    
  -148.8131      -149.9119      -144.4891      -147.9228      -136.8775    
  -141.4680      -126.1819      -125.2736      -103.4770      -94.20392    
  -64.72328      -46.80378      -18.29138       5.626618       15.31819    
    1.85625E+02   ! Azimuth index:  67 in degrees
 -4.9985535E-03 -2.3839014E-02 -6.1717708E-02 -0.1163082     -0.2199348    
 -0.4445802     -0.5686756     -0.1671271      0.7892914      -15.08463    
  -1.191599      0.4178338      -31.17638      -2.916826      -3.877696    
  -43.14939      -2.551780      -2.035573      -53.98739      -2.312335    
  -3.536681      -62.70333      -2.009479      -4.668274      -70.32208    
  -1.013509      -5.106757      -74.94405      -2.471861      -6.166230    
  -56.66624      -5.518215      -55.93235      -4.672133      -51.83398    
  -6.781635      -46.34827      -8.260037      -41.13151      -7.333107    
  -32.86918      -7.334060      -22.85796      -5.857948      -13.04360    
  -3.959323      -5.582500      -2.568949      -1.159585     -2.4171345E-02
 -2.5672326E-02 -9.7517809E-03  3.5434935E-02  5.3963963E-02 -0.1106117    
 -0.9611401      -2.677872      -4.574344      -8.443502      -15.26371    
  -14.79307      -22.00483      -16.77737      -19.19930      -27.04158    
  -19.00808      -20.87582      -29.31407      -18.12235      -22.07902    
  -30.63507      -17.26850      -22.40375      -29.82391      -14.97455    
  -20.74129      -27.29344      -12.03100      -18.27426      -22.74738    
  -11.84414      -17.17906      -7.372913      -12.15895      -2.937579    
  -8.500412     -0.2325080      -4.858632       2.985315      -1.037094    
   6.323933       3.155347       7.973269       5.576685       7.844069    
   4.231876       3.045503     -0.5416661      -3.344875      -4.318286    
 -0.1217813     -0.4355719      -1.052266      -2.152200      -4.266198    
  -7.215434      -10.40622      -14.90311      -21.98464      -24.07707    
  -30.78990      -52.14286      -32.32264      -41.57584      -72.95199    
  -48.86429      -58.62997      -96.52509      -65.32253      -76.90350    
  -117.6690      -81.89474      -95.71658      -135.6700      -98.17682    
  -112.0649      -148.7323      -113.5616      -126.4336      -152.4783    
  -138.7219      -149.6738      -146.4574      -150.3668      -149.2366    
  -148.1694      -149.2317      -143.7476      -147.1161      -136.1649    
  -140.4518      -124.5265      -123.9953      -102.1586      -92.84843    
  -63.51767      -45.72385      -17.26157       6.593987       16.01668    
    1.88438E+02   ! Azimuth index:  68 in degrees
 -5.1568015E-03 -2.4441034E-02 -6.2924474E-02 -0.1179518     -0.2222652    
 -0.4480259     -0.5666400     -0.1596970      0.8237860      -15.07822    
  -1.203771      0.4219751      -31.27225      -2.747287      -3.691286    
  -43.33101      -2.631080      -2.084580      -54.39286      -2.346794    
  -3.573715      -63.11495      -2.041466      -4.763420      -70.91898    
 -0.9688009      -4.993316      -74.97106      -2.328021      -6.020957    
  -56.40151      -5.372155      -55.69018      -4.563257      -51.64044    
  -6.774146      -46.20360      -8.225768      -40.88018      -6.982255    
  -32.51579      -7.225618      -22.46289      -5.665135      -12.79696    
  -3.922584      -5.547492      -2.542296      -1.137046     -3.2518802E-03
 -2.5491536E-02 -8.3406297E-03  3.9448928E-02  6.4104550E-02 -9.7282104E-02
 -0.9513418      -2.675810      -4.566592      -8.360591      -15.20722    
  -14.86313      -22.15080      -16.83414      -18.96922      -26.90511    
  -18.72703      -21.03061      -29.67735      -18.28974      -22.26396    
  -30.95632      -17.39459      -22.58014      -30.21703      -15.04133    
  -20.86102      -27.22439      -11.88214      -18.11219      -22.58036    
  -11.60821      -16.99516      -7.364085      -12.03979      -2.979993    
  -8.543424     -0.3043146      -4.894030       2.971970     -0.7114561    
   6.225423       3.063363       7.839447       5.485001       7.646569    
   4.067678       2.877035     -0.6441243      -3.401753      -4.340638    
 -0.1262047     -0.4479764      -1.075440      -2.181215      -4.310642    
  -7.275280      -10.47205      -14.97278      -22.09452      -24.15421    
  -30.87761      -52.39599      -32.42207      -41.99306      -73.75582    
  -49.42958      -58.58641      -97.34568      -65.79339      -77.35592    
  -118.5802      -82.43414      -96.21471      -136.8742      -99.09728    
  -113.0113      -149.1898      -113.8275      -126.5439      -152.4127    
  -138.5403      -149.1798      -145.8843      -149.6762      -148.6777    
  -147.5967      -148.7100      -143.1105      -146.3933      -135.6377    
  -139.0679      -122.8754      -122.1182      -100.1453      -91.12155    
  -62.30944      -44.84286      -16.57850       7.044969       16.25189    
    1.91250E+02   ! Azimuth index:  69 in degrees
 -6.8729781E-03 -2.7234351E-02 -6.6569954E-02 -0.1210595     -0.2259228    
 -0.4531330     -0.5627221     -0.1405709      0.8560765      -15.10838    
  -1.187831      0.4188852      -31.52024      -2.862087      -3.832443    
  -43.68377      -2.538208      -2.172467      -54.76563      -2.456251    
  -3.683950      -63.41021      -2.128602      -4.846454      -71.10285    
  -1.044727      -5.052910      -74.77090      -2.001767      -5.696944    
  -56.36472      -5.118364      -55.62608      -4.741297      -51.99375    
  -6.717192      -46.33551      -8.237498      -41.17111      -6.907670    
  -32.40871      -6.974105      -22.27132      -5.692546      -12.59523    
  -3.811637      -5.463841      -2.503088      -1.130371      1.7846903E-02
 -2.4064608E-02 -7.6865600E-03  3.5467282E-02  7.7512480E-02 -7.9922318E-02
 -0.9382986      -2.669835      -4.524917      -8.303668      -15.24013    
  -14.86660      -22.31549      -17.26938      -19.26084      -27.34944    
  -19.12760      -21.08307      -30.02837      -18.54329      -22.55327    
  -31.30294      -17.56137      -22.80421      -30.45620      -15.12832    
  -21.04266      -27.41004      -11.52140      -17.68457      -22.17726    
  -11.45362      -16.71134      -7.125232      -12.35429      -3.094883    
  -8.520513     -0.2959702      -4.936238       2.854889     -0.6664457    
   6.273245       3.285101       7.912389       5.374620       7.800861    
   4.111767       2.869659     -0.6430237      -3.425800      -4.359751    
 -0.1506912     -0.4892192      -1.128973      -2.237156      -4.381986    
  -7.364905      -10.56691      -15.07571      -22.22695      -24.21314    
  -30.95061      -52.64359      -32.40784      -42.09726      -74.15704    
  -49.59940      -59.39370      -97.92056      -66.13025      -77.66289    
  -119.0882      -82.74506      -96.47504      -137.2342      -99.32513    
  -113.2040      -149.5433      -113.9595      -126.7355      -152.7351    
  -138.8444      -149.5002      -146.3372      -150.6336      -149.5776    
  -148.2603      -149.2867      -143.6954      -147.1698      -135.8306    
  -139.0115      -122.7589      -121.7826      -99.81924      -91.04221    
  -61.99052      -44.49857      -16.41212       7.260637       16.48646    
    1.94062E+02   ! Azimuth index:  70 in degrees
 -1.0428192E-02 -3.3130649E-02 -7.4621961E-02 -0.1304877     -0.2360119    
 -0.4648763     -0.5729237     -0.1298825      0.8877665      -15.14717    
  -1.176109      0.4489496      -31.38755      -2.876881      -3.861098    
  -43.66919      -2.547219      -2.359164      -54.85717      -2.462037    
  -3.688219      -63.58141      -2.273016      -4.977558      -71.28946    
  -1.238857      -5.229409      -75.18669      -2.164387      -5.873438    
  -56.74069      -5.252158      -56.20207      -4.839939      -52.39170    
  -6.653489      -46.54657      -8.225910      -41.49199      -6.895324    
  -32.56393      -7.071850      -22.41990      -5.733872      -12.75291    
  -3.836786      -5.523731      -2.533129      -1.157213     -1.1992240E-02
 -2.2722302E-02 -7.7118576E-03  3.1730257E-02  9.6278973E-02 -8.5019320E-02
 -0.9719331      -2.718064      -4.521529      -8.203687      -15.23599    
  -14.86965      -22.29334      -16.95559      -19.25320      -27.37425    
  -19.39536      -21.04095      -30.33856      -18.88668      -22.57012    
  -31.35279      -17.86989      -23.04241      -30.72305      -15.51000    
  -21.38609      -27.81541      -11.78971      -18.02212      -22.55807    
  -11.62320      -17.00968      -7.371788      -12.57864      -3.118011    
  -8.485782     -0.2194946      -4.931690       2.831830     -0.6431078    
   6.299108       3.221781       7.960817       5.443997       7.853002    
   4.182724       2.977048     -0.5717496      -3.378578      -4.373831    
 -0.2071994     -0.5839358      -1.258528      -2.410539      -4.579210    
  -7.565864      -10.73798      -15.20839      -22.25430      -24.34371    
  -31.02855      -52.71040      -32.49601      -41.90237      -73.90024    
  -49.33290      -59.09392      -97.61839      -65.95981      -77.54076    
  -119.0935      -82.72323      -96.24989      -137.1852      -99.24525    
  -113.1951      -150.1535      -114.3835      -127.2552      -153.5611    
  -139.6426      -150.6090      -147.5585      -152.0068      -150.8276    
  -149.3746      -150.2951      -144.7408      -148.3157      -136.6970    
  -139.8014      -123.6765      -122.7024      -101.0134      -92.07315    
  -62.80521      -45.37484      -17.00326       6.861785       16.43121    
    1.96875E+02   ! Azimuth index:  71 in degrees
 -1.6714107E-02 -4.2922646E-02 -8.7327041E-02 -0.1452045     -0.2482549    
 -0.4753881     -0.5970774     -0.1510852      0.8794314      -15.17926    
  -1.126517      0.4970818      -31.31642      -2.516945      -3.696558    
  -43.36990      -2.368869      -2.166499      -54.78804      -2.434609    
  -3.660907      -63.45016      -2.248083      -4.956335      -71.24755    
  -1.284411      -5.412242      -75.28555      -2.199161      -5.910812    
  -56.84915      -5.293127      -56.27349      -4.817598      -52.46519    
  -6.720585      -46.69187      -8.314578      -41.49339      -6.878338    
  -32.51069      -6.997037      -22.29797      -5.727136      -12.76406    
  -3.854240      -5.537997      -2.551372      -1.174907     -2.0496468E-03
 -1.2876525E-02  1.1146848E-02  6.3566647E-02  0.1291310      3.0793497E-02
  -1.002552      -2.813905      -4.660901      -8.389745      -15.41057    
  -14.75187      -22.19902      -16.88489      -18.54300      -27.04422    
  -19.00292      -20.65611      -29.91097      -18.80237      -22.52887    
  -31.29581      -17.82618      -23.01921      -30.72186      -15.49856    
  -21.49515      -28.19684      -11.85121      -18.12650      -22.68165    
  -11.70295      -17.12542      -7.417508      -12.59889      -3.175156    
  -8.609738     -0.3547528      -5.067635       2.833444     -0.6622375    
   6.312134       3.261179       8.041037       5.447798       7.838065    
   4.175478       3.039853     -0.5410262      -3.344595      -4.361554    
 -0.3057898     -0.7403862      -1.462963      -2.674293      -4.806551    
  -7.735945      -10.94881      -15.45041      -22.55263      -24.18794    
  -31.00636      -52.69523      -32.45838      -42.09567      -73.80074    
  -49.25647      -58.89714      -97.26340      -65.94951      -77.48645    
  -118.9079      -82.57588      -96.22240      -137.1573      -99.21639    
  -113.2457      -150.5589      -114.5141      -127.4077      -153.8138    
  -139.8601      -150.8669      -147.7561      -152.2169      -151.0148    
  -149.5079      -150.4959      -144.9196      -148.4377      -136.6897    
  -139.7904      -123.6316      -122.6473      -101.2503      -92.18343    
  -63.01669      -45.81017      -17.30276       6.571453       16.44860    
    1.99688E+02   ! Azimuth index:  72 in degrees
 -1.5477201E-02 -4.0559031E-02 -8.3925836E-02 -0.1413017     -0.2432822    
 -0.4701007     -0.5790727     -0.1493470      0.8669153      -15.23450    
  -1.265363      0.3670292      -31.60822      -2.556625      -3.787622    
  -43.54724      -2.149001      -1.857349      -54.35576      -2.262336    
  -3.476409      -62.98709      -2.074785      -4.834887      -70.79034    
  -1.254373      -5.333587      -74.98038      -2.231799      -5.934160    
  -56.59398      -5.286682      -55.79954      -4.638401      -51.86388    
  -6.641273      -46.29718      -8.276313      -41.36879      -6.895498    
  -32.38231      -6.990672      -22.27491      -5.731851      -12.66672    
  -3.830851      -5.495249      -2.509215      -1.138486      4.2140488E-02
 -1.9256385E-02 -4.2156409E-03  3.3389665E-02  7.0296250E-02 -8.2173280E-02
 -0.9906088      -2.746737      -4.635159      -8.407776      -15.34990    
  -15.06126      -22.57310      -17.26358      -18.73358      -27.30698    
  -18.87661      -20.40632      -29.29745      -18.57196      -22.18682    
  -30.82958      -17.56219      -22.67665      -30.40974      -15.36024    
  -21.37813      -27.99334      -11.85436      -18.14764      -22.68877    
  -11.73815      -17.08753      -7.406405      -12.34395      -3.078327    
  -8.556808     -0.3776152      -5.110800       2.582564     -0.7628229    
   6.246507       3.177495       7.894176       5.348995       7.809428    
   4.113771       2.969086     -0.5994413      -3.443541      -4.414990    
 -0.2830932     -0.6982856      -1.402686      -2.606331      -4.719920    
  -7.662094      -10.83812      -15.35678      -22.47196      -24.46587    
  -30.91353      -52.79153      -32.55737      -42.40548      -74.10984    
  -49.66334      -59.48306      -97.22145      -65.52254      -77.24690    
  -118.2191      -82.13429      -95.85360      -136.2949      -98.65260    
  -112.6688      -149.6527      -114.0243      -126.8623      -152.9798    
  -139.1220      -149.7322      -146.4925      -150.6217      -149.5481    
  -148.1843      -149.2871      -143.7446      -147.4131      -135.9599    
  -139.2391      -123.0518      -122.1364      -100.7484      -91.75160    
  -62.56219      -45.34621      -16.77759       7.360517       16.94753    
    2.02500E+02   ! Azimuth index:  73 in degrees
 -1.0548766E-02 -3.3476949E-02 -7.4674994E-02 -0.1326532     -0.2372375    
 -0.4636270     -0.5811705     -0.1628084      0.8186908      -15.26845    
  -1.162375      0.3951166      -31.64413      -2.494486      -3.444378    
  -43.48666      -2.191133      -1.824337      -54.39573      -2.283862    
  -3.444265      -62.79512      -1.844867      -4.512841      -70.46808    
  -1.078714      -5.212850      -74.81253      -2.141229      -5.780479    
  -56.21364      -5.018723      -55.13293      -4.378525      -51.33072    
  -6.514177      -45.93076      -8.059781      -41.02084      -6.774637    
  -32.28153      -6.967344      -22.20164      -5.743792      -12.63419    
  -3.810507      -5.468805      -2.486434      -1.106777      7.5044379E-02
 -2.1372706E-02 -6.1521772E-03  4.1854322E-02  8.5329592E-02 -8.2386449E-02
 -0.9424031      -2.753057      -4.677552      -8.612799      -15.43783    
  -14.92616      -22.48261      -17.58180      -18.54537      -26.62103    
  -19.06351      -20.42443      -29.25063      -18.34154      -22.19158    
  -30.73889      -17.35870      -22.31026      -29.88173      -15.16059    
  -21.06454      -27.76399      -11.95112      -18.00399      -22.45193    
  -11.51322      -16.71216      -6.930216      -11.99882      -2.865319    
  -8.438679     -0.2558282      -4.925009       2.705884     -0.6831886    
   6.173139       3.124758       7.809947       5.242390       7.694957    
   4.052508       2.908704     -0.6527825      -3.525930      -4.452223    
 -0.2101463     -0.5844411      -1.257455      -2.449645      -4.608215    
  -7.559906      -10.76440      -15.30727      -22.45984      -24.43896    
  -31.17917      -52.66140      -32.32729      -42.16514      -74.15336    
  -49.40111      -59.17802      -97.30389      -65.82799      -77.03685    
  -117.9341      -82.05552      -95.85111      -136.2127      -98.37517    
  -112.3134      -149.0701      -113.6500      -126.4839      -152.3764    
  -138.5674      -149.0250      -145.7076      -149.5538      -148.5559    
  -147.3318      -148.5413      -142.9625      -146.7412      -135.3883    
  -138.7539      -122.5707      -121.6362      -100.1878      -91.22096    
  -62.09233      -44.99299      -16.38058       8.021695       17.31224    
    2.05312E+02   ! Azimuth index:  74 in degrees
 -9.9275829E-03 -3.3841502E-02 -7.4020572E-02 -0.1325206     -0.2381120    
 -0.4630839     -0.5585951     -0.1589889      0.7977485      -15.25706    
  -1.165215      0.2032493      -31.70728      -2.507881      -3.467841    
  -43.18965      -1.889090      -1.588136      -54.22104      -1.952538    
  -3.587575      -63.14714      -1.955344      -4.628392      -70.79083    
 -0.8530981      -4.912191      -74.99574      -2.202106      -5.809700    
  -56.41034      -4.971586      -55.30415      -4.312174      -51.44832    
  -6.457314      -45.98029      -7.962081      -40.99727      -6.724929    
  -32.13791      -7.027153      -21.94377      -5.562494      -12.53482    
  -3.769272      -5.484729      -2.497954      -1.125680      1.4780289E-02
 -2.2648962E-02 -2.3824826E-02  3.7584603E-02  7.8824386E-02 -0.1086693    
 -0.9527626      -2.675721      -4.668810      -8.717852      -15.40493    
  -14.92668      -23.13674      -16.96247      -18.74721      -26.84158    
  -17.65404      -20.05718      -29.10887      -17.26918      -21.86240    
  -31.17733      -17.63162      -22.57361      -30.23288      -14.96010    
  -20.86959      -27.47306      -11.46905      -18.16824      -22.58204    
  -11.59950      -16.72569      -6.922956      -11.96849      -2.805369    
  -8.401744     -0.1645713      -4.830577       2.798495     -0.6607175    
   6.233702       3.011945       8.041092       5.399155       7.760144    
   4.068224       2.880211     -0.6507778      -3.448336      -4.420739    
 -0.1977690     -0.5776944      -1.248634      -2.452035      -4.637631    
  -7.566327      -10.75756      -15.31355      -22.47595      -24.45993    
  -31.14607      -53.18965      -32.97021      -42.82308      -74.81509    
  -50.28470      -60.05881      -98.35242      -66.60590      -78.20744    
  -118.4818      -82.34433      -96.13104      -136.8978      -99.14165    
  -113.1674      -150.2265      -114.5748      -126.8539      -152.9003    
  -139.0215      -149.6192      -146.3008      -150.1944      -149.1400    
  -147.9361      -149.0381      -143.3603      -147.0388      -135.3828    
  -138.5504      -122.3620      -121.5522      -100.0921      -91.14757    
  -62.00096      -44.96262      -16.45605       7.498638       16.89312    
    2.08125E+02   ! Azimuth index:  75 in degrees
 -1.3288932E-02 -3.7714537E-02 -7.9531200E-02 -0.1391101     -0.2451923    
 -0.4701380     -0.5414122     -0.1218962      0.8199199      -15.33459    
  -1.102082      0.5270477      -31.73432      -2.606566      -3.439391    
  -43.20893      -1.990771      -1.735742      -54.52810      -2.126163    
  -3.797126      -63.61911      -2.132328      -4.800571      -71.28177    
 -0.9418504      -4.953712      -75.32523      -2.216134      -5.840586    
  -56.68396      -5.005954      -55.61844      -4.257659      -51.62185    
  -6.460169      -46.17664      -7.954544      -41.12194      -6.706870    
  -32.36172      -7.099303      -22.11805      -5.560243      -12.52802    
  -3.769162      -5.464867      -2.500456      -1.152155     -1.3139524E-02
 -2.8616104E-02 -2.2522479E-02  5.8937244E-02  0.1080888     -7.8470804E-02
 -0.9049782      -2.627096      -4.565702      -8.729682      -15.54734    
  -14.80494      -22.36461      -17.05179      -18.94484      -26.83722    
  -17.71107      -20.26353      -29.51340      -17.70096      -22.21656    
  -31.75799      -18.00417      -22.97282      -30.70898      -15.24602    
  -21.11186      -27.67921      -11.54834      -18.28744      -22.73660    
  -11.66356      -16.85462      -7.003397      -11.95312      -2.762775    
  -8.433877     -0.1324915      -4.821831       2.878242     -0.6295832    
   6.216826       3.003070       8.077662       5.469392       7.885520    
   4.124473       2.950727     -0.6175171      -3.402185      -4.390095    
 -0.2359129     -0.6410961      -1.344522      -2.577624      -4.785691    
  -7.697713      -10.86587      -15.41908      -22.63780      -24.50416    
  -31.17423      -53.08664      -32.93857      -42.72958      -74.87737    
  -50.27282      -60.03083      -98.60009      -66.66782      -78.29334    
  -119.1616      -82.72177      -96.51729      -137.7589      -99.64964    
  -113.6350      -151.0054      -115.0688      -127.4656      -153.7379    
  -139.7276      -150.4249      -147.1196      -150.9235      -149.8407    
  -148.7567      -149.8344      -144.1949      -147.7792      -136.0754    
  -139.4038      -123.4028      -122.4836      -100.8372      -91.72923    
  -62.47136      -45.26723      -16.67741       7.085448       16.62878    
    2.10938E+02   ! Azimuth index:  76 in degrees
 -1.2925508E-02 -3.7560027E-02 -7.9896562E-02 -0.1397257     -0.2464561    
 -0.4737860     -0.5333363     -8.7148167E-02  0.8011398      -15.45297    
  -1.103809      0.5345079      -31.78182      -2.707963      -3.490099    
  -43.19143      -1.946236      -1.680511      -54.37459      -2.063340    
  -3.324754      -63.53920      -2.060911      -4.727894      -71.21155    
 -0.9299026      -5.006211      -75.42468      -2.219425      -5.908581    
  -56.89273      -5.101292      -55.89472      -4.287873      -51.82970    
  -6.459392      -46.31389      -7.956232      -41.18594      -6.697810    
  -32.41523      -7.086791      -22.11448      -5.571021      -12.60430    
  -3.788768      -5.510034      -2.492591      -1.151008     -8.4089758E-03
 -2.7090713E-02 -1.9077966E-02  6.3073903E-02  0.1178538     -5.9155326E-02
 -0.9246551      -2.606472      -4.462803      -8.895525      -15.74432    
  -14.83749      -22.42090      -17.00704      -19.18502      -27.01373    
  -17.57224      -20.19608      -29.41555      -17.50726      -22.09943    
  -31.05596      -17.83105      -22.89059      -30.62079      -15.15336    
  -21.12416      -27.81667      -11.63052      -18.38495      -22.90946    
  -11.80353      -17.04897      -7.167135      -12.04123      -2.812151    
  -8.459502     -0.1360895      -4.834023       2.903800     -0.6174092    
   6.245259       3.024220       8.170368       5.494553       7.867613    
   4.121490       2.924197     -0.6144300      -3.415904      -4.400571    
 -0.2338994     -0.6438291      -1.354597      -2.593952      -4.817648    
  -7.778450      -10.92804      -15.50052      -22.77678      -24.58067    
  -31.22594      -53.17485      -33.05743      -42.77373      -75.01766    
  -50.38943      -60.04567      -98.54235      -66.63470      -78.19929    
  -119.7908      -82.79232      -96.59592      -137.7695      -99.66196    
  -113.6914      -151.1599      -115.1685      -128.0884      -154.1365    
  -140.0886      -150.9236      -147.6198      -151.5211      -150.4166    
  -149.3176      -150.3354      -144.6689      -148.1480      -136.4627    
  -139.7661      -123.7104      -122.8759      -101.2549      -92.04638    
  -62.65226      -45.37761      -16.67314       7.173300       16.71858    
    2.13750E+02   ! Azimuth index:  77 in degrees
 -1.0999237E-02 -3.4779578E-02 -7.8827083E-02 -0.1382661     -0.2450261    
 -0.4733684     -0.5164459     -6.9203958E-02  0.7975349      -15.46877    
  -1.123968      0.5232788      -31.76501      -2.623279      -3.444013    
  -43.38895      -2.043155      -2.161025      -54.61655      -2.459119    
  -3.729963      -63.31236      -2.042403      -4.717403      -71.01982    
 -0.9977770      -5.049870      -75.26040      -2.305713      -5.834467    
  -56.73666      -5.049902      -55.79075      -4.396512      -51.92712    
  -6.492903      -46.32676      -7.991292      -41.16699      -7.009602    
  -32.29710      -7.050921      -22.18118      -5.618921      -12.53126    
  -3.748595      -5.467702      -2.475749      -1.135674      1.0350676E-02
 -2.7814306E-02 -2.0317137E-02  8.8176411E-03  0.1253338     -3.1801287E-02
 -0.9269828      -2.551304      -4.390659      -8.895569      -15.79245    
  -14.89807      -22.45138      -17.49267      -18.92392      -26.83534    
  -18.49504      -20.29455      -30.08024      -18.78081      -22.64378    
  -31.55938      -17.86089      -22.80850      -30.53647      -15.26565    
  -21.17925      -27.83851      -11.79141      -18.49092      -22.80311    
  -11.72839      -16.99179      -7.131765      -12.20429      -2.942908    
  -8.522813     -0.2042079      -4.901976       2.842886      -1.009757    
   6.188135       2.987830       7.905739       5.359440       7.793596    
   4.074165       2.869303     -0.6581337      -3.442555      -4.414139    
 -0.2030046     -0.5995547      -1.321582      -2.574696      -4.799873    
  -7.797105      -10.90075      -15.44892      -22.72798      -24.56268    
  -31.24121      -53.16280      -32.61872      -42.32321      -74.54943    
  -49.84429      -59.52799      -97.47202      -65.78860      -77.25267    
  -118.6280      -82.42045      -96.19881      -137.1532      -99.25348    
  -113.2382      -150.5473      -114.7249      -127.6455      -153.8245    
  -139.8454      -150.7068      -147.4538      -151.5218      -150.4517    
  -149.2624      -150.2454      -144.5211      -147.9665      -136.1092    
  -139.2242      -123.1064      -122.2165      -100.7078      -91.48062    
  -62.11084      -44.94671      -16.34500       7.424935       16.88563    
    2.16562E+02   ! Azimuth index:  78 in degrees
 -1.2137352E-02 -3.6913946E-02 -8.2141683E-02 -0.1404461     -0.2458655    
 -0.4724617     -0.5773711     -0.1404545      0.8056624      -15.47737    
  -1.122899      0.5134686      -31.79895      -2.748461      -3.429311    
  -43.38396      -2.141269      -2.085848      -54.46219      -2.326746    
  -3.618028      -63.11172      -1.844965      -4.533681      -70.79836    
 -0.8674899      -4.881606      -74.97922      -2.193829      -6.055127    
  -56.48775      -4.875856      -55.52367      -4.449256      -51.88994    
  -6.588355      -46.32998      -8.100750      -41.14974      -7.056762    
  -32.24649      -7.055626      -22.03446      -5.568779      -12.50561    
  -3.750215      -5.446818      -2.467851      -1.124658      2.4647428E-02
 -2.8030775E-02 -2.2726251E-02 -1.2391907E-03  0.1119552     -5.3650059E-02
 -0.9499711      -2.774608      -4.683424      -8.907423      -15.80199    
  -14.91331      -22.51544      -17.54833      -19.17208      -26.80585    
  -18.58247      -20.46728      -29.96800      -18.53242      -22.40709    
  -31.34629      -17.57533      -22.48779      -30.23279      -15.07549    
  -20.96725      -27.55897      -11.62692      -18.30961      -23.12544    
  -11.52088      -16.75943      -6.937184      -12.27517      -3.060116    
  -8.657843     -0.3609541      -5.061095       2.713020      -1.097379    
   6.056829       2.913497       7.940160       5.359489       7.728615    
   4.028811       2.822845     -0.6956329      -3.463882      -4.428596    
 -0.2189647     -0.6317409      -1.373304      -2.616634      -4.821723    
  -7.792927      -10.97674      -15.53672      -22.81411      -24.58246    
  -31.26787      -53.20694      -32.62251      -42.22556      -74.49368    
  -49.76062      -59.41677      -97.50285      -65.80962      -77.18008    
  -118.4227      -82.41656      -96.16594      -137.0031      -99.12475    
  -113.1123      -150.2327      -114.4684      -127.3078      -153.5674    
  -139.6126      -150.4243      -147.1700      -151.1423      -150.1026    
  -148.8600      -149.8670      -144.0977      -147.5686      -135.6559    
  -138.6548      -122.4880      -121.7804      -100.3333      -91.12131    
  -61.83287      -44.63852      -16.10011       7.609120       17.02981    
    2.19375E+02   ! Azimuth index:  79 in degrees
 -1.3113650E-02 -3.8833700E-02 -8.3042391E-02 -0.1385834     -0.2428576    
 -0.4698096     -0.5611337     -0.1267418      0.8067491      -15.49388    
  -1.168921      0.4702311      -31.87316      -2.813501      -3.544433    
  -43.50587      -2.151975      -1.883382      -54.76473      -2.210879    
  -3.515309      -63.56727      -1.673938      -3.910528      -70.87723    
 -9.5455945E-02  -4.109059      -74.77888      -1.255519      -5.065581    
  -56.73791      -4.965565      -55.50056      -4.303130      -51.74512    
  -6.193405      -45.82698      -7.840545      -40.66870      -7.049395    
  -31.89704      -6.951305      -21.93314      -5.578396      -12.68743    
  -3.782696      -5.451458      -2.458599      -1.108879      5.5054799E-02
 -2.8375218E-02 -2.6036190E-02 -6.6673025E-03  0.1088749     -5.5387426E-02
  -1.036845      -2.719214      -4.623638      -8.890368      -15.84938    
  -15.04192      -22.74431      -17.57228      -19.34406      -27.21999    
  -18.54179      -20.54052      -29.88417      -18.50541      -22.31903    
  -31.40837      -18.02276      -22.32406      -29.57371      -13.54917    
  -20.04464      -26.60146      -10.09200      -17.09439      -21.80330    
  -11.70506      -16.91383      -6.911972      -12.09093      -2.989487    
  -8.183958     -4.3682088E-03  -4.805933       2.826877      -1.163000    
   6.272920       2.969479       7.883240       5.249844       7.420544    
   3.942302       2.750463     -0.7337528      -3.493246      -4.445792    
 -0.2355994     -0.6651834      -1.392558      -2.591878      -4.779266    
  -7.775422      -10.91452      -15.47519      -22.76617      -24.56793    
  -31.29793      -53.38795      -32.71621      -42.30622      -74.88321    
  -49.99811      -59.56998      -98.38458      -66.31378      -77.63832    
  -119.2886      -82.68077      -96.74229      -139.4146      -100.9322    
  -114.9499      -152.2297      -115.9820      -128.7810      -154.9706    
  -139.9631      -150.6130      -147.2036      -151.0640      -149.8692    
  -148.4330      -149.2546      -143.1599      -146.3421      -134.4963    
  -138.1180      -121.9238      -121.1857      -99.57271      -90.61859    
  -61.50110      -44.33015      -15.82647       7.881402       17.26632    
    2.22188E+02   ! Azimuth index:  80 in degrees
 -1.3383714E-02 -3.8858108E-02 -8.1757762E-02 -0.1388288     -0.2409187    
 -0.4681676     -0.5452076     -0.1105812      0.8248928      -15.46147    
  -1.251361      0.4876616      -31.89090      -2.771014      -3.432989    
  -43.51023      -2.030762      -1.784533      -55.02036      -1.878799    
  -3.118834      -63.78814      -2.179873      -4.786432      -71.72644    
 -0.8153229      -4.779545      -75.48682      -1.821070      -5.606792    
  -56.91274      -4.992643      -55.64497      -4.458203      -51.90528    
  -6.931815      -45.67886      -7.707566      -40.31569      -7.073816    
  -31.78116      -6.910147      -21.96987      -5.464956      -12.58492    
  -3.713150      -5.362119      -2.400684      -1.048487      0.1233833    
 -2.7618669E-02 -2.5370341E-02 -3.2120359E-03  1.3492983E-02 -3.0093193E-02
 -0.9958274      -2.668959      -4.569530      -8.830052      -15.83808    
  -15.22372      -22.79677      -17.67566      -19.26619      -27.16208    
  -18.37514      -20.34952      -30.04338      -18.04802      -21.97261    
  -31.07535      -17.19371      -23.28970      -31.02389      -15.44834    
  -21.10918      -27.67564      -11.42362      -17.93402      -22.63785    
  -11.75113      -16.99391      -6.967344      -12.31392      -3.171793    
  -9.098610      5.8992151E-02  -4.679656       2.977518      -1.214280    
   6.317987       2.983513       7.706444       5.256954       7.373487    
   3.910893       2.685542     -0.8360323      -3.605372      -4.495053    
 -0.2392383     -0.6657276      -1.373555      -2.595863      -4.756176    
  -7.768865      -10.90213      -15.46221      -22.76572      -24.50125    
  -31.21768      -53.46251      -32.65667      -42.30519      -75.26594    
  -50.18126      -59.66336      -99.55895      -67.16570      -78.68376    
  -120.9007      -83.91213      -97.15887      -138.7932      -100.2694    
  -114.2248      -151.9085      -115.6322      -128.4344      -154.9039    
  -140.3998      -151.0200      -147.5294      -151.3224      -149.9359    
  -148.1457      -148.9784      -142.6667      -145.6388      -134.2057    
  -137.8630      -121.6581      -120.6770      -98.68549      -89.98984    
  -60.80776      -43.60952      -14.94474       8.873681       17.85188    
    2.25000E+02   ! Azimuth index:  81 in degrees
 -1.3255363E-02 -3.9304718E-02 -8.3039559E-02 -0.1407721     -0.2456620    
 -0.4723024     -0.5632218     -0.1032463      0.8353418      -15.40009    
  -1.313156      0.5520310      -31.77912      -2.702465      -3.638816    
  -43.69181      -2.066081      -1.763047      -54.89729      -1.919343    
  -3.155681      -63.65796      -1.664973      -4.770321      -71.55941    
 -0.8265434      -4.786594      -75.37189      -1.860517      -5.684562    
  -57.00811      -5.067767      -55.81721      -4.637787      -52.13314    
  -7.058567      -45.83935      -7.720523      -40.39554      -7.158492    
  -32.40015      -6.731756      -21.89052      -5.289998      -12.49621    
  -3.662417      -5.302240      -2.391532      -1.030105      0.1381757    
 -2.7176261E-02 -2.4574757E-02 -1.6408238E-03  1.5130306E-02 -5.8772117E-02
 -0.9994897      -2.748121      -4.570537      -8.829741      -15.68647    
  -15.36144      -22.63783      -17.57515      -19.08409      -27.60779    
  -18.34446      -20.56294      -29.94771      -18.00551      -22.03104    
  -31.10061      -17.16896      -22.50441      -30.97432      -15.37632    
  -21.10837      -27.66855      -11.43561      -17.99089      -22.75908    
  -11.75374      -17.12205      -7.113542      -12.58104      -3.286304    
  -9.264390      2.2210609E-02  -4.688758       3.008017      -1.273534    
   5.707131       3.177985       7.779616       5.426898       7.439493    
   3.928762       2.653754     -0.8939407      -3.664440      -4.534406    
 -0.2402743     -0.6779106      -1.402049      -2.644347      -4.862167    
  -7.861665      -11.01556      -15.53540      -22.81978      -24.56017    
  -31.15913      -53.39886      -32.58569      -42.14216      -75.42265    
  -50.49401      -60.17652      -99.32912      -67.02979      -78.54749    
  -120.6185      -83.74007      -97.56248      -138.5115      -100.0940    
  -114.0416      -151.6205      -115.4390      -128.2697      -154.7706    
  -140.6965      -151.1246      -147.7366      -151.8744      -150.3772    
  -148.6340      -149.4135      -143.0617      -146.0160      -134.8954    
  -138.1202      -121.7232      -120.6482      -98.59628      -89.88428    
  -60.58799      -43.17988      -14.55879       9.314126       18.10817    
    2.27812E+02   ! Azimuth index:  82 in degrees
 -1.2591568E-02 -4.0565770E-02 -8.5317343E-02 -0.1431934     -0.2488089    
 -0.4747310     -0.5864752     -8.9260340E-02  0.8631423      -15.28555    
  -1.216335      0.5972015      -31.74838      -2.393209      -3.213528    
  -43.62139      -2.087330      -1.785254      -54.79764      -1.976185    
  -3.282716      -63.65314      -1.718367      -4.455550      -71.44315    
 -0.9265127      -4.904910      -75.42774      -1.883007      -5.774725    
  -57.11242      -5.050678      -55.84874      -4.735363      -52.25172    
  -7.332235      -45.97464      -7.807947      -40.41898      -7.023223    
  -32.48309      -6.488864      -21.86579      -5.410487      -12.43905    
  -3.759515      -5.290441      -2.412454      -1.050085      0.1277645    
 -2.7808160E-02 -3.0351322E-02 -1.1570029E-02 -2.1614861E-03 -0.2530839    
  -1.035036      -2.843249      -4.517837      -8.664553      -15.55467    
  -15.08979      -22.57276      -17.17054      -18.63327      -26.75228    
  -18.37600      -20.58606      -29.92848      -18.01926      -22.11850    
  -31.30830      -17.29852      -22.57824      -30.50639      -15.34663    
  -21.25419      -27.85897      -11.61210      -18.02368      -22.89103    
  -11.98232      -17.11060      -7.169456      -12.72183      -3.415764    
  -9.609416     -0.1022077      -4.796327       2.963086      -1.145157    
   5.634825       3.469724       7.976538       5.361823       7.588236    
   3.888253       2.711495     -0.8348953      -3.598746      -4.506768    
 -0.2289128     -0.6991431      -1.442153      -2.699908      -4.950451    
  -7.932126      -11.07609      -15.50314      -22.70661      -24.41729    
  -31.02450      -53.52164      -32.91902      -42.79358      -75.49657    
  -50.36525      -60.04901      -99.06666      -66.87461      -78.40759    
  -120.4114      -83.60687      -97.39687      -138.8096      -99.95335    
  -113.8933      -151.4858      -115.3399      -128.1060      -154.5580    
  -140.5375      -151.0755      -147.7324      -152.0021      -150.4468    
  -148.9050      -149.5276      -143.1206      -145.9764      -134.4576    
  -138.1880      -121.9724      -121.2726      -99.10167      -90.24653    
  -60.94095      -43.40232      -15.00809       8.818496       17.92017    
    2.30625E+02   ! Azimuth index:  83 in degrees
 -1.0127864E-02 -3.5780177E-02 -8.1236809E-02 -0.1392437     -0.2441263    
 -0.4686048     -0.5481824     -6.4356342E-02  0.9058883      -15.15624    
  -1.113379      0.4735912      -31.79686      -2.519457      -3.357236    
  -43.66854      -2.231844      -1.932251      -54.97982      -2.157199    
  -3.271413      -63.61170      -1.812433      -4.573437      -71.45119    
 -0.9463477      -4.942638      -75.46881      -1.896017      -5.761747    
  -57.05560      -5.524754      -55.71087      -4.341154      -51.63081    
  -6.529593      -46.26375      -7.859538      -40.34019      -6.739375    
  -32.54792      -7.370671      -21.98661      -5.439385      -12.48021    
  -3.758772      -5.325998      -2.421088      -1.062228      0.1154470    
 -2.7213821E-02 -2.4239043E-02 -8.0745807E-03  4.3715471E-03 -0.2393833    
 -0.9965621      -2.707994      -4.404952      -8.419470      -15.40746    
  -15.05949      -22.78120      -17.44518      -18.86491      -26.99952    
  -18.48539      -20.85585      -30.20600      -18.44422      -22.43015    
  -31.27213      -17.40329      -22.71391      -30.69568      -15.43699    
  -21.29454      -27.94496      -11.68696      -18.05113      -22.88073    
  -11.97315      -17.78141      -7.067898      -12.19675      -2.756804    
  -8.628349     -0.5460623      -4.855072       2.985679     -0.8584366    
   5.568439       2.545729       8.030747       5.434158       7.685718    
   3.991801       2.788779     -0.7961898      -3.583826      -4.507909    
 -0.1921050     -0.6259753      -1.383881      -2.640262      -4.881456    
  -7.859595      -10.95601      -15.38460      -22.55297      -24.25942    
  -31.55857      -53.28248      -32.75068      -42.59855      -75.22231    
  -50.36241      -59.94593      -98.97902      -66.74889      -78.26341    
  -120.2299      -83.44189      -97.19517      -138.5954      -99.88559    
  -113.8779      -151.5328      -115.3364      -128.0434      -154.4874    
  -140.4075      -151.2354      -147.5806      -151.7376      -150.2005    
  -148.5889      -149.2236      -143.0236      -145.7532      -133.8181    
  -138.2110      -122.4157      -121.9299      -99.91445      -90.81531    
  -61.62609      -43.92420      -15.27012       8.656272       17.85730    
    2.33438E+02   ! Azimuth index:  84 in degrees
 -9.0116076E-03 -3.2096751E-02 -7.8877404E-02 -0.1376543     -0.2427204    
 -0.4680365     -0.5176633     -4.7028542E-02  0.9581410      -15.37016    
  -1.065269      0.6297628      -31.78089      -2.438897      -3.297780    
  -43.74681      -2.107204      -1.873883      -55.04174      -2.281340    
  -3.322644      -63.60991      -2.062945      -4.807228      -71.46907    
 -0.7891138      -4.763707      -75.02066      -1.806270      -5.665894    
  -56.72691      -5.130776      -55.66366      -4.388489      -51.63217    
  -6.495232      -46.07925      -8.234115      -40.32929      -6.837876    
  -32.09564      -7.277385      -21.76027      -5.462087      -12.58328    
  -3.757698      -5.382616      -2.425817      -1.073380      8.8223405E-02
 -2.7621919E-02 -2.0072319E-02 -5.8377432E-03  9.3324361E-03 -0.2291540    
  -1.216987      -2.609837      -4.370664      -8.252440      -15.51095    
  -14.97606      -22.48631      -17.37259      -18.72643      -26.89763    
  -18.70194      -20.58718      -29.95429      -19.07842      -22.57147    
  -31.19022      -17.91855      -23.05730      -30.96811      -15.74388    
  -20.98671      -27.57500      -11.52488      -17.86636      -22.68940    
  -11.77398      -17.22453      -7.211742      -12.24885      -2.871106    
  -8.589778     -0.4366985      -5.307109       2.932594     -0.9731604    
   5.828956       2.608552       8.114077       5.385324       7.529930    
   4.003235       2.797440     -0.7740975      -3.564162      -4.486136    
 -0.1763757     -0.5698806      -1.353006      -2.623798      -4.875502    
  -7.895337      -10.97395      -15.44653      -22.61377      -24.78410    
  -31.59260      -53.42898      -32.80729      -42.63565      -75.23134    
  -50.29191      -59.68200      -98.46912      -66.24772      -77.75177    
  -119.4180      -82.92301      -96.62913      -137.6941      -99.59293    
  -113.4654      -150.7629      -114.7844      -127.4597      -153.7818    
  -139.9088      -150.8138      -147.1289      -151.3810      -149.9455    
  -148.2807      -148.9311      -142.5425      -145.5607      -133.4495    
  -137.3926      -121.9000      -121.2928      -99.64825      -90.59622    
  -61.67137      -44.21316      -15.41530       8.477736       17.61037    
    2.36250E+02   ! Azimuth index:  85 in degrees
 -9.7576687E-03 -3.3477817E-02 -8.1092767E-02 -0.1406778     -0.2464766    
 -0.4734023     -0.6422133     -5.6249425E-02  0.9094738      -15.42833    
  -1.068357      0.6818525      -31.88203      -2.348979      -3.244316    
  -43.66438      -1.958519      -1.868916      -54.77414      -2.180656    
  -3.394088      -63.44278      -2.092621      -4.822551      -71.33250    
  -1.290263      -5.218329      -75.28593      -1.980039      -5.663060    
  -56.82420      -5.228850      -56.09160      -4.391804      -51.71311    
  -6.257184      -45.88075      -7.947517      -40.22729      -6.905057    
  -31.95945      -7.229143      -22.22626      -5.550066      -12.44384    
  -3.749567      -5.381380      -2.428504      -1.068710      0.1081368    
 -2.6711060E-02 -1.7629271E-02 -1.7118477E-03  1.3191513E-02 -0.2295325    
  -1.228937      -3.079648      -4.463057      -8.687599      -15.52910    
  -15.03589      -22.58122      -17.44000      -18.56351      -26.76036    
  -18.69510      -20.40607      -29.86726      -18.72697      -22.39077    
  -31.29362      -17.83530      -23.06064      -30.96854      -15.77828    
  -21.77223      -28.30360      -11.88227      -18.14499      -22.69907    
  -11.86794      -17.37826      -7.456697      -12.27201      -2.843405    
  -8.298351     -0.2338840      -4.981678       2.942822      -1.063929    
   5.720106       2.600898       7.426682       5.193712       7.595437    
   3.962854       2.748643     -0.8019613      -3.577938      -4.495648    
 -0.1886108     -0.5939717      -1.393496      -2.687375      -4.963265    
  -8.006825      -11.24337      -15.62408      -23.03111      -24.95309    
  -31.69795      -53.94011      -32.90546      -42.68454      -75.10638    
  -50.17999      -60.00764      -98.19096      -66.19333      -77.69070    
  -119.2143      -82.75260      -96.32298      -137.3904      -99.34637    
  -113.3476      -150.7482      -114.8141      -127.5294      -153.8233    
  -139.9995      -151.0154      -147.8250      -151.7835      -150.2733    
  -148.1983      -148.8442      -142.3417      -145.2520      -133.1318    
  -136.5035      -121.2504      -120.5570      -98.78950      -90.23573    
  -61.30703      -43.95492      -15.26591       8.555677       17.73584    
    2.39062E+02   ! Azimuth index:  86 in degrees
 -1.1035907E-02 -3.5089456E-02 -8.1279807E-02 -0.1432409     -0.2497404    
 -0.4782950     -0.6478851     -0.1349879      0.9096955      -15.53986    
  -1.096678      0.7150285      -32.09607      -2.193836      -3.142797    
  -43.85030      -2.062021      -1.739500      -54.83238      -2.053522    
  -3.315253      -63.52518      -2.018952      -4.453707      -71.18427    
 -0.6800945      -4.655385      -75.48986      -1.946361      -5.688601    
  -56.87925      -5.226915      -56.20974      -5.162830      -51.87947    
  -6.134368      -45.78606      -7.932785      -40.47345      -6.631835    
  -31.88461      -6.871932      -22.13736      -5.694780      -12.50241    
  -3.770933      -5.391818      -2.447883      -1.085744      9.5779642E-02
 -2.4686212E-02 -1.3029879E-02  1.5606963E-02  2.5824249E-02 -0.2115404    
  -1.232131      -3.115426      -4.867833      -8.832511      -15.63375    
  -15.17766      -22.70951      -17.33409      -18.28236      -26.60804    
  -18.96794      -20.63923      -29.86185      -18.58473      -22.21935    
  -31.28053      -17.79321      -22.98828      -30.48999      -15.08675    
  -20.90999      -27.54580      -11.89283      -18.14301      -22.78987    
  -11.82126      -17.39550      -7.519986      -13.29337      -2.869865    
  -8.145999     -0.1172384      -4.956583       2.723521     -0.7186111    
   5.973319       3.021174       7.620132       5.121206       7.680851    
   4.041107       2.844832     -0.7335876      -3.548738      -4.494540    
 -0.2116762     -0.6245479      -1.403563      -2.744998      -5.043462    
  -8.116335      -11.36938      -15.99017      -23.27773      -25.15508    
  -31.86337      -54.29631      -33.33375      -42.80197      -75.22718    
  -50.21379      -60.09589      -99.03801      -66.43589      -77.87701    
  -119.6078      -82.93794      -96.52448      -138.1216      -99.88351    
  -113.9618      -151.6215      -115.1633      -127.8429      -154.2748    
  -140.2646      -151.2548      -148.0323      -152.3675      -150.7198    
  -148.3158      -148.8449      -142.5053      -145.4108      -133.7365    
  -137.0805      -121.4531      -120.8870      -99.37767      -90.80473    
  -61.95321      -44.44069      -15.75302       8.285590       17.66084    
    2.41875E+02   ! Azimuth index:  87 in degrees
 -1.0741917E-02 -3.4022186E-02 -7.7739894E-02 -0.1406720     -0.2465446    
 -0.4738735     -0.6470092     -0.1500232      0.8757235      -15.57225    
  -1.100650      0.6829565      -32.22661      -2.154448      -3.481320    
  -43.93608      -2.095298      -1.812085      -55.15360      -1.963991    
  -3.242256      -63.39838      -1.816512      -4.536113      -71.12529    
 -0.7695057      -4.681924      -75.15429      -1.936251      -5.681201    
  -56.67509      -5.149956      -56.16000      -5.297657      -51.90407    
  -6.215428      -45.24167      -7.550905      -40.06405      -6.848733    
  -32.05666      -7.023770      -22.08342      -5.647101      -12.81061    
  -3.803236      -5.474110      -2.474428      -1.103531      8.2463905E-02
 -2.5840752E-02 -1.6352179E-02  1.6829316E-02  1.7368825E-02 -0.2167607    
  -1.232847      -3.116737      -4.915132      -8.997433      -15.68609    
  -15.20364      -22.83779      -17.61191      -18.30742      -27.34162    
  -19.04549      -20.70767      -29.99365      -18.73465      -22.05503    
  -31.11143      -17.69718      -22.66828      -30.60325      -15.15629    
  -21.02276      -27.54504      -11.40353      -18.11649      -22.75684    
  -11.68995      -17.26060      -7.582443      -13.45516      -2.984347    
  -8.245561      0.5056499      -4.496257       3.240541     -0.9336882    
   5.961677       2.843051       7.694609       5.272954       7.515342    
   4.125427       2.900970     -0.6694440      -3.509798      -4.466997    
 -0.2068520     -0.6079880      -1.348313      -2.706425      -4.995740    
  -8.065601      -11.33132      -15.95913      -23.28982      -25.18577    
  -31.87977      -54.35269      -33.27998      -43.13301      -75.25851    
  -50.27916      -60.07008      -98.93678      -66.79430      -77.80470    
  -119.3512      -82.84398      -96.60456      -137.8702      -99.72131    
  -113.7586      -151.2327      -115.1939      -127.6579      -153.9667    
  -139.9538      -150.7845      -147.7448      -152.2126      -150.5284    
  -148.1670      -148.7454      -142.6033      -145.5491      -134.0327    
  -137.6252      -121.2672      -120.8924      -100.0979      -91.37894    
  -62.70185      -45.07247      -16.25099       7.956915       17.45031    
    2.44688E+02   ! Azimuth index:  88 in degrees
 -7.6026157E-03 -2.8738154E-02 -6.9988966E-02 -0.1301047     -0.2367070    
 -0.4611089     -0.5858484     -0.1396532      0.8453786      -15.42424    
  -1.013654      0.6916081      -32.00283      -2.486670      -3.343210    
  -43.72119      -1.952983      -1.710827      -54.81223      -2.171178    
  -3.256518      -62.96027      -1.705939      -4.397807      -70.54800    
 -0.7289179      -4.664132      -74.61494      -1.819186      -5.495622    
  -56.16443      -5.027484      -55.47741      -5.228198      -51.48264    
  -5.980325      -45.53621      -7.711567      -40.26463      -6.840822    
  -32.07751      -6.983895      -22.12131      -5.570258      -12.79098    
  -3.848109      -5.419356      -2.455133      -1.074227      0.1037529    
 -2.7220681E-02 -1.8717876E-02  1.4097277E-02  3.9560873E-02 -0.1937879    
  -1.168360      -2.890612      -4.849124      -9.037674      -15.50568    
  -14.92632      -22.61392      -17.54897      -18.93580      -27.03655    
  -18.78702      -20.39912      -29.65325      -18.59122      -22.47343    
  -30.95455      -17.49632      -22.38360      -30.18506      -14.98487    
  -20.82618      -27.34219      -11.40655      -17.87667      -22.37164    
  -11.53591      -17.00155      -7.405051      -13.28502      -3.037692    
  -7.936279      9.6988976E-02  -4.678647       3.079491     -0.9202937    
   5.861260       2.887619       7.546541       5.270555       7.457979    
   4.003534       2.866993     -0.7328635      -3.551479      -4.474538    
 -0.1595634     -0.5268649      -1.229969      -2.521127      -4.827851    
  -7.887156      -11.17963      -15.80002      -23.10589      -25.01296    
  -31.66486      -53.90499      -33.00230      -42.84049      -75.17113    
  -50.20303      -59.89978      -98.38739      -66.41822      -77.90308    
  -118.5774      -82.36582      -96.04616      -136.7048      -98.98064    
  -112.9486      -149.8787      -114.2773      -126.9905      -152.6572    
  -138.8138      -149.2701      -146.1489      -150.3509      -149.0859    
  -147.4659      -148.5692      -142.6429      -145.7296      -133.9388    
  -137.3288      -121.1859      -120.4547      -99.33335      -91.00949    
  -62.11068      -44.63097      -15.77612       8.359402       17.57673    
    2.47500E+02   ! Azimuth index:  89 in degrees
 -5.9830537E-03 -2.6100203E-02 -6.6240445E-02 -0.1247738     -0.2334759    
 -0.4575550     -0.5966887     -0.1483190      0.8872461      -15.36864    
  -1.031021      0.6663171      -32.05209      -2.600661      -3.323089    
  -43.53010      -1.974206      -1.748074      -54.48359      -1.618471    
  -2.755906      -62.82644      -1.760921      -4.367192      -70.38621    
 -0.6076021      -4.636126      -74.31922      -1.793648      -5.571682    
  -55.71884      -4.773603      -54.93327      -4.669650      -51.26904    
  -6.730733      -45.93087      -7.849717      -40.50586      -6.941312    
  -32.16112      -7.104178      -21.65607      -5.415584      -12.59055    
  -3.850459      -5.447727      -2.443346      -1.060502      0.1196686    
 -2.7839081E-02 -1.9285455E-02  1.3896432E-02  5.7165585E-02 -0.1901519    
  -1.160043      -2.932042      -4.865076      -8.781599      -15.45252    
  -14.94747      -22.64861      -17.84048      -19.11693      -27.03575    
  -18.56054      -20.39378      -29.68621      -17.63179      -21.58212    
  -30.24235      -17.42506      -22.45341      -30.10658      -14.95716    
  -20.57247      -27.22894      -11.36860      -17.77803      -22.43371    
  -11.27153      -16.58522      -7.095481      -12.53388      -3.045954    
  -8.857100     -0.2007488      -4.814792       3.013155     -0.9798975    
   5.932687       2.802549       8.188589       5.403096       7.591283    
   3.970125       2.783629     -0.7713365      -3.575955      -4.490284    
 -0.1331856     -0.4845860      -1.171815      -2.425582      -4.780641    
  -7.853526      -11.12325      -15.70652      -22.94488      -24.92719    
  -31.58610      -53.79866      -32.81067      -42.62069      -75.18436    
  -50.13269      -59.69008      -98.12830      -66.85581      -78.37905    
  -119.5181      -82.23531      -95.87331      -136.4373      -98.75828    
  -112.5704      -149.2925      -113.8247      -126.4090      -152.0569    
  -138.0874      -148.2834      -145.2881      -149.4769      -148.4206    
  -147.4640      -149.0103      -143.1737      -146.3161      -134.6782    
  -137.8246      -121.5349      -120.9284      -98.99814      -90.65407    
  -61.82251      -44.32164      -15.48024       8.571892       17.71606    
    2.50312E+02   ! Azimuth index:  90 in degrees
 -4.8188763E-03 -2.4115885E-02 -6.3272014E-02 -0.1208010     -0.2271653    
 -0.4534995     -0.5817742     -0.1091566      0.9286101      -15.31584    
  -1.028767      0.4700178      -32.06779      -2.686883      -3.519657    
  -43.78141      -2.091423      -1.657156      -54.66899      -1.813067    
  -2.924189      -63.16708      -1.841902      -4.476729      -70.68928    
 -0.7362180      -4.729175      -74.57288      -1.891123      -5.695500    
  -56.11806      -5.016864      -55.35834      -4.796188      -51.45662    
  -6.698945      -46.25457      -7.876564      -40.59361      -6.984953    
  -32.24763      -7.166725      -22.34141      -5.492836      -12.71240    
  -3.778122      -5.440164      -2.452684      -1.060091      0.1279195    
 -2.8696025E-02 -2.1430830E-02  9.6472092E-03  5.0497733E-02 -0.1651964    
  -1.054243      -2.880950      -4.679177      -8.503532      -15.53977    
  -14.90365      -23.02307      -17.92889      -19.29774      -27.47691    
  -18.88894      -20.60657      -29.73704      -17.87486      -21.95594    
  -30.61900      -16.94882      -22.63076      -30.37532      -15.28102    
  -20.81051      -27.44011      -11.59002      -17.95215      -22.65455    
  -11.56048      -16.97919      -7.307975      -12.73162      -2.936816    
  -8.813686     -0.3880135      -4.818141       3.062194     -0.9873956    
   6.101722       2.840933       7.644254       5.419754       7.500228    
   4.053769       2.822113     -0.7683870      -3.570811      -4.487628    
 -0.1148015     -0.4533926      -1.126370      -2.360403      -4.664870    
  -7.770671      -11.02076      -15.53123      -22.72678      -24.63874    
  -31.45100      -53.51445      -32.76305      -42.55427      -75.15952    
  -50.21624      -59.58065      -98.96750      -66.91096      -78.41922    
  -119.7380      -83.27874      -95.99612      -136.7952      -98.91068    
  -112.7152      -149.6538      -114.0033      -126.5717      -152.4070    
  -138.6494      -149.0659      -146.0509      -150.4721      -149.2476    
  -148.4438      -149.5109      -143.6920      -146.7199      -135.1660    
  -138.6401      -122.5539      -121.5838      -99.72608      -90.76728    
  -61.86548      -44.44106      -15.52430       8.542471       17.73587    
    2.53125E+02   ! Azimuth index:  91 in degrees
 -2.1823912E-03 -1.9533152E-02 -5.6558438E-02 -0.1124154     -0.2156982    
 -0.4417204     -0.5593027     -9.5537722E-02  0.9049093      -15.21695    
  -1.065941      0.5953816      -31.83277      -2.640327      -3.513358    
  -43.77126      -2.072128      -1.715114      -54.62244      -1.830291    
  -3.006673      -63.14940      -1.686589      -4.382761      -70.52740    
 -0.7188245      -4.687825      -74.52563      -2.012553      -5.829456    
  -56.52422      -5.128965      -55.85867      -4.909915      -51.80937    
  -6.513208      -46.19180      -7.820257      -40.37866      -6.783951    
  -32.27816      -7.221110      -22.28382      -5.554381      -12.77085    
  -3.886481      -5.446000      -2.442929      -1.063553      9.4144829E-02
 -3.0824298E-02 -2.6647698E-02 -6.4277707E-04  3.6307953E-02 -0.1427967    
  -1.071876      -2.792392      -4.575468      -8.486802      -15.44252    
  -14.94852      -22.67583      -17.69477      -19.17159      -27.38430    
  -19.17762      -20.72866      -29.82579      -17.88242      -21.97443    
  -30.74830      -17.02351      -22.56921      -30.20282      -15.16512    
  -20.77378      -27.37882      -11.56335      -18.15715      -22.91591    
  -11.87182      -17.20020      -7.563911      -12.91143      -2.960304    
  -8.579411     -0.1506140      -4.740501       3.349011     -0.7598226    
   5.982877       2.804709       7.703469       5.341217       7.477494    
   3.928655       2.780448     -0.7982733      -3.538212      -4.489314    
 -6.8401717E-02 -0.3741663      -1.013155      -2.206587      -4.438724    
  -7.593086      -10.81133      -15.31165      -22.48941      -24.48519    
  -31.31446      -53.52856      -32.62457      -42.43281      -74.84542    
  -49.92907      -60.20213      -98.83763      -66.83795      -78.32240    
  -119.5775      -83.17603      -97.01490      -136.6164      -98.78755    
  -112.6322      -149.6098      -113.9645      -126.7092      -152.9955    
  -139.1633      -150.0085      -146.9338      -151.4560      -150.2500    
  -149.0620      -149.9378      -143.8507      -146.8045      -134.9126    
  -138.3150      -122.6522      -121.5148      -99.50253      -90.85641    
  -61.68926      -44.23438      -15.30475       8.320296       17.55529    
    2.55938E+02   ! Azimuth index:  92 in degrees
  4.4833010E-04 -1.5067223E-02 -5.0084159E-02 -0.1044925     -0.2054227    
 -0.4248314     -0.5345780     -0.1091201      0.8728905      -15.13408    
  -1.187586      0.5384077      -31.65280      -2.614003      -3.502294    
  -43.56441      -2.181861      -1.841915      -54.41663      -1.857360    
  -3.078516      -62.97766      -1.753451      -4.425155      -70.83786    
 -0.5498310      -4.527139      -74.81780      -2.208186      -5.924612    
  -56.55330      -5.308558      -55.92942      -4.942868      -52.00368    
  -6.491658      -46.18182      -8.006434      -40.55272      -6.745149    
  -32.11823      -7.114455      -21.98210      -5.547143      -12.68361    
  -3.708915      -5.355759      -2.411532      -1.043216      0.1346950    
 -3.2397572E-02 -2.9348569E-02 -4.9955947E-03  3.2686938E-02 -0.1314255    
 -0.9943596      -2.692606      -4.577499      -8.506385      -15.38231    
  -15.18601      -22.63320      -17.16363      -19.09787      -27.26701    
  -19.04281      -20.87918      -29.96494      -17.78808      -21.96871    
  -30.77679      -17.06934      -22.62132      -30.35974      -15.02103    
  -20.45298      -27.05539      -12.13045      -18.43850      -23.02618    
  -12.03274      -17.44048      -7.665459      -12.94043      -3.187637    
  -8.547890     -0.2197557      -4.953537       3.027390     -0.7467910    
   5.942791       2.814769       7.829816       5.269787       7.421950    
   4.032789       2.750222     -0.8483475      -3.593565      -4.480357    
 -2.6137240E-02 -0.3014465     -0.9088598      -2.065939      -4.247601    
  -7.314134      -10.55256      -15.09447      -22.25543      -24.32146    
  -31.14676      -53.11015      -32.83951      -42.35370      -74.51958    
  -49.74230      -59.93723      -98.41972      -66.62057      -78.04240    
  -119.0787      -82.85875      -96.66660      -137.2103      -99.45089    
  -112.3045      -149.0439      -113.7853      -126.5295      -152.6051    
  -138.9081      -149.8721      -146.9043      -151.2325      -150.2807    
  -148.8140      -149.6960      -143.8620      -146.4527      -134.2538    
  -137.5811      -121.4499      -120.7337      -98.78549      -90.21021    
  -61.15328      -43.67144      -14.83799       8.747596       17.70070    
    2.58750E+02   ! Azimuth index:  93 in degrees
 -1.7076837E-04 -1.6146077E-02 -5.1432639E-02 -0.1058138     -0.2058071    
 -0.4226589     -0.5149803     -8.7470964E-02  0.8955067      -15.06631    
  -1.172671      0.5568368      -31.73632      -2.463073      -3.427903    
  -43.76324      -2.320791      -2.120616      -54.51196      -2.322989    
  -3.520055      -63.24883      -2.233046      -4.879508      -70.96590    
  -1.403066      -5.375866      -74.58595      -2.185574      -5.922265    
  -56.21252      -5.380215      -55.49223      -5.351199      -52.51384    
  -6.601153      -46.20340      -9.095037      -40.84856      -6.695786    
  -31.88805      -6.981772      -22.28555      -5.348294      -12.59839    
  -3.791136      -5.424995      -2.441289      -1.076632      9.0659834E-02
 -3.1391352E-02 -2.4727898E-02  6.3132243E-03  5.3237505E-02 -9.6918240E-02
 -0.9042570      -2.631985      -4.511076      -8.437898      -15.32474    
  -15.11697      -22.57779      -17.59090      -18.83661      -27.02201    
  -19.71149      -20.97318      -30.24465      -18.75837      -22.65128    
  -31.32752      -18.29120      -23.28119      -30.97635      -15.97222    
  -21.86751      -28.34338      -12.22337      -18.32760      -22.92105    
  -12.10143      -17.44204      -7.823289      -13.38260      -4.586691    
  -8.662312      -1.059217      -6.205615       2.926024     -0.5308812    
   6.594394       3.049841       7.706240       5.598909       7.785179    
   4.104556       2.875850     -0.7385640      -3.554388      -4.470813    
 -4.2070862E-02 -0.3275417     -0.9427925      -2.104735      -4.276723    
  -7.296003      -10.54828      -15.10080      -22.26379      -24.22034    
  -31.01131      -52.99022      -32.58351      -42.48872      -74.09867    
  -49.41708      -59.16011      -97.41399      -65.83283      -77.24043    
  -117.8087      -82.03416      -95.74963      -136.1402      -98.63000    
  -112.5523      -148.6034      -113.2855      -125.7852      -151.3949    
  -137.7808      -148.3181      -145.2681      -149.3194      -148.3736    
  -145.8866      -147.3809      -142.6162      -146.7858      -135.5152    
  -138.7215      -122.2047      -121.4306      -99.73190      -91.34262    
  -62.14025      -44.55801      -15.61920       8.323100       17.42783    
    2.61562E+02   ! Azimuth index:  94 in degrees
 -4.6519516E-04 -1.6802840E-02 -5.2525736E-02 -0.1071334     -0.2098936    
 -0.4258829     -0.5140423     -9.1429435E-02  0.8864743      -15.18075    
  -1.173826      0.5290135      -31.75565      -2.539390      -3.376163    
  -43.65540      -2.126945      -1.974965      -54.40741      -2.342489    
  -3.604446      -63.17103      -2.276745      -4.920616      -70.78629    
 -0.5470357      -4.324050      -73.72099      -2.058474      -5.713146    
  -55.76173      -5.128629      -54.91746      -5.074434      -50.98054    
  -6.466875      -45.72815      -8.880246      -41.74194      -7.241443    
  -32.54381      -7.011838      -22.02323      -5.510532      -12.92141    
  -3.778244      -5.490161      -2.479586      -1.091010      8.9656360E-02
 -3.1192984E-02 -2.5481278E-02  3.7192134E-03  4.6266258E-02 -5.2980237E-02
 -0.9328709      -2.640399      -4.535856      -8.481715      -15.55961    
  -15.12581      -22.64577      -17.63849      -18.98858      -27.01218    
  -19.39963      -20.63318      -29.92581      -18.72299      -22.67505    
  -31.49846      -18.25516      -23.30790      -30.99459      -15.97425    
  -20.48431      -26.68708      -10.86680      -18.10207      -22.55528    
  -11.81491      -17.03139      -7.548186      -12.96764      -3.394742    
  -8.507846     -0.9989883      -6.050079       1.474678      -1.174786    
   6.140098       3.104270       8.309875       5.586698       7.695092    
   4.257844       2.990218     -0.6610793      -3.505357      -4.460269    
 -4.7050837E-02 -0.3394121     -0.9635423      -2.136836      -4.344181    
  -7.380575      -10.61361      -15.10742      -22.25492      -24.22157    
  -31.02317      -52.97796      -32.56606      -42.45757      -74.56530    
  -49.55841      -59.24832      -97.28365      -65.71390      -77.15422    
  -117.9125      -81.95118      -95.48313      -135.7623      -98.33935    
  -112.5041      -148.6965      -113.4474      -125.3973      -150.6888    
  -137.0904      -147.2922      -144.2169      -147.9541      -146.6772    
  -144.1402      -146.0716      -141.4576      -145.8634      -136.5094    
  -139.6730      -123.1512      -122.6517      -100.9592      -92.32829    
  -63.07573      -45.38511      -16.24442       7.959354       17.35956    
    2.64375E+02   ! Azimuth index:  95 in degrees
 -2.1102016E-04 -1.6696047E-02 -5.2715104E-02 -0.1078544     -0.2117979    
 -0.4288520     -0.5116050     -7.7730544E-02  0.9006940      -15.22154    
  -1.085151      0.5483606      -31.80815      -2.656824      -3.358984    
  -42.94086      -1.710672      -1.940847      -54.22801      -2.366013    
  -3.532986      -62.86016      -2.306537      -4.960548      -69.90610    
 -0.4301888      -4.259958      -73.34634      -1.408433      -5.112180    
  -55.40802      -4.994374      -54.46277      -4.820914      -50.58197    
  -6.591120      -45.36095      -8.431630      -41.27458      -7.430411    
  -32.46283      -7.281159      -22.75419      -5.921688      -12.80334    
  -3.865859      -5.526714      -2.498363      -1.091323      0.1041323    
 -3.0691711E-02 -2.2362955E-02  1.2164931E-02  6.2965624E-02 -3.0675065E-02
 -0.9174138      -2.644111      -4.535789      -8.500547      -15.62622    
  -14.92657      -22.56746      -17.91409      -19.17805      -26.96518    
  -17.59578      -19.96589      -29.72193      -18.75214      -22.65634    
  -31.25742      -18.08408      -23.33382      -30.98978      -14.67299    
  -20.21567      -26.47221      -10.82550      -17.12815      -21.63464    
  -11.65001      -16.79003      -7.369065      -12.59397      -3.314115    
  -8.660079     -0.9600928      -5.568064       1.797675      -1.498539    
   5.816040       2.800557       7.576035       5.177837       7.835759    
   4.175185       2.962446     -0.6585155      -3.503648      -4.461776    
 -4.7601592E-02 -0.3444358     -0.9765901      -2.163153      -4.395816    
  -7.453379      -10.68797      -15.25166      -22.36048      -24.26680    
  -31.01039      -52.87935      -32.40165      -42.20798      -74.52876    
  -50.17596      -59.82448      -96.82776      -65.41746      -76.83797    
  -117.3942      -81.63885      -95.32687      -135.3161      -98.34032    
  -111.9992      -147.8229      -112.8633      -125.3390      -150.3504    
  -136.4210      -146.3968      -143.2934      -146.7322      -145.6702    
  -143.5714      -144.9920      -140.2912      -145.2175      -134.2902    
  -138.3416      -122.9828      -122.7455      -101.0221      -92.37146    
  -63.06185      -45.40767      -16.35163       7.943283       17.43789    
    2.67188E+02   ! Azimuth index:  96 in degrees
 -8.0470531E-04 -1.7850755E-02 -5.4539826E-02 -0.1102123     -0.2154377    
 -0.4323770     -0.5291712     -9.1385655E-02  0.8735127      -15.32526    
  -1.069242      0.5642509      -31.67825      -2.630006      -3.254474    
  -42.75350      -1.732014      -1.504551      -53.86259      -2.208109    
  -3.382303      -62.42360      -2.156542      -4.797406      -69.28686    
 -0.3664661      -4.293078      -72.95979      -1.412331      -5.086483    
  -54.75834      -4.548082      -54.51776      -5.279934      -50.25361    
  -6.668765      -44.96037      -8.456220      -40.77534      -7.168674    
  -32.28357      -7.402824      -22.03468      -5.751264      -12.96377    
  -3.931211      -5.452878      -2.468323      -1.065875      0.1311881    
 -3.0215694E-02 -2.2006916E-02  1.2260349E-02  6.0482886E-02 -6.2810309E-02
 -0.9563994      -2.716233      -4.621411      -8.742188      -15.65231    
  -14.84028      -22.45876      -17.91916      -19.03085      -26.67084    
  -17.44705      -19.96594      -28.93303      -18.49741      -22.33270    
  -30.83807      -17.85151      -22.97840      -30.52170      -14.36492    
  -20.00684      -26.39688      -10.80014      -17.06838      -21.52312    
  -10.91896      -16.13734      -7.847325      -13.13680      -3.331000    
  -8.755208     -0.8534812      -5.644547       1.718230      -1.282154    
   5.538108       2.517159       7.870107       5.208894       7.419248    
   3.988461       2.867391     -0.7354459      -3.547737      -4.489245    
 -5.8675803E-02 -0.3661318      -1.011319      -2.216195      -4.481851    
  -7.528196      -10.77809      -15.36233      -22.58232      -24.56066    
  -30.85868      -52.65169      -32.20378      -41.88869      -74.29042    
  -50.03195      -59.65174      -97.08053      -65.11197      -76.61694    
  -116.6660      -81.19358      -94.77395      -134.1479      -97.67509    
  -111.3563      -146.8511      -112.2385      -124.7222      -149.4813    
  -136.0848      -145.8457      -142.3637      -145.6367      -144.6429    
  -142.7159      -143.9793      -138.6960      -143.2588      -132.7243    
  -136.7577      -121.3102      -120.9439      -99.76445      -91.25823    
  -62.18016      -44.58593      -15.73772       8.342375       17.69508    
    2.70000E+02   ! Azimuth index:  97 in degrees
  1.1872302E-03 -1.4707243E-02 -5.0541297E-02 -0.1061217     -0.2121766    
 -0.4269483     -0.5320631     -0.1023495      0.8453941      -15.30819    
  -1.186123      0.4853489      -31.58525      -2.629043      -3.184075    
  -42.95971      -1.782899      -1.532265      -53.69908      -1.737117    
  -3.311302      -62.33049      -2.043155      -4.699575      -69.87086    
  -1.024970      -4.779755      -73.58115      -1.904133      -5.609602    
  -55.47652      -5.222823      -54.40556      -4.910153      -50.71534    
  -6.654245      -45.21134      -8.187554      -40.10801      -7.241479    
  -32.21721      -6.898481      -22.01125      -5.788903      -12.76363    
  -3.970401      -5.493129      -2.440960      -1.035605      0.1593989    
 -3.2103855E-02 -2.8069055E-02 -9.0803584E-04  3.9183661E-02 -8.9048631E-02
 -0.9634251      -2.723097      -4.643977      -8.820951      -15.65322    
  -15.23763      -22.79391      -17.75620      -19.02605      -26.58669    
  -17.78198      -20.09387      -29.06867      -17.31123      -21.66132    
  -30.71751      -17.76876      -22.76423      -30.40838      -15.34590    
  -21.07786      -27.21491      -11.56846      -17.83611      -22.34211    
  -11.70887      -17.11711      -7.323368      -12.69927      -3.438132    
  -8.736634     -0.7022539      -5.299198       2.588670      -1.368050    
   5.436871       2.988820       7.556804       4.991525       7.277083    
   3.797753       2.651778     -0.8334284      -3.607741      -4.513138    
 -2.1655917E-02 -0.3084247     -0.9392158      -2.138324      -4.422563    
  -7.442142      -10.70021      -15.28468      -22.50504      -24.49675    
  -31.18803      -53.04151      -32.21021      -41.88379      -74.47339    
  -50.03547      -59.72947      -97.31589      -66.01755      -77.45352    
  -116.6398      -81.13588      -94.63832      -134.4196      -97.56016    
  -111.4033      -147.0938      -112.3866      -124.9300      -149.8770    
  -136.4956      -146.5070      -143.2491      -146.5333      -145.7814    
  -143.9627      -145.1937      -139.5046      -143.5848      -132.4816    
  -136.1496      -120.3968      -119.6669      -98.30926      -89.78076    
  -61.12902      -43.72510      -15.02037       8.847301       17.93534    
    2.72812E+02   ! Azimuth index:  98 in degrees
  4.1022743E-03 -9.8204194E-03 -4.3743227E-02 -9.8364495E-02 -0.2032911    
 -0.4142667     -0.4976573     -7.1955219E-02  0.8894131      -15.17719    
  -1.237477      0.4243681      -31.59543      -2.479859      -3.231704    
  -42.88872      -1.885002      -1.604102      -53.75145      -1.790865    
  -2.980686      -62.34190      -1.763399      -4.732542      -70.18438    
  -1.106197      -4.871173      -73.94509      -2.006906      -5.769670    
  -55.83923      -5.206363      -54.85469      -5.008851      -51.59130    
  -6.817081      -45.70571      -8.396731      -40.25803      -7.135325    
  -32.32740      -7.193439      -22.05223      -5.640928      -12.52059    
  -3.880769      -5.389639      -2.420129      -1.008474      0.1998843    
 -3.4127165E-02 -3.1871960E-02 -7.4402387E-03  3.2697137E-02 -6.8498075E-02
 -0.8933429      -2.587252      -4.454336      -8.438654      -15.57828    
  -15.27910      -22.81095      -17.40566      -18.86094      -26.62960    
  -17.86286      -20.26052      -29.24024      -17.40844      -21.75874    
  -30.33525      -16.91760      -22.50908      -30.57956      -15.49119    
  -21.28442      -27.47466      -11.75418      -18.04202      -22.64225    
  -11.95673      -17.13948      -7.524992      -12.88846      -4.012938    
  -8.932142     -0.8289561      -5.491882       2.675017      -1.216332    
   5.503854       2.690180       7.500607       5.079944       7.352475    
   3.770763       2.592014     -0.8999445      -3.645402      -4.531775    
  2.9429175E-02 -0.2229156     -0.8218001      -1.989950      -4.245896    
  -7.229965      -10.45506      -14.99108      -22.13037      -24.19700    
  -30.97763      -52.74426      -32.54232      -42.45237      -74.19299    
  -49.85079      -59.59989      -97.34464      -66.00643      -77.43091    
  -117.6974      -82.03519      -95.76805      -135.0169      -97.91974    
  -111.8332      -147.8730      -112.7928      -125.3286      -150.5276    
  -137.0212      -147.1186      -144.1089      -148.0706      -147.0010    
  -145.1962      -146.4172      -140.7416      -144.2960      -132.8007    
  -136.7224      -120.5459      -119.5661      -97.70026      -89.03737    
  -60.30640      -42.95498      -14.53144       9.225696       18.22115    
    2.75625E+02   ! Azimuth index:  99 in degrees
 -4.1381034E-04 -1.6554024E-02 -5.1705085E-02 -0.1064944     -0.2054540    
 -0.4138256     -0.4849961     -5.8690794E-02  0.9293498      -15.02844    
  -1.201965      0.4570217      -31.48668      -2.467292      -3.277622    
  -42.87869      -1.919717      -1.529765      -53.72223      -1.793802    
  -2.976418      -62.24859      -1.969850      -4.525280      -69.91330    
  -1.010513      -4.866808      -73.77554      -1.934412      -5.660171    
  -55.52228      -5.063643      -54.37639      -4.886316      -51.24972    
  -7.206736      -46.02371      -8.171181      -40.12344      -7.232327    
  -31.95808      -7.071688      -21.83218      -5.499868      -12.51791    
  -3.828100      -5.344005      -2.401372     -0.9997236      0.2142964    
 -2.8375184E-02 -6.7727258E-03  5.3102359E-02  0.1489386     -5.3959530E-02
 -0.8696285      -2.539920      -4.383173      -8.194200      -15.41149    
  -15.14008      -22.68137      -17.37214      -18.85690      -26.73837    
  -17.79681      -20.33718      -29.09210      -17.40106      -21.75916    
  -30.30319      -16.86713      -22.73714      -30.18542      -15.21744    
  -21.11543      -27.43401      -11.68865      -17.90149      -22.42943    
  -11.82211      -16.88289      -7.366334      -12.67549      -4.003693    
  -9.406451      -1.470703      -5.236208       2.581926      -1.368230    
   5.640502       2.716207       7.487727       5.169764       7.214691    
   3.709360       2.556228     -0.9350193      -3.674848      -4.572772    
 -5.5797216E-02 -0.3509507     -0.9757853      -2.148007      -4.289900    
  -7.224517      -10.41493      -14.91303      -21.99572      -23.99539    
  -30.82096      -52.58129      -32.41240      -42.51449      -74.21633    
  -49.90176      -59.62133      -97.32003      -65.97203      -77.38804    
  -117.5515      -81.94102      -95.06361      -134.7028      -97.78806    
  -111.7092      -147.5816      -112.5869      -125.0035      -149.9072    
  -136.3964      -146.1429      -143.0751      -146.7092      -146.0031    
  -144.2220      -145.6584      -140.1839      -143.5517      -131.8050    
  -135.8186      -119.3921      -118.6367      -97.20207      -88.42907    
  -59.51268      -42.56543      -14.22771       9.456078       18.47627    
    2.78438E+02   ! Azimuth index: 100 in degrees
 -8.0678258E-03 -3.0262722E-02 -6.8687141E-02 -0.1212659     -0.2165749    
 -0.4238704     -0.4881032     -5.6806862E-02  0.9472198      -14.94953    
  -1.128281      0.5178101      -31.45822      -2.608678      -3.407006    
  -43.30203      -2.063257      -1.675982      -54.28433      -2.263084    
  -3.447653      -62.71917      -2.004734      -4.581157      -69.99707    
 -0.9854718      -4.848791      -73.86328      -1.857994      -5.477944    
  -55.40350      -5.142168      -54.41235      -4.891142      -51.05507    
  -7.063335      -45.09974      -8.003785      -39.96766      -7.063938    
  -31.91804      -7.129356      -21.66047      -5.503440      -12.55656    
  -3.826969      -5.388782      -2.419970      -1.016143      0.1870157    
 -1.6933039E-02  7.8881681E-03  6.6953257E-02  0.1566999     -4.6374947E-02
 -0.8735150      -2.561165      -4.406839      -8.162124      -15.28426    
  -14.94763      -22.53698      -17.44822      -19.06255      -26.99664    
  -18.84373      -20.56467      -29.32321      -18.83370      -22.50917    
  -31.07888      -18.03152      -22.81265      -30.29946      -15.32522    
  -21.08308      -27.42233      -11.63560      -17.83061      -22.16181    
  -11.67593      -16.99681      -7.425282      -12.67740      -3.845835    
  -9.231984     -0.3791268      -5.066013       2.631083      -1.185108    
   5.598299       2.649973       7.763221       5.188688       7.250524    
   3.789219       2.605959     -0.8954341      -3.645008      -4.551627    
 -0.1847814     -0.5858430      -1.267336      -2.434464      -4.518015    
  -7.401800      -10.55328      -15.02014      -22.07056      -23.95968    
  -30.74984      -52.52726      -32.30616      -42.07283      -74.02190    
  -49.57373      -59.30900      -97.11219      -65.44836      -76.83877    
  -117.0706      -81.49046      -95.11456      -134.7625      -97.81052    
  -111.7259      -147.6511      -112.8089      -125.2923      -149.8499    
  -136.3708      -146.1364      -143.0558      -146.5634      -145.8077    
  -143.9312      -145.6845      -139.7764      -143.2082      -131.7598    
  -135.5498      -119.3703      -118.9876      -97.38424      -88.74250    
  -60.03426      -43.00516      -14.53264       9.167753       18.24691    
    2.81250E+02   ! Azimuth index: 101 in degrees
 -4.3814862E-03 -2.5203552E-02 -6.3844860E-02 -0.1191975     -0.2187285    
 -0.4275194     -0.4760385     -3.4916211E-02  0.9832051      -14.85366    
  -1.045457      0.5964386      -31.24068      -2.544309      -3.429458    
  -43.26504      -2.076807      -1.800752      -54.20727      -2.295261    
  -3.490016      -62.79880      -2.084385      -4.684324      -70.15479    
  -1.093396      -4.973414      -74.05788      -2.024678      -5.763304    
  -55.79142      -5.314219      -54.88888      -5.046716      -51.44553    
  -7.204152      -45.45035      -7.903223      -40.17029      -7.198204    
  -32.25778      -7.372042      -21.94398      -5.502612      -12.59072    
  -3.894921      -5.448826      -2.459723      -1.070168      0.1198572    
 -2.7771132E-02 -1.9888967E-02  1.4944420E-02  4.9380448E-02 -3.4478795E-02
 -0.8577960      -2.526955      -4.344375      -8.038035      -15.19080    
  -14.67968      -22.20378      -17.40063      -18.88839      -26.96179    
  -19.08743      -20.52551      -29.48841      -18.92201      -22.53675    
  -31.15227      -18.20178      -22.96233      -30.50674      -15.50702    
  -21.27191      -27.65209      -11.83144      -18.10140      -22.65492    
  -11.97924      -17.29865      -7.636416      -12.93382      -3.886739    
  -9.409285     -0.4100840      -4.927322       2.676290      -1.298127    
   5.520049       2.524460       7.882617       5.326748       7.547003    
   3.902297       2.748080     -0.7551441      -3.545498      -4.482854    
 -0.1155891     -0.4910115      -1.174773      -2.407179      -4.572413    
  -7.479801      -10.61204      -15.06670      -22.09473      -23.82124    
  -30.52979      -52.16392      -32.02766      -41.91286      -73.68995    
  -49.28799      -59.03060      -96.77668      -65.24778      -76.67671    
  -116.9953      -81.44604      -95.14912      -134.8886      -97.87385    
  -111.7910      -147.8182      -112.9113      -125.4365      -150.5221    
  -136.8722      -146.9873      -143.9890      -147.7931      -146.8962    
  -145.2352      -146.7429      -140.5363      -144.0472      -132.6534    
  -136.5444      -120.9016      -120.5684      -98.53079      -90.13763    
  -61.27379      -43.95487      -15.57439       8.296679       17.59901    
    2.84062E+02   ! Azimuth index: 102 in degrees
 -6.1554080E-03 -2.6271168E-02 -6.5629497E-02 -0.1239259     -0.2205433    
 -0.4304271     -0.4818511     -3.5321563E-02  0.9858518      -14.83236    
  -1.057448      0.5941804      -30.77786      -2.322583      -3.526585    
  -42.92866      -2.185913      -1.894957      -53.88228      -2.332817    
  -3.517574      -62.45576      -2.225336      -4.778804      -69.96748    
  -1.182146      -5.042406      -73.84795      -2.099287      -5.829447    
  -55.84663      -5.344795      -54.82736      -5.083681      -51.52817    
  -7.320830      -45.67526      -8.301351      -40.71674      -7.090865    
  -32.23950      -7.134861      -22.20465      -5.586191      -12.71068    
  -3.918895      -5.550898      -2.493639      -1.105405      7.6334499E-02
 -1.9787339E-02  5.1927841E-03  6.6984788E-02  0.1333113      6.1596166E-02
 -0.8832419      -2.553021      -4.350400      -7.996046      -15.03197    
  -14.69984      -22.01323      -16.57510      -18.30657      -26.88821    
  -19.01669      -20.62336      -29.42447      -18.90377      -22.50373    
  -31.04071      -18.18123      -23.13340      -30.57137      -15.58699    
  -21.35014      -27.69027      -11.87531      -18.16711      -22.70836    
  -12.14827      -17.32501      -7.681287      -12.98328      -4.020609    
  -9.563340     -0.6259320      -5.379174       2.249334      -1.162778    
   5.684030       2.870701       7.774031       5.311410       7.570672    
   3.958146       2.826798     -0.6620409      -3.482451      -4.446702    
 -0.1540073     -0.5200834      -1.219300      -2.499923      -4.647648    
  -7.542178      -10.65163      -15.07219      -22.03111      -23.98153    
  -30.55137      -51.83781      -32.07101      -41.62594      -72.86559    
  -48.83075      -58.61253      -95.94107      -64.76839      -76.22170    
  -116.2130      -80.92349      -94.77521      -134.2892      -97.48433    
  -111.3905      -147.2321      -112.5039      -125.0037      -149.9630    
  -136.6739      -146.6121      -143.7262      -147.6449      -146.8444    
  -145.5000      -146.8603      -140.7086      -144.5501      -132.7989    
  -137.0046      -121.8654      -121.2244      -99.15151      -90.76267    
  -61.82567      -44.81770      -16.28608       7.739478       17.22214    
    2.86875E+02   ! Azimuth index: 103 in degrees
 -1.2090967E-02 -3.4738198E-02 -7.4692033E-02 -0.1288432     -0.2322174    
 -0.4478048     -0.5294877     -8.0992870E-02  0.9112565      -14.98738    
 -0.9304290      0.7290320      -31.26803      -2.130563      -3.093503    
  -42.73131      -2.134419      -1.846466      -53.47779      -2.245350    
  -3.416848      -61.95045      -2.267972      -4.849136      -69.54677    
  -1.305374      -5.126277      -73.45335      -2.264194      -5.959067    
  -55.57430      -5.480533      -54.67937      -5.216599      -51.22089    
  -7.045223      -45.89454      -8.105931      -40.40147      -7.099328    
  -32.16776      -7.310029      -21.99247      -5.514010      -12.64754    
  -3.914596      -5.560257      -2.496559      -1.091214      9.1355354E-02
 -7.1207136E-03  4.8115337E-03  5.5776715E-02  0.1168038     -1.1932436E-02
 -0.8166552      -2.739776      -4.599526      -8.522028      -15.01570    
  -14.61431      -21.86396      -16.90875      -17.79991      -25.77753    
  -19.06468      -20.43984      -29.09495      -18.65788      -22.26373    
  -30.67449      -17.96684      -23.04556      -30.48867      -15.73402    
  -21.40744      -27.66586      -12.06384      -18.31708      -22.81006    
  -12.28070      -17.46277      -7.891901      -13.12870      -3.990746    
  -9.235152      -1.217025      -5.190487       2.351931      -1.190747    
   5.674581       2.635156       7.875955       5.330346       7.509557    
   3.893213       2.783272     -0.7078909      -3.502924      -4.455586    
 -0.2597339     -0.6645219      -1.373265      -2.597261      -4.880730    
  -7.866778      -10.84592      -15.34229      -22.41427      -24.51970    
  -31.04578      -52.42148      -32.53196      -41.24389      -72.01010    
  -48.48882      -58.25227      -95.14443      -64.39238      -75.83823    
  -115.3223      -80.34856      -93.92709      -133.0432      -96.64389    
  -110.5125      -145.9714      -111.6147      -124.0863      -148.8070    
  -135.6299      -145.6676      -142.8433      -146.6825      -146.0182    
  -144.2936      -146.0173      -140.0315      -143.8623      -132.5484    
  -136.7535      -121.4444      -120.7937      -98.73920      -90.25968    
  -61.37831      -44.66578      -16.04175       7.941803       17.34560    
    2.89688E+02   ! Azimuth index: 104 in degrees
 -1.2322067E-02 -3.2181796E-02 -7.0347257E-02 -0.1280317     -0.2275426    
 -0.4414995     -0.5041580     -8.0717452E-02  0.8784033      -15.05669    
 -0.8767435      0.5346671      -31.45088      -2.194912      -2.973061    
  -42.67631      -1.788560      -1.455868      -53.14466      -2.068651    
  -3.295340      -61.50106      -2.021747      -4.735136      -69.06768    
  -1.268044      -5.065499      -72.92686      -2.160572      -5.842020    
  -55.13045      -5.706020      -54.45722      -5.194214      -50.96627    
  -6.841201      -45.68261      -7.902063      -40.17701      -7.461368    
  -32.22285      -7.353795      -21.94702      -5.469173      -12.72095    
  -3.885676      -5.463519      -2.447416      -1.059580      0.1287420    
 -9.8159434E-03  2.5411038E-02  5.4500192E-02  7.7023938E-02 -0.1162620    
 -0.9955977      -2.660256      -4.584494      -8.655358      -15.17663    
  -14.50715      -22.33661      -17.31422      -18.28415      -25.78979    
  -18.00448      -19.98170      -28.47870      -18.29506      -21.87464    
  -30.32289      -17.65527      -22.52933      -30.10081      -15.56557    
  -21.24515      -27.42794      -11.95941      -18.07932      -22.55122    
  -12.10752      -17.73103      -7.966485      -13.08021      -3.937283    
  -8.994804      -1.112592      -4.979686       2.220539      -1.654042    
   5.593795       2.577082       7.906803       5.340249       7.340717    
   3.852396       2.707494     -0.7785344      -3.569843      -4.487776    
 -0.2635445     -0.6271840      -1.295131      -2.565590      -4.784615    
  -7.760464      -10.92993      -15.29168      -22.40378      -24.48233    
  -31.12945      -52.39086      -32.42880      -42.35950      -73.34320    
  -49.43109      -59.05957      -95.78384      -64.24049      -75.53140    
  -114.6888      -79.96125      -93.41328      -131.8441      -96.05294    
  -109.8674      -144.8498      -110.8489      -123.2911      -147.7207    
  -134.7323      -144.8546      -142.0483      -146.0437      -145.4086    
  -143.5415      -145.6562      -139.7340      -142.8601      -132.1022    
  -136.7770      -121.5589      -120.7791      -98.53345      -89.92419    
  -60.93950      -43.87384      -15.39224       8.511329       17.68943    
    2.92500E+02   ! Azimuth index: 105 in degrees
 -1.5031626E-02 -3.5694595E-02 -7.3315457E-02 -0.1265047     -0.2245968    
 -0.4373431     -0.4880995     -1.8575577E-02  0.9013317      -14.90711    
 -0.8806007      0.8028266      -31.45287      -2.524385      -3.255414    
  -42.74190      -2.022174      -1.647976      -53.41622      -1.802291    
  -2.936912      -61.72482      -1.474361      -4.020756      -69.02216    
  -1.153742      -4.961074      -72.65876      -2.049772      -5.649093    
  -54.78191      -5.592074      -54.37671      -5.245330      -51.02602    
  -6.940967      -45.75217      -7.799022      -39.90372      -7.373759    
  -32.12254      -7.188787      -21.86951      -5.425724      -12.76038    
  -3.865947      -5.415864      -2.427392      -1.044157      0.1456301    
 -9.1074836E-03  2.3292847E-02  7.9206601E-02  9.1061488E-02 -9.1234274E-02
 -0.9939936      -2.594632      -4.355865      -8.410307      -15.06561    
  -14.40858      -21.56340      -17.81470      -18.85752      -26.28776    
  -18.42864      -20.44763      -28.83735      -17.98556      -21.63774    
  -29.93428      -17.03860      -21.85271      -29.10387      -14.75555    
  -21.03566      -27.21817      -11.85840      -17.87438      -22.22205    
  -11.90278      -17.55125      -8.016415      -13.15455      -4.032950    
  -9.132457      -1.115511      -4.841753       3.088882      -1.574358    
   5.503800       2.716978       8.020385       5.383973       7.280605    
   3.839479       2.656483     -0.8191235      -3.601639      -4.513731    
 -0.3091773     -0.6865404      -1.347039      -2.534999      -4.722286    
  -7.695120      -10.79426      -15.28182      -22.12482      -24.18384    
  -30.84575      -52.13736      -31.97678      -41.91043      -72.94245    
  -49.12420      -59.04026      -95.68486      -64.96615      -76.55190    
  -115.8928      -80.97232      -94.63116      -133.0710      -96.89077    
  -109.6591      -144.4317      -110.5227      -122.8544      -147.0827    
  -134.1798      -144.3537      -141.7297      -145.9132      -145.3897    
  -143.7837      -145.9116      -140.4108      -144.4677      -131.8853    
  -136.1947      -121.3308      -120.9453      -98.58968      -89.87719    
  -60.77353      -43.43699      -15.06525       8.786863       17.90671    
    2.95312E+02   ! Azimuth index: 106 in degrees
 -1.7393893E-02 -4.2555355E-02 -7.8606427E-02 -0.1328365     -0.2311071    
 -0.4462640     -0.5100589     -1.7151481E-02  0.9685972      -15.03281    
 -0.9795578      0.7942784      -31.24595      -2.475008      -3.271238    
  -42.88533      -1.997829      -1.755604      -53.84129      -1.947353    
  -3.078845      -62.13393      -1.593258      -4.036953      -69.20702    
 -0.8125523      -5.148312      -73.03144      -2.120497      -5.710935    
  -54.94591      -5.391033      -54.42158      -5.371966      -51.30620    
  -7.167990      -46.20951      -8.517541      -39.74187      -7.067394    
  -31.90459      -6.994867      -22.01241      -5.277607      -12.61829    
  -3.844716      -5.405343      -2.433355      -1.049236      0.1402694    
 -7.0001623E-03  1.8244423E-02  9.2769697E-02  0.1808492     -7.8643486E-02
  -1.007087      -2.686841      -4.397864      -8.400787      -15.25961    
  -14.67087      -21.79356      -17.08561      -18.83639      -26.53157    
  -18.26013      -20.46902      -29.25502      -18.30960      -21.97250    
  -30.35773      -17.28285      -22.11665      -29.22302      -14.78705    
  -20.72884      -27.59550      -12.05429      -18.04496      -22.38076    
  -11.91298      -17.32897      -8.038892      -13.34379      -4.238083    
  -9.423460      -1.474025      -5.690873       3.160482      -1.141066    
   6.015438       2.935990       7.915241       5.549839       7.420833    
   3.846415       2.650432     -0.8140614      -3.587515      -4.509327    
 -0.3463490     -0.8006888      -1.441164      -2.656432      -4.856245    
  -7.853767      -10.97277      -15.45197      -22.59322      -24.28398    
  -30.90605      -52.46247      -32.33193      -42.20558      -73.56969    
  -49.50754      -59.31164      -96.34443      -65.30194      -76.85693    
  -116.6254      -81.36920      -94.92977      -133.5670      -97.15833    
  -110.9753      -144.9640      -110.9337      -123.3101      -147.6208    
  -134.6716      -144.8821      -141.8362      -146.2110      -145.7632    
  -144.3474      -146.4361      -140.5294      -144.0953      -133.2622    
  -137.0429      -121.4078      -121.1412      -98.73126      -89.87599    
  -60.70309      -43.37439      -15.13305       8.687430       17.87464    
    2.98125E+02   ! Azimuth index: 107 in degrees
 -1.5669430E-02 -4.0665697E-02 -7.9430252E-02 -0.1320290     -0.2310288    
 -0.4466065     -0.5314489     -3.2489683E-02  0.9844625      -15.02815    
 -0.9905166      0.8326362      -31.29853      -2.317472      -3.536083    
  -43.14566      -2.120232      -1.902000      -53.74964      -2.065028    
  -3.178792      -61.89291      -1.753648      -4.260318      -69.10455    
  -1.042310      -5.275791      -72.99443      -2.271225      -5.853991    
  -54.99748      -5.486916      -54.62294      -5.246431      -51.19991    
  -7.140697      -46.39532      -9.044921      -40.20063      -6.832857    
  -32.12856      -7.030708      -22.19307      -5.199931      -12.56166    
  -3.814309      -5.408234      -2.456858      -1.056214      0.1340039    
 -1.2187039E-02  4.5981412E-03  5.3985368E-02  0.1138443     -7.5185880E-02
  -1.002287      -2.764851      -4.457824      -8.311470      -15.26800    
  -14.69541      -21.72217      -17.21242      -18.46508      -26.98269    
  -19.11509      -20.58343      -29.36963      -18.55900      -22.08893    
  -30.36470      -17.41477      -22.29306      -29.48149      -15.07903    
  -21.02609      -27.75834      -12.20535      -18.25267      -22.58179    
  -12.08759      -17.45485      -8.201238      -13.18400      -4.157523    
  -9.406504      -1.719997      -6.356203       2.340244     -0.9086490    
   6.068559       2.963142       7.912395       5.685364       7.508362    
   3.880709       2.661912     -0.8176085      -3.580315      -4.505684    
 -0.3149939     -0.7597847      -1.442917      -2.635365      -4.847828    
  -7.852581      -11.01059      -15.46290      -22.55714      -24.26047    
  -30.89231      -52.49886      -32.29786      -42.07505      -73.14801    
  -49.09121      -58.82724      -95.83028      -64.91996      -76.41331    
  -115.7983      -80.85043      -94.41604      -132.8210      -96.67223    
  -110.5290      -144.6032      -110.6952      -123.1010      -147.3723    
  -134.4692      -144.6088      -142.0886      -146.0841      -145.6702    
  -144.3344      -146.4407      -140.7399      -143.5331      -133.9236    
  -138.1174      -122.3158      -121.9166      -99.24866      -90.04106    
  -60.78413      -43.46871      -15.22844       8.617575       17.84229    
    3.00938E+02   ! Azimuth index: 108 in degrees
 -1.4406654E-02 -3.8989931E-02 -8.0843881E-02 -0.1340914     -0.2339989    
 -0.4482669     -0.5277001     -5.1056214E-02   1.042572      -14.79820    
 -0.9629745      0.7297590      -31.01744      -2.349777      -3.533855    
  -42.99781      -2.069178      -1.864592      -53.62148      -2.023420    
  -3.103332      -61.40509      -1.753125      -4.322675      -68.79469    
  -1.102210      -4.992260      -72.81230      -2.307616      -5.865171    
  -54.81886      -5.384766      -54.35625      -5.272086      -51.00697    
  -7.097744      -45.99600      -9.437195      -40.64041      -6.794759    
  -32.43795      -7.032996      -22.35349      -5.296723      -12.59107    
  -3.820118      -5.410357      -2.457309      -1.055521      0.1382277    
 -1.1391285E-02  1.3825645E-02  6.5727368E-02  0.1455796      1.7032186E-02
 -0.9916666      -2.750727      -4.515843      -7.933511      -14.91602    
  -14.55446      -21.75254      -16.88262      -18.46226      -26.86436    
  -19.13637      -20.40342      -29.10256      -18.75208      -21.93745    
  -30.06392      -17.06781      -22.20790      -29.47470      -14.99307    
  -21.05447      -27.33618      -12.21796      -18.27500      -22.56719    
  -12.06005      -17.27921      -8.148712      -13.20488      -4.206975    
  -9.363491      -1.527851      -6.776160       2.577041     -0.8099973    
   5.911828       3.008666       7.902833       5.632660       7.548902    
   3.895401       2.674713     -0.8076818      -3.577605      -4.505494    
 -0.2935811     -0.7349761      -1.472791      -2.677629      -4.902397    
  -7.881464      -11.00411      -15.40955      -22.32015      -24.10672    
  -30.72483      -52.06448      -32.16298      -41.88462      -72.78772    
  -48.83709      -58.53725      -95.16078      -64.53202      -76.11190    
  -115.0578      -80.43081      -94.00592      -132.1568      -96.25870    
  -110.1264      -144.7554      -110.3758      -122.7619      -146.8966    
  -134.0297      -143.9170      -141.4516      -145.4078      -144.9968    
  -143.4414      -145.6808      -141.6154      -145.5429      -134.6774    
  -138.7885      -123.0020      -122.5782      -99.79170      -90.37579    
  -60.97090      -43.56065      -15.28923       8.622037       17.88090    
    3.03750E+02   ! Azimuth index: 109 in degrees
 -1.4952143E-02 -4.0467340E-02 -8.4071673E-02 -0.1398663     -0.2403837    
 -0.4556719     -0.5546905     -9.4975285E-02   1.009648      -15.04712    
  -1.077814      0.5740331      -31.58574      -2.495718      -3.351450    
  -43.29977      -2.149870      -1.934538      -53.92854      -2.182603    
  -3.234504      -61.87674      -1.920676      -4.565319      -68.96683    
  -1.177651      -5.102294      -72.65985      -2.304589      -5.922543    
  -54.79311      -5.391579      -54.26067      -5.589409      -50.94403    
  -7.334506      -45.38523      -9.724298      -40.52225      -6.825151    
  -32.25298      -6.958901      -22.24809      -5.113481      -12.43057    
  -3.812362      -5.329914      -2.417051      -1.017206      0.1883999    
 -1.3508270E-02  7.9098744E-03  5.2841533E-02  0.1045294     -7.6420180E-02
  -1.046726      -2.851017      -4.724344      -8.196295      -15.22317    
  -14.99658      -22.45412      -17.41947      -18.91024      -26.77876    
  -19.42727      -20.59884      -29.43999      -18.86546      -22.27817    
  -30.43735      -17.55622      -22.53642      -29.92315      -15.25886    
  -21.14399      -27.47006      -12.09141      -18.25360      -22.62868    
  -12.22573      -17.25543      -8.331666      -13.59732      -4.504544    
  -9.661538      -1.449065      -7.113797       2.845381     -0.8688587    
   5.932069       3.015427       7.873240       5.735975       7.513361    
   3.778040       2.577208     -0.9029614      -3.655802      -4.556763    
 -0.2987167     -0.7544727      -1.519995      -2.786643      -5.033862    
  -7.999508      -11.13660      -15.58558      -22.56928      -24.40010    
  -31.11822      -52.76645      -32.54033      -42.30289      -73.77510    
  -49.02037      -58.70161      -95.76877      -64.89153      -76.29790    
  -115.6167      -80.68088      -94.17307      -132.2924      -96.25378    
  -109.8767      -144.3469      -110.2740      -122.5594      -146.5018    
  -133.6264      -143.2308      -140.7887      -144.6327      -144.0946    
  -141.9410      -143.9209      -140.9344      -145.8761      -134.3011    
  -138.2412      -122.4284      -122.1287      -99.16620      -89.60391    
  -60.19349      -42.75657      -14.53862       9.296116       18.38336    
    3.06562E+02   ! Azimuth index: 110 in degrees
 -1.3543284E-02 -3.8197923E-02 -8.1017002E-02 -0.1365508     -0.2362651    
 -0.4513093     -0.5325140     -7.8255035E-02  0.9430713      -15.33372    
  -1.060403      0.5692010      -31.61951      -2.539106      -3.406815    
  -43.55542      -2.184430      -1.991808      -54.09038      -2.174253    
  -3.216761      -61.98502      -1.924289      -4.577709      -69.00999    
  -1.089090      -5.045006      -72.80010      -2.096780      -5.694838    
  -54.45638      -5.252692      -53.92022      -5.869174      -50.68827    
  -7.185688      -44.98229      -9.449194      -41.34412      -6.798182    
  -32.22076      -6.947372      -22.10866      -5.096071      -12.31875    
  -3.779285      -5.268121      -2.377572     -0.9905840      0.2177070    
 -1.4424714E-02  7.6411297E-03  5.5090882E-02  0.1135320     -4.1867118E-02
 -0.8688086      -2.760093      -4.624718      -8.547370      -15.59170    
  -15.08482      -22.52240      -17.51813      -18.97688      -26.97621    
  -19.73036      -20.67919      -29.63014      -19.05701      -22.29916    
  -30.47544      -17.60043      -22.55334      -29.97949      -15.27475    
  -20.98828      -27.35004      -12.23810      -17.93195      -22.27669    
  -11.91558      -17.05083      -8.118546      -13.95424      -4.464242    
  -9.500634      -1.335161      -6.886885       1.412419     -0.9241219    
   5.765050       2.955890       7.820546       5.644550       7.437830    
   3.722584       2.520221     -0.9692539      -3.712540      -4.595984    
 -0.2746378     -0.7153397      -1.467301      -2.720155      -4.943200    
  -7.908770      -11.00552      -15.46410      -22.71759      -24.71619    
  -31.46608      -52.82301      -32.49859      -42.23133      -73.92088    
  -49.12516      -58.74915      -95.98959      -64.95173      -76.44703    
  -115.9097      -80.80883      -94.21655      -132.4584      -96.31028    
  -109.7544      -144.0609      -110.3491      -122.3738      -146.1855    
  -133.3316      -142.8248      -140.3041      -143.8554      -143.4690    
  -141.0654      -143.0254      -139.9869      -144.6306      -133.4377    
  -137.6504      -121.8632      -121.4484      -98.47150      -88.87894    
  -59.64050      -42.23435      -13.96849       9.791965       18.73522    
    3.09375E+02   ! Azimuth index: 111 in degrees
 -1.3111668E-02 -3.7319228E-02 -7.9501159E-02 -0.1342925     -0.2323149    
 -0.4473849     -0.5129655     -0.1145708      0.9746422      -15.04060    
 -0.9534894      0.6448128      -31.27472      -2.488060      -3.373086    
  -43.23962      -2.191343      -2.016025      -53.75680      -2.552352    
  -3.242386      -61.68319      -1.949603      -4.572328      -68.87952    
  -1.195781      -5.146821      -72.70916      -2.041924      -5.620420    
  -54.49540      -5.177121      -53.67569      -5.379610      -50.51186    
  -6.916162      -44.98188      -8.709648      -40.80949      -6.878199    
  -32.14801      -6.894466      -22.04613      -5.305398      -12.42286    
  -3.810583      -5.300119      -2.396627      -1.013541      0.1895512    
 -1.3840494E-02  9.4691142E-03  5.8626782E-02  0.1200439     -6.7917756E-03
 -0.8452398      -2.679054      -4.753064      -8.232088      -15.23368    
  -14.66214      -22.00341      -17.33670      -18.75984      -26.65888    
  -19.62837      -20.58847      -29.42537      -19.06718      -22.82142    
  -30.36281      -17.58669      -22.50657      -29.86600      -15.46603    
  -21.10437      -27.46461      -12.38047      -17.83922      -22.16295    
  -12.03610      -16.96022      -7.854683      -13.33412      -4.238354    
  -9.180364      -1.151469      -6.034211       1.812721      -1.031901    
   5.766272       2.986724       7.802778       5.405139       7.347046    
   3.716703       2.543787     -0.9235193      -3.679262      -4.575253    
 -0.2679726     -0.7009882      -1.441690      -2.674501      -4.852538    
  -7.832070      -10.86262      -15.43789      -22.38136      -24.34963    
  -31.02776      -52.17823      -32.14034      -41.87670      -73.14754    
  -48.73254      -58.36160      -95.16426      -64.42738      -75.75738    
  -115.1715      -80.34467      -93.74648      -131.8311      -95.89024    
  -109.3980      -143.6420      -110.0275      -122.2085      -146.0029    
  -133.2156      -142.7747      -140.2336      -143.8341      -143.5125    
  -141.3401      -143.5403      -139.4687      -144.0273      -133.2083    
  -137.4401      -121.7156      -121.1948      -98.41853      -88.99902    
  -59.88326      -42.50994      -14.32254       9.481289       18.51954    
    3.12188E+02   ! Azimuth index: 112 in degrees
 -1.1987393E-02 -3.5376467E-02 -7.6869458E-02 -0.1311966     -0.2276994    
 -0.4404991     -0.5691196     -0.1127977      0.9681313      -14.89009    
 -0.9536265      0.7084312      -30.99580      -2.348936      -3.247097    
  -42.61246      -2.223927      -1.983714      -53.67211      -2.568300    
  -3.239650      -61.81242      -2.078253      -4.574093      -68.79198    
 -0.9880236      -4.852618      -72.44274      -2.143664      -5.893514    
  -54.41928      -5.218042      -53.41502      -5.325994      -50.34880    
  -7.110276      -45.22484      -8.411628      -40.48309      -6.945073    
  -32.02892      -6.986627      -21.80480      -5.276117      -12.24256    
  -3.775275      -5.208512      -2.343595     -0.9862982      0.2152789    
 -1.7748574E-02 -2.6893269E-04  3.8204145E-02  7.7867381E-02 -7.4491449E-02
 -0.9498655      -2.874331      -4.699460      -8.126164      -15.06949    
  -14.55186      -21.69578      -17.06922      -18.39106      -26.25051    
  -18.67511      -20.64468      -29.28225      -19.06232      -22.83049    
  -30.30963      -17.89496      -22.72116      -29.86942      -15.24703    
  -20.80982      -27.02410      -11.82385      -18.04505      -22.54394    
  -12.09911      -16.99487      -7.816389      -13.24509      -4.328873    
  -9.433083      -1.600549      -5.729851       1.980887      -1.161339    
   5.635626       2.781981       7.741194       5.298859       7.329664    
   3.632888       2.454347      -1.029320      -3.728481      -4.598598    
 -0.2456952     -0.6626198      -1.388643      -2.610557      -4.751825    
  -7.704056      -10.88692      -15.28100      -22.14808      -24.12090    
  -30.75767      -51.87820      -31.95710      -41.66194      -72.65578    
  -48.67490      -58.33430      -94.95906      -64.30247      -75.66620    
  -114.9569      -80.22289      -93.72124      -131.8227      -95.98958    
  -109.5829      -143.7932      -110.2534      -122.5839      -145.6355    
  -132.8811      -142.2558      -139.5832      -143.0061      -142.8307    
  -140.8988      -143.1414      -138.4450      -143.4258      -132.4031    
  -136.6451      -120.7735      -120.0656      -97.41364      -88.20858    
  -59.12309      -41.70370      -13.45051       9.925018       18.77308    
    3.15000E+02   ! Azimuth index: 113 in degrees
 -1.0530600E-02 -3.3613451E-02 -7.3708922E-02 -0.1273194     -0.2232251    
 -0.4366565     -0.5587273     -0.1072570      0.9641638      -14.87484    
 -0.9547677      0.7054431      -31.01524      -2.284549      -3.183900    
  -42.50903      -2.204122      -1.372935      -53.12646      -1.762610    
  -2.944263      -61.96162      -2.174896      -4.684786      -68.94905    
  -1.112394      -4.994761      -72.58009      -2.318927      -5.907214    
  -54.42149      -5.257882      -53.36809      -5.351388      -50.52430    
  -7.228421      -44.94896      -8.092271      -40.65643      -7.833648    
  -32.04182      -7.050752      -21.60995      -5.311093      -12.21204    
  -3.759233      -5.221277      -2.322469     -0.9737975      0.2282528    
 -1.7037384E-02  2.3258848E-03  4.7426082E-02  0.1028528     -1.4434723E-02
  -1.054360      -2.830728      -4.663644      -8.129897      -15.07211    
  -14.53518      -21.74968      -17.18247      -18.23007      -26.09116    
  -18.57852      -20.58764      -28.34105      -17.30587      -21.60547    
  -29.94799      -18.09548      -22.89863      -30.07978      -15.42958    
  -21.01956      -27.26458      -12.00278      -18.30764      -22.57144    
  -12.14408      -17.05071      -7.866762      -13.27618      -4.770618    
  -9.597964      -1.395648      -5.419916       1.602133      -2.212727    
   5.501002       2.654080       7.839022       5.247973       7.333909    
   3.650673       2.435577      -1.051714      -3.741169      -4.608017    
 -0.2229255     -0.6347701      -1.337133      -2.533559      -4.654079    
  -7.625987      -10.81147      -15.23398      -22.12634      -24.06832    
  -30.70666      -52.01100      -31.88325      -41.58353      -72.55660    
  -48.60700      -58.26751      -95.84281      -65.17839      -76.73958    
  -115.8391      -80.25336      -93.77029      -131.9359      -96.04606    
  -109.6167      -143.8529      -110.2751      -122.5665      -145.5970    
  -132.8111      -142.1007      -139.3560      -142.6300      -142.3372    
  -140.7907      -142.9000      -137.3137      -143.0047      -132.1979    
  -136.3604      -120.4397      -119.7347      -97.42127      -88.17494    
  -59.20087      -41.70043      -13.22205       10.10381       18.90168    
    3.17812E+02   ! Azimuth index: 114 in degrees
 -1.2669804E-02 -3.5669327E-02 -7.6275840E-02 -0.1307640     -0.2280888    
 -0.4440471     -0.5785475     -0.1079765      0.9193506      -15.04631    
 -0.9977541      0.6796446      -31.18267      -2.251739      -3.128754    
  -42.40287      -1.604130      -1.283821      -52.78006      -1.667883    
  -2.837878      -61.56124      -2.080489      -4.593785      -68.52119    
  -1.133893      -5.024046      -72.30171      -2.420144      -6.101892    
  -54.27255      -5.272688      -53.37144      -5.328934      -50.52347    
  -6.893727      -45.10666      -8.445629      -41.65722      -7.930865    
  -31.81360      -7.033476      -21.60829      -5.323766      -12.35050    
  -3.816045      -5.296676      -2.357952     -0.9872470      0.2289341    
 -2.7900284E-02  2.3189073E-03  4.9003240E-02  0.1041322     -1.8156614E-02
  -1.086773      -2.907083      -4.710058      -8.469618      -15.28553    
  -14.68466      -21.94415      -17.27520      -18.18304      -25.98057    
  -17.45472      -19.62310      -28.05952      -16.93880      -21.36353    
  -29.59626      -17.79624      -22.66647      -29.78905      -15.24475    
  -20.97554      -27.21423      -12.01726      -18.40925      -22.88370    
  -12.08221      -17.07228      -7.908480      -13.26028      -4.770356    
  -9.204499      -1.486128      -5.871563      0.1005825      -2.384080    
   5.570023       2.660320       7.851454       5.278854       7.311647    
   3.654682       2.491819     -0.9846749      -3.722014      -4.598735    
 -0.2388984     -0.6688436      -1.378867      -2.596310      -4.748101    
  -7.741418      -10.95822      -15.40333      -22.40212      -24.27433    
  -30.83746      -52.25507      -32.04744      -41.68562      -72.59429    
  -49.50148      -59.13643      -95.48840      -64.99945      -76.46849    
  -115.1292      -79.92847      -93.40622      -131.1335      -95.55106    
  -109.1368      -143.1014      -109.7833      -122.1228      -145.7259    
  -132.5300      -141.9530      -139.2984      -142.6033      -142.3680    
  -140.7145      -143.2189      -137.5790      -142.1318      -131.3175    
  -135.7988      -120.4352      -119.8286      -97.89030      -88.71485    
  -59.68238      -42.34844      -13.79031       9.948023       18.88294    
    3.20625E+02   ! Azimuth index: 115 in degrees
 -1.2648363E-02 -3.4688011E-02 -7.5030275E-02 -0.1298239     -0.2278216    
 -0.4435059     -0.5714337     -0.1346637      0.8780265      -15.06043    
  -1.019823      0.6592239      -31.42292      -2.462554      -3.298131    
  -42.55619      -1.702979      -1.399024      -52.81628      -1.771994    
  -2.936391      -61.10255      -2.116222      -4.637843      -68.41607    
  -1.228570      -5.026607      -72.13934      -2.462002      -6.184760    
  -54.13374      -5.188106      -53.21091      -5.256825      -50.36954    
  -7.516745      -44.54621      -7.354458      -39.26419      -7.458502    
  -31.83154      -6.814924      -21.52413      -5.150423      -12.20069    
  -3.688010      -5.175840      -2.297337     -0.9178218      0.2885608    
 -2.9387353E-02  2.2012033E-03  4.9368594E-02  0.1066216     -1.3152714E-02
  -1.063930      -2.878631      -4.818117      -8.659432      -15.30325    
  -14.70988      -21.97442      -17.76311      -18.79788      -26.47403    
  -17.77947      -19.78936      -28.22751      -17.10487      -21.51583    
  -29.71185      -16.60546      -22.67087      -29.80930      -15.32650    
  -21.08754      -27.18079      -11.99852      -18.43847      -22.98372    
  -11.94822      -16.95910      -7.750567      -13.17589      -4.663019    
  -9.979815      -1.188812      -4.640604       2.244608      -1.965108    
   5.099449       2.801050       7.696696       5.332971       7.216168    
   3.631096       2.380479      -1.125438      -3.830723      -4.632610    
 -0.2379055     -0.6512106      -1.355461      -2.573430      -4.734677    
  -7.724890      -10.93851      -15.46728      -22.43462      -24.28477    
  -30.78129      -52.19401      -31.97512      -42.30426      -73.31028    
  -49.42572      -59.04178      -95.32683      -64.88974      -76.31863    
  -114.8504      -80.43000      -93.11334      -130.7854      -95.28977    
  -108.8829      -142.7785      -109.5292      -121.8245      -145.4130    
  -132.4281      -141.8847      -139.2051      -142.5211      -142.1911    
  -140.2517      -142.2613      -135.6935      -140.2742      -129.5597    
  -134.3708      -119.5906      -118.9862      -96.95860      -87.71864    
  -58.69804      -41.28072      -12.67023       10.97976       19.35829    
    3.23438E+02   ! Azimuth index: 116 in degrees
 -1.2388782E-02 -3.3716686E-02 -7.3676527E-02 -0.1285188     -0.2270674    
 -0.4399864     -0.5620911     -0.1324076      0.8725197      -15.03757    
  -1.036493      0.6457486      -31.31927      -2.179442      -3.276138    
  -42.52700      -1.692120      -1.436445      -52.82876      -1.766209    
  -2.980856      -61.15672      -1.853837      -4.672419      -68.58315    
  -1.254094      -5.074187      -72.27762      -2.469303      -6.200955    
  -55.02048      -5.088273      -53.25634      -4.858140      -49.78444    
  -6.689601      -43.82041      -7.273483      -39.65671      -8.003383    
  -32.08581      -6.718843      -21.45850      -5.118577      -12.19963    
  -3.702042      -5.130217      -2.271809     -0.9050246      0.2929104    
 -2.9124405E-02  7.8847352E-04  4.7718775E-02  0.1060496     -0.1352441    
  -1.036803      -2.835679      -4.780105      -8.670201      -15.31157    
  -14.71702      -21.96396      -17.11065      -18.21309      -26.42844    
  -17.81941      -19.73652      -28.30096      -17.20856      -21.47383    
  -29.78877      -16.76588      -22.37505      -29.92258      -15.41403    
  -21.16503      -27.31722      -12.01184      -18.47521      -23.04360    
  -12.84285      -16.85721      -7.649438      -12.68742      -3.820588    
  -8.978867     -0.4883472      -4.590561       1.398137      -2.565963    
   4.992372       2.924675       7.918789       5.404959       7.312634    
   3.633692       2.381160      -1.162571      -3.869523      -4.642123    
 -0.2335411     -0.6328772      -1.329889      -2.544388      -4.706870    
  -7.648887      -10.85310      -15.37623      -22.44223      -24.19346    
  -30.70976      -52.10959      -32.40499      -42.28478      -73.26236    
  -49.34192      -58.92686      -95.27998      -64.80654      -76.18615    
  -114.8105      -80.34905      -93.93749      -131.0943      -95.46736    
  -109.0793      -143.1875      -109.7523      -122.0277      -145.7498    
  -133.1060      -142.2948      -139.5906      -143.1241      -142.5108    
  -140.2636      -141.8197      -134.7278      -139.2094      -130.3874    
  -135.0044      -119.9821      -119.6239      -97.30182      -88.16341    
  -58.83598      -41.09293      -12.32281       11.29334       19.44253    
    3.26250E+02   ! Azimuth index: 117 in degrees
 -1.3784400E-02 -3.7010856E-02 -7.6661929E-02 -0.1326636     -0.2332599    
 -0.4474023     -0.5811294     -0.1262968      0.8602261      -15.22607    
  -1.060905      0.6185156      -31.49810      -2.333920      -3.236641    
  -42.60699      -1.731641      -1.617162      -53.24237      -1.605130    
  -2.884614      -61.18932      -1.792407      -4.431767      -68.51639    
  -1.179578      -5.025351      -72.25613      -2.521263      -6.263597    
  -54.32672      -5.027596      -53.88014      -5.015673      -50.13868    
  -6.864221      -44.60653      -7.713262      -39.79243      -7.387990    
  -32.31971      -7.123565      -21.62102      -5.197114      -12.32806    
  -3.705517      -5.177143      -2.310066     -0.9408076      0.2648979    
 -2.9993197E-02 -2.7232323E-02  5.2260824E-02  0.1103047     -0.1631783    
  -1.077053      -2.909112      -4.778671      -8.807859      -15.62468    
  -14.82440      -22.30354      -17.26771      -18.56009      -26.44724    
  -17.80773      -19.84351      -28.82399      -17.60028      -21.21130    
  -29.66301      -16.73756      -22.26604      -29.61218      -15.31053    
  -21.03798      -27.22626      -12.04531      -18.55284      -23.14632    
  -11.78103      -16.84160      -8.230057      -12.92871      -3.994715    
  -9.205579      -1.091317      -5.047287       2.128832      -1.767489    
   5.314845       2.619437       8.100999       5.461882       7.475337    
   3.783304       2.516466      -1.075344      -3.790762      -4.618457    
 -0.2555346     -0.6646178      -1.378715      -2.618791      -4.831708    
  -7.771549      -10.97016      -15.47476      -22.60827      -24.29703    
  -30.84723      -52.72717      -32.53038      -42.35881      -73.54443    
  -49.47614      -59.05423      -95.80119      -65.05666      -76.30702    
  -115.0119      -80.43091      -93.91494      -131.7528      -95.47350    
  -109.0126      -143.0560      -109.6782      -122.0178      -145.8155    
  -133.3857      -143.1191      -140.1299      -143.7343      -143.1798    
  -141.1884      -142.7560      -136.6473      -141.8134      -132.1913    
  -136.9357      -121.4283      -120.9822      -98.60782      -89.44488    
  -59.94128      -41.99090      -13.03020       10.64799       19.20857    
    3.29062E+02   ! Azimuth index: 118 in degrees
 -1.6364567E-02 -4.1233972E-02 -8.2395181E-02 -0.1392997     -0.2411809    
 -0.4583932     -0.5700670     -9.9955484E-02  0.8694200      -15.29607    
  -1.071558      0.5996302      -31.54512      -2.402030      -3.132345    
  -42.67793      -2.047916      -1.982565      -53.39216      -2.050553    
  -3.396138      -61.51570      -2.277419      -4.933436      -68.94888    
  -1.027527      -4.867069      -72.08719      -2.124613      -5.836918    
  -54.55334      -5.274093      -54.02038      -5.108031      -50.49960    
  -6.975338      -45.11098      -7.949098      -40.65508      -7.431382    
  -32.11856      -7.073410      -21.79961      -5.081541      -12.31934    
  -3.758508      -5.231010      -2.294271     -0.9290662      0.2985526    
 -2.7469061E-02 -2.0852089E-02  6.4594641E-02  0.1277848     -0.1321729    
  -1.090581      -2.875981      -4.705182      -8.844058      -15.61384    
  -14.95087      -22.34720      -17.34265      -18.68271      -26.17128    
  -18.81892      -20.22386      -29.22206      -18.72523      -21.83181    
  -30.41222      -17.91073      -22.96117      -30.33649      -16.01194    
  -20.77855      -26.94684      -11.90718      -17.96859      -22.54054    
  -12.06929      -17.19905      -8.303135      -13.08482      -4.137717    
  -9.359256      -1.165095      -5.316455       1.157096      -1.880989    
   5.420971       2.664077       7.856692       5.562459       7.411473    
   3.703368       2.444463      -1.090953      -3.828127      -4.666074    
 -0.3006875     -0.7380873      -1.474795      -2.739054      -4.985168    
  -7.958084      -11.09967      -15.58367      -22.74703      -24.53329    
  -31.13875      -52.74644      -32.53178      -42.29160      -73.51041    
  -48.62787      -58.11750      -94.67368      -64.18953      -75.45866    
  -114.1368      -79.73737      -93.18885      -130.9423      -95.40289    
  -108.9097      -142.8340      -109.5669      -121.9832      -145.9368    
  -133.4363      -143.3083      -140.3885      -144.3210      -143.9530    
  -142.3884      -144.2507      -138.0791      -142.0416      -131.7127    
  -136.6415      -121.5345      -120.8180      -98.52408      -89.17950    
  -59.79953      -41.90083      -12.88017       10.93270       19.61944    
    3.31875E+02   ! Azimuth index: 119 in degrees
 -1.7693026E-02 -4.3348126E-02 -8.7000795E-02 -0.1426780     -0.2447151    
 -0.4635288     -0.5637694     -0.1049051      0.8668813      -15.40541    
  -1.037927      0.6485267      -31.48734      -2.355485      -3.063512    
  -42.67226      -1.888579      -1.748868      -52.96405      -2.124345    
  -3.299572      -61.34134      -2.272578      -4.929062      -68.75695    
 -0.7726619      -5.048797      -71.99057      -2.042424      -5.742939    
  -54.42588      -5.385678      -53.87717      -5.186452      -50.63021    
  -7.020651      -45.35096      -7.920442      -39.59291      -6.903970    
  -31.76832      -6.876287      -21.75879      -4.987073      -12.24108    
  -3.706868      -5.112324      -2.262992     -0.8842872      0.3591098    
 -2.9811049E-02 -2.6264140E-02 -5.0524971E-03  9.0951994E-02 -0.1421437    
  -1.151180      -2.851028      -4.731055      -8.884547      -15.73831    
  -14.90873      -22.25560      -17.25305      -18.53779      -25.94758    
  -18.20536      -19.83746      -28.62525      -18.32225      -21.90971    
  -30.14777      -17.89106      -22.89570      -30.26308      -15.99901    
  -20.41251      -27.20301      -11.91631      -17.80616      -22.34893    
  -12.09869      -17.33161      -8.062695      -13.19870      -4.266215    
  -9.425769      -1.347422      -5.263588       2.452531      -1.296026    
   5.648959       2.848193       7.850302       5.594646       7.352262    
   3.632766       2.393690      -1.178046      -3.908828      -4.724049    
 -0.3214758     -0.7713400      -1.524680      -2.793634      -5.050781    
  -8.045774      -11.12898      -15.62619      -22.81297      -24.67366    
  -31.24664      -52.78732      -32.52731      -42.14661      -73.22668    
  -49.21458      -57.83515      -94.24635      -63.92775      -75.23229    
  -113.7295      -79.47862      -92.91438      -130.5582      -95.10027    
  -109.1055      -142.5556      -109.3894      -121.6454      -145.3419    
  -133.0063      -142.9498      -140.5231      -144.3591      -144.0580    
  -142.4731      -144.5541      -138.4700      -142.2503      -131.5233    
  -136.1641      -121.3664      -120.6895      -98.02079      -88.61737    
  -59.00987      -41.14427      -12.21173       11.67328       20.21142    
    3.34688E+02   ! Azimuth index: 120 in degrees
 -1.6062548E-02 -4.0572796E-02 -8.3086886E-02 -0.1384834     -0.2387564    
 -0.4540366     -0.5505574     -0.1010786      0.8510333      -15.34118    
  -1.100835      0.6689710      -31.30020      -2.287962      -3.070010    
  -42.69345      -1.972488      -1.733577      -52.90249      -2.126220    
  -3.330998      -61.24892      -2.299967      -4.621561      -68.55086    
  -1.027207      -4.791229      -72.33568      -2.265711      -5.814461    
  -54.62541      -5.379504      -54.04364      -5.377421      -50.77497    
  -7.047504      -45.32325      -7.825679      -39.86455      -6.958269    
  -31.86268      -6.770552      -21.69677      -5.024529      -12.17059    
  -3.709546      -5.134757      -2.249709     -0.8703502      0.3797570    
 -3.2149930E-02 -3.2908268E-02 -1.9030469E-02 -2.1348126E-02 -0.1339188    
  -1.058130      -2.791098      -4.674472      -8.858226      -15.62559    
  -15.03285      -22.05403      -16.96566      -18.38594      -25.84718    
  -18.46073      -20.22747      -28.55885      -18.33819      -21.88240    
  -30.18285      -17.86027      -22.91830      -29.81975      -15.33365    
  -20.84192      -26.89951      -12.18681      -18.18555      -22.50173    
  -12.20416      -17.34387      -8.141932      -13.45737      -4.289866    
  -9.468242      -1.155521      -5.144126       2.506826      -1.280326    
   5.806160       2.997634       8.064404       5.570376       7.357062    
   3.587817       2.296457      -1.220262      -3.946079      -4.749272    
 -0.2911151     -0.7197916      -1.451506      -2.706825      -4.921987    
  -7.859542      -10.98312      -15.48640      -22.65226      -24.64275    
  -31.18515      -52.55264      -32.50595      -42.12258      -72.93317    
  -48.99796      -58.64960      -94.13277      -63.81607      -75.11092    
  -113.6277      -79.35988      -92.79834      -131.0056      -95.50689    
  -109.2230      -143.3262      -109.6566      -122.0316      -145.8202    
  -133.3676      -143.2160      -140.8409      -144.5084      -144.4559    
  -142.8571      -144.9944      -138.8250      -143.2879      -133.0328    
  -137.0592      -121.8000      -121.2817      -98.18851      -88.36685    
  -58.72092      -40.77631      -11.87959       11.98289       20.43562    
    3.37500E+02   ! Azimuth index: 121 in degrees
 -1.3222380E-02 -3.5673715E-02 -7.6049648E-02 -0.1301567     -0.2296498    
 -0.4383664     -0.5296794     -0.1019869      0.8451733      -15.18053    
  -1.113639      0.7550341      -30.86538      -2.217455      -3.119120    
  -42.62991      -2.154380      -1.888964      -52.46974      -2.054684    
  -3.279637      -60.80967      -2.313251      -4.802420      -68.58173    
  -1.210492      -5.048649      -72.49817      -2.502297      -6.058536    
  -54.89328      -5.436986      -54.23598      -5.332583      -51.01323    
  -6.942930      -45.62154      -8.466152      -41.60442      -7.424424    
  -32.02166      -6.708128      -21.65411      -4.956670      -12.05256    
  -3.741593      -5.005776      -2.235971     -0.8770999      0.3668973    
 -3.2039344E-02 -3.3371795E-02 -2.0639012E-02 -2.0651145E-02 -0.2817782    
 -0.9499679      -2.697062      -4.603065      -8.689353      -15.48945    
  -14.93067      -21.53371      -16.57861      -18.12913      -25.68671    
  -19.00614      -20.46420      -28.79275      -18.06855      -21.65010    
  -29.91556      -17.65569      -22.96045      -30.07170      -15.51293    
  -21.11937      -27.31150      -12.05171      -18.56820      -22.91214    
  -12.34800      -17.45135      -8.183597      -13.42705      -4.390092    
  -9.334075      -1.313522      -5.895063       1.050413      -1.749196    
   6.038661       3.138005       8.221824       5.660900       7.456118    
   3.502641       2.375999      -1.213388      -3.952895      -4.746083    
 -0.2427809     -0.6355332      -1.330283      -2.543780      -4.735183    
  -7.568271      -10.72337      -15.21781      -22.30483      -24.33963    
  -30.85328      -52.00910      -32.19437      -41.79798      -72.08906    
  -48.36460      -58.25220      -94.23476      -63.41141      -74.69033    
  -112.8465      -78.86942      -92.91238      -130.7339      -95.35247    
  -109.1560      -143.3917      -110.0928      -122.3216      -146.3941    
  -133.8328      -143.6860      -141.3036      -145.1330      -144.9265    
  -143.7354      -145.5756      -139.9733      -144.9995      -134.3498    
  -138.4174      -122.6906      -121.7365      -98.38504      -88.27762    
  -58.34792      -40.57617      -11.86230       11.98600       20.37294    
    3.40312E+02   ! Azimuth index: 122 in degrees
 -1.1620325E-02 -3.2890823E-02 -7.1879268E-02 -0.1246909     -0.2211918    
 -0.4324163     -0.5265059     -0.1166678      0.8106191      -15.14348    
  -1.173751      0.7000501      -30.98338      -2.269437      -3.169503    
  -42.64816      -2.177238      -1.895795      -53.12294      -1.914075    
  -3.147653      -60.92725      -2.239656      -4.877821      -68.32516    
  -1.274642      -5.146184      -72.34579      -2.491760      -5.979333    
  -54.70323      -5.444691      -54.13393      -5.294760      -50.84574    
  -6.999195      -45.54721      -8.634457      -40.99660      -7.354571    
  -32.54599      -6.777265      -21.66300      -5.024091      -12.14268    
  -3.803849      -5.068987      -2.268095     -0.9071873      0.3361233    
 -3.2674134E-02 -3.5736024E-02 -2.5996745E-02 -2.9177740E-02 -0.2528927    
  -1.160107      -2.672132      -4.616316      -8.787413      -15.50502    
  -15.01844      -21.62823      -16.77142      -18.23014      -25.79096    
  -18.98627      -20.48164      -28.73530      -18.48640      -21.33357    
  -29.55930      -17.69670      -22.78197      -30.11086      -15.37482    
  -21.16687      -27.40080      -12.05925      -18.55596      -22.75100    
  -12.23266      -17.43841      -8.140728      -13.37035      -4.261968    
  -9.411030      -1.242135      -6.088820       1.464813      -1.654617    
   5.590806       3.097504       8.296307       5.625705       7.393071    
   3.573799       2.497909      -1.127379      -3.896837      -4.720127    
 -0.2167379     -0.5888454      -1.259435      -2.440054      -4.556044    
  -7.471014      -10.57556      -15.07903      -22.21888      -24.18678    
  -30.72885      -51.91647      -32.19226      -41.78910      -72.09561    
  -48.40479      -58.18592      -94.00146      -64.00559      -74.44289    
  -112.3140      -79.01270      -92.67354      -130.2690      -95.07716    
  -108.8698      -142.9634      -109.8125      -122.4283      -145.9830    
  -133.5147      -143.4200      -141.0878      -144.9737      -144.7292    
  -143.2083      -145.5372      -139.9834      -144.0739      -134.3758    
  -138.8314      -123.1308      -122.0695      -98.74190      -88.41969    
  -59.30458      -41.45298      -12.52415       11.49500       20.10319    
    3.43125E+02   ! Azimuth index: 123 in degrees
 -1.1066319E-02 -3.1962574E-02 -7.0478566E-02 -0.1227824     -0.2178841    
 -0.4299188     -0.5985349     -8.6144559E-02  0.8297642      -15.07767    
  -1.039946      0.6868347      -31.16975      -2.293575      -3.418261    
  -42.70699      -2.051133      -1.828274      -53.16759      -2.338315    
  -3.629299      -60.82101      -2.234875      -4.894863      -68.12727    
  -1.357435      -5.226827      -72.19025      -2.600516      -6.271615    
  -54.38908      -5.307503      -53.64198      -5.023540      -50.14571    
  -6.699394      -44.18470      -7.675988      -39.95997      -7.289468    
  -32.27707      -6.687781      -21.31170      -4.993800      -12.13504    
  -3.699074      -5.249860      -2.307396     -0.9119518      0.3370006    
 -3.2598276E-02 -3.5870798E-02 -2.6843762E-02 -3.1053498E-02 -0.2327762    
  -1.156916      -2.937127      -4.480790      -8.684857      -15.40224    
  -14.70134      -21.69721      -17.19619      -18.30757      -26.38717    
  -18.82775      -20.27160      -28.67580      -18.48503      -22.35548    
  -30.44757      -17.83228      -22.67874      -30.04060      -15.47261    
  -21.20667      -27.43812      -12.24366      -18.64092      -23.13812    
  -12.03225      -17.19091      -7.861703      -12.96022      -3.980791    
  -9.035346     -0.6496644      -5.011604       2.252062      -1.666112    
   5.518598       3.104390       8.403933       5.548438       7.228369    
   3.596638       2.361502      -1.138115      -3.879483      -4.715465    
 -0.2088222     -0.5741926      -1.236125      -2.403522      -4.483098    
  -7.424713      -10.67039      -15.01539      -22.17852      -24.14196    
  -30.73358      -51.97635      -32.08565      -41.86641      -72.38037    
  -48.64809      -58.32452      -94.21861      -64.07211      -75.50355    
  -112.4645      -78.69979      -92.21372      -129.6914      -94.64059    
  -108.3584      -142.3087      -109.3179      -121.8217      -145.5745    
  -133.0178      -142.6531      -140.2746      -143.6589      -143.2924    
  -141.2244      -142.7053      -137.6246      -142.9025      -132.9601    
  -137.6319      -122.1356      -121.0812      -97.84393      -87.70687    
  -58.77467      -41.63565      -12.66178       11.36653       20.09283    
    3.45938E+02   ! Azimuth index: 124 in degrees
 -9.5802424E-03 -2.9648699E-02 -6.7465797E-02 -0.1196929     -0.2149930    
 -0.4253688     -0.5871924     -0.1651727      0.8297224      -14.89670    
 -0.9797211      0.6340889      -30.98071      -2.409398      -3.395351    
  -42.55773      -2.145713      -1.934930      -53.11710      -1.551606    
  -2.634080      -60.75974      -2.288434      -4.833897      -68.05377    
  -1.449232      -5.286313      -72.14005      -2.668202      -6.348024    
  -55.00561      -5.138684      -54.08744      -5.039665      -50.42646    
  -6.897884      -44.86412      -8.332664      -40.74594      -6.542750    
  -31.91580      -6.610941      -21.43550      -4.933939      -12.12532    
  -3.686815      -5.135146      -2.263532     -0.8502611      0.3868432    
 -3.1846020E-02 -3.4798045E-02 -2.5135746E-02 -2.6191911E-02 -0.2302852    
  -1.139717      -2.886349      -4.793566      -8.498852      -15.13445    
  -14.47929      -21.64569      -17.12504      -18.46149      -26.26287    
  -18.77551      -20.38323      -28.78345      -18.71222      -21.13142    
  -29.01724      -17.84459      -22.73671      -29.88555      -15.53491    
  -21.32970      -27.50045      -12.27356      -18.71477      -23.22518    
  -12.81281      -16.95691      -8.271323      -12.99856      -4.062255    
  -9.287488      -1.246518      -5.775724       1.894424     -0.8041537    
   6.071180       3.249195       8.330686       5.603727       7.282291    
   3.497261       2.251021      -1.230911      -3.913036      -4.749777    
 -0.1834600     -0.5341686      -1.183768      -2.340991      -4.420965    
  -7.340577      -10.55196      -15.06156      -21.86159      -23.98081    
  -30.54390      -51.59861      -31.85964      -41.58489      -72.08136    
  -48.46385      -58.07678      -93.87119      -63.76624      -76.61176    
  -114.4734      -78.58597      -92.07378      -129.4302      -94.44585    
  -108.2318      -142.1299      -109.1847      -121.6767      -145.4190    
  -133.1205      -142.7135      -140.6150      -144.2208      -143.9439    
  -141.9132      -143.3291      -139.0938      -144.6311      -133.6570    
  -138.1776      -122.8082      -121.2934      -97.73199      -87.87504    
  -57.96668      -40.56158      -11.88821       11.93032       20.48479    
    3.48750E+02   ! Azimuth index: 125 in degrees
 -6.6743521E-03 -2.6977556E-02 -6.4929031E-02 -0.1179464     -0.2145467    
 -0.4258708     -0.5968025     -0.1779833      0.8257047      -14.78553    
 -0.9836881      0.6314990      -31.05298      -2.690007      -3.500908    
  -42.59365      -2.130227      -1.931820      -53.13986      -1.538691    
  -2.516277      -60.21432      -1.246171      -4.727508      -68.06775    
  -1.432156      -5.252594      -72.14938      -2.763577      -6.496027    
  -54.71578      -5.334748      -54.04490      -5.206007      -51.10728    
  -7.379621      -46.76559      -8.899689      -40.67461      -6.530829    
  -32.07407      -6.435599      -21.27284      -4.833845      -12.09189    
  -3.673719      -5.014836      -2.191382     -0.7922940      0.4731967    
 -3.0876867E-02 -3.4564544E-02 -2.4844768E-02 -2.4623705E-02 -0.2356322    
  -1.153117      -2.920661      -4.847896      -8.531155      -14.92592    
  -14.49884      -21.70566      -17.24610      -19.03925      -26.52588    
  -18.69990      -20.38345      -28.82133      -18.70718      -21.13093    
  -28.83358      -15.15215      -21.31155      -29.68030      -15.57755    
  -21.29186      -27.43500      -12.27809      -18.86564      -23.46280    
  -12.26687      -17.26845      -7.822449      -13.27491      -4.132476    
  -9.888242      -2.235310      -6.342055       2.473573     -0.6793668    
   6.429245       3.582152       8.796127       5.799617       7.418499    
   3.519979       2.187216      -1.369666      -4.053552      -4.799724    
 -0.1344969     -0.4882041      -1.139517      -2.304779      -4.409173    
  -7.345373      -10.57283      -15.08790      -21.88977      -23.94975    
  -30.56967      -51.69686      -31.85953      -41.49547      -72.21101    
  -48.59119      -58.20478      -93.99911      -63.80265      -76.74330    
  -114.6513      -80.49078      -94.04243      -129.3301      -94.42055    
  -108.2033      -142.1080      -109.1879      -121.8206      -145.7448    
  -133.4339      -143.5054      -141.5060      -145.8922      -145.8238    
  -144.4690      -146.7917      -142.0868      -146.0165      -135.5922    
  -139.9154      -124.2673      -122.3858      -98.46464      -88.28824    
  -57.99977      -39.69241      -10.70282       13.07588       21.15472    
    3.51562E+02   ! Azimuth index: 126 in degrees
 -3.1593514E-03 -2.1654731E-02 -5.8729146E-02 -0.1139918     -0.2127313    
 -0.4258408     -0.5999417     -0.1864703      0.8133231      -14.87691    
 -0.9613682      0.6698607      -31.07366      -2.629363      -3.404085    
  -42.66238      -2.179277      -1.949364      -52.47295      -1.407196    
  -2.473312      -60.07312      -1.186217      -3.760092      -67.23733    
  -1.259650      -5.085420      -71.66666      -2.575697      -6.094796    
  -54.49369      -5.386263      -53.89883      -5.010130      -50.69017    
  -7.242170      -46.53071      -8.868129      -41.15010      -6.879243    
  -32.36052      -6.317654      -21.54308      -4.907204      -12.07420    
  -3.673273      -5.011087      -2.166770     -0.7673252      0.5072900    
 -3.1013200E-02 -3.2590088E-02 -1.8752428E-02 -1.6939396E-02 -0.2293782    
  -1.146080      -2.932924      -4.896639      -8.637330      -15.08688    
  -14.44032      -21.68349      -17.23489      -18.90604      -26.35029    
  -18.88708      -20.44570      -28.89587      -15.99519      -20.86473    
  -28.70605      -15.03958      -21.16575      -28.24406      -13.17044    
  -20.94876      -27.06587      -11.99332      -18.49586      -22.77871    
  -12.20744      -17.29166      -7.736383      -12.99002      -3.756205    
  -9.708221      -2.098662      -6.202405       2.523174     -0.9464823    
   6.581370       3.826351       8.784320       5.826181       7.484740    
   3.547813       2.189388      -1.412495      -4.117400      -4.851110    
 -7.6223478E-02 -0.3986058      -1.035059      -2.227462      -4.371038    
  -7.340996      -10.59775      -15.14770      -21.98857      -23.98672    
  -30.56866      -51.82576      -31.90122      -41.49389      -72.28252    
  -48.51498      -58.10118      -94.14062      -65.39463      -76.65665    
  -114.4639      -80.37589      -93.87541      -130.8755      -95.67467    
  -107.8644      -141.4316      -108.6920      -121.1635      -144.9091    
  -132.8844      -143.0440      -141.2288      -145.5622      -145.4531    
  -143.9198      -146.3312      -143.2461      -147.6424      -137.3967    
  -141.3773      -125.4624      -123.3933      -99.27280      -88.47329    
  -58.17451      -39.67201      -10.31984       13.58425       21.55813    
    3.54375E+02   ! Azimuth index: 127 in degrees
  4.4623480E-04 -1.4271364E-02 -4.8466094E-02 -0.1031647     -0.2039151    
 -0.4150792     -0.5950220     -0.1899302      0.8649552      -14.69995    
 -0.9316646      0.7315136      -30.73136      -2.424401      -3.251178    
  -42.28320      -2.211358      -1.983665      -52.28963      -1.403700    
  -2.596036      -59.97056      -1.295023      -3.839683      -67.14985    
 -0.4119771      -4.231071      -71.39795      -2.646905      -6.348603    
  -54.79975      -5.854718      -53.94585      -4.689692      -50.04727    
  -7.327488      -46.11506      -8.999937      -41.51957      -6.623883    
  -32.60526      -6.581990      -21.78551      -4.818410      -12.15337    
  -3.660830      -5.007434      -2.178075     -0.7753037      0.5020031    
 -3.2711074E-02 -3.5304409E-02 -2.2885798E-02 -1.3389349E-02 -0.2392870    
  -1.140232      -2.902447      -4.841107      -8.231115      -14.91977    
  -14.27389      -21.20627      -16.94289      -18.41314      -25.75999    
  -18.76088      -20.40899      -28.71750      -16.02414      -20.79961    
  -28.80247      -15.09958      -21.31376      -28.31825      -13.13316    
  -19.79424      -25.82149      -11.79460      -18.57854      -23.12432    
  -12.56819      -17.92948      -7.749350      -12.54448      -3.090536    
  -9.786434      -1.548808      -6.338403       2.416072     -0.5754870    
   6.720263       3.643281       8.702703       5.985118       7.481592    
   3.576859       2.223627      -1.385511      -4.094392      -4.846752    
 -1.6018663E-02 -0.2734605     -0.8610788      -2.018602      -4.194295    
  -7.157001      -10.40040      -14.89645      -21.64416      -23.68900    
  -30.31545      -51.22866      -31.64909      -41.30082      -71.50620    
  -48.04778      -57.73758      -93.38342      -65.07618      -76.43759    
  -113.9750      -80.14139      -93.73904      -130.6175      -95.56126    
  -109.2831      -142.6391      -108.4573      -121.0937      -144.8136    
  -132.9606      -143.2638      -141.2779      -145.4527      -145.0642    
  -143.2831      -146.3898      -143.5706      -148.5582      -138.7505    
  -142.6984      -126.4219      -124.0270      -99.75631      -88.77152    
  -58.27291      -39.82396      -10.54217       13.37433       21.48973    
    3.57188E+02   ! Azimuth index: 128 in degrees
 -5.1685697E-03 -2.2741577E-02 -5.8105979E-02 -0.1086046     -0.2079910    
 -0.4183942     -0.5248274     -9.9881202E-02  0.9235299      -14.64440    
 -0.9292051      0.7262097      -30.86991      -2.142196      -3.235043    
  -42.32758      -2.216309      -2.031326      -52.97200      -2.042982    
  -3.050522      -60.69474      -1.892814      -4.510490      -68.09446    
  -1.252917      -5.169945      -72.37259      -2.299655      -6.567053    
  -55.42929      -6.042881      -54.86724      -4.764245      -50.26803    
  -6.845314      -46.83941      -8.693196      -41.36988      -6.650040    
  -32.61765      -6.516428      -21.70512      -5.055038      -12.15771    
  -3.678181      -5.066882      -2.178038     -0.7737402      0.5094482    
 -2.5370859E-02 -1.1200805E-02  3.1174323E-02  5.8143761E-02 -0.1261562    
 -0.9718373      -2.652305      -4.478812      -7.948548      -14.83646    
  -14.27519      -21.22287      -17.10553      -17.86598      -25.70229    
  -18.84750      -20.43594      -28.86004      -18.21379      -21.76431    
  -29.53207      -16.83837      -22.23408      -29.42646      -14.81877    
  -21.12243      -27.35991      -11.91052      -18.16578      -23.56262    
  -12.81075      -18.27820      -8.099678      -12.69694      -2.887764    
  -9.174435      -1.701036      -5.929392       2.925517     -0.5747545    
   6.773358       3.703270       8.770497       5.703674       7.419326    
   3.548487       2.162136      -1.389274      -4.104136      -4.856863    
 -0.1207795     -0.4312196      -1.042000      -2.125862      -4.276876    
  -7.210015      -10.37596      -14.81335      -21.58627      -23.64545    
  -30.33155      -51.25623      -31.71529      -41.48405      -71.49728    
  -48.03531      -57.79669      -93.58531      -64.00813      -75.45547    
  -113.3779      -79.50645      -93.12773      -130.3447      -95.25967    
  -109.1153      -142.9458      -109.9654      -122.0837      -146.2780    
  -134.2399      -144.8839      -143.1381      -147.1827      -146.1824    
  -145.3049      -148.3202      -144.8260      -149.5388      -139.3603    
  -142.9008      -126.2377      -123.9043      -99.37918      -88.49650    
  -58.18054      -39.77354      -10.53021       13.43112       21.54720    
    3.60000E+02   ! Azimuth index: 129 in degrees
 -5.1827105E-03 -2.2888815E-02 -5.8552146E-02 -0.1090958     -0.2080333    
 -0.4220617     -0.5346305     -0.1186915      0.8895142      -14.91033    
  -1.062938      0.4699903      -31.26187      -2.341032      -3.172237    
  -42.63835      -1.996365      -1.712309      -53.37705      -2.048457    
  -3.049892      -61.33525      -1.826003      -4.442288      -68.74222    
 -0.9030727      -4.753480      -72.51956      -2.003418      -5.744723    
  -55.35415      -5.476590      -55.37267      -5.318668      -51.71145    
  -6.508309      -45.89972      -8.632966      -41.34116      -7.295516    
  -32.53356      -7.019081      -21.93592      -5.145019      -12.13165    
  -3.682193      -4.998069      -2.179359     -0.7958891      0.4856619    
 -3.2708351E-02 -3.7698153E-02 -3.0824352E-02 -1.3403554E-02 -0.2239963    
  -1.133620      -2.682831      -4.575464      -8.285691      -15.16104    
  -14.69579      -22.31563      -17.29247      -18.37133      -26.09270    
  -18.20359      -20.14705      -28.80372      -18.45166      -21.81205    
  -29.85828      -17.30203      -22.16800      -29.56188      -15.33572    
  -20.60802      -26.87017      -11.62048      -17.83884      -22.48464    
  -12.10354      -17.53304      -8.506491      -13.43862      -3.721688    
  -8.667403     -0.3317101      -5.837141       2.098881      -1.449216    
   5.799638       2.883922       7.821092       5.409594       7.183001    
   3.465927       2.243667      -1.343679      -4.078737      -4.850531    
 -0.1108035     -0.4189568      -1.028888      -2.125054      -4.257898    
  -7.243750      -10.46777      -14.96768      -21.98784      -23.95634    
  -30.65695      -52.08339      -32.11628      -41.88731      -73.08856    
  -49.11911      -58.40224      -95.28738      -64.39687      -75.68482    
  -114.8656      -80.04116      -93.45086      -131.8737      -95.74001    
  -109.4664      -144.3457      -110.5569      -123.2767      -148.1402    
  -135.5041      -145.7753      -143.6708      -148.6693      -148.3380    
  -147.3640      -148.7559      -143.2289      -146.7921      -135.7560    
  -139.2332      -122.9084      -121.1579      -97.63434      -87.34287    
  -57.62843      -39.88128      -10.86486       13.05971       21.33071    
