 ObserverTime   Thickness    Loading      Total     Observer
  0.0000         -0.0487      1.1400      1.0913        1
 0.20906E-04     -0.0544      1.1992      1.1448        1
 0.41812E-04     -0.0603      1.1988      1.1384        1
 0.62718E-04     -0.0662      1.2010      1.1347        1
 0.83624E-04     -0.0723      1.1772      1.1048        1
 0.10453E-03     -0.0785      1.0429      0.9644        1
 0.12544E-03     -0.0848      0.7730      0.6881        1
 0.14634E-03     -0.0912      0.3541      0.2629        1
 0.16725E-03     -0.0976     -0.1420     -0.2395        1
 0.18815E-03     -0.1041     -0.7511     -0.8552        1
 0.20906E-03     -0.1106     -1.6905     -1.8012        1
 0.22997E-03     -0.1173     -3.1844     -3.3017        1
 0.25087E-03     -0.1239     -4.7806     -4.9045        1
 0.27178E-03     -0.1305     -6.3088     -6.4393        1
 0.29268E-03     -0.1372     -7.4438     -7.5810        1
 0.31359E-03     -0.1437     -8.0306     -8.1743        1
 0.33450E-03     -0.1504     -8.3322     -8.4825        1
 0.35540E-03     -0.1568     -8.1005     -8.2573        1
 0.37631E-03     -0.1632     -6.9632     -7.1264        1
 0.39721E-03     -0.1695     -5.0817     -5.2512        1
 0.41812E-03     -0.1755     -3.1436     -3.3191        1
 0.43903E-03     -0.1817     -1.3658     -1.5475        1
 0.45993E-03     -0.1874     -0.0277     -0.2152        1
 0.48084E-03     -0.1930      0.8345      0.6414        1
 0.50174E-03     -0.1984      1.4530      1.2546        1
 0.52265E-03     -0.2034      1.6584      1.4550        1
 0.54356E-03     -0.2083      1.5779      1.3695        1
 0.56446E-03     -0.2127      1.4460      1.2333        1
 0.58537E-03     -0.2170      1.2722      1.0552        1
 0.60627E-03     -0.2207      1.1552      0.9344        1
 0.62718E-03     -0.2241      1.0454      0.8213        1
 0.64809E-03     -0.2272      0.9421      0.7149        1
 0.66899E-03     -0.2297      0.8794      0.6498        1
 0.68990E-03     -0.2320      0.8069      0.5749        1
 0.71080E-03     -0.2336      0.7347      0.5012        1
 0.73171E-03     -0.2349      0.6366      0.4017        1
 0.75262E-03     -0.2358      0.5426      0.3067        1
 0.77352E-03     -0.2359      0.4474      0.2115        1
 0.79443E-03     -0.2360      0.3545      0.1185        1
 0.81533E-03     -0.2353      0.2789      0.0436        1
 0.83624E-03     -0.2340      0.2194     -0.0146        1
 0.85715E-03     -0.2327      0.1671     -0.0655        1
 0.87805E-03     -0.2305      0.1103     -0.1202        1
 0.89896E-03     -0.2279      0.0461     -0.1818        1
 0.91986E-03     -0.2253     -0.0286     -0.2539        1
 0.94077E-03     -0.2216     -0.1090     -0.3306        1
 0.96168E-03     -0.2180     -0.1801     -0.3981        1
 0.98258E-03     -0.2140     -0.2340     -0.4480        1
 0.10035E-02     -0.2092     -0.2715     -0.4808        1
 0.10244E-02     -0.2047     -0.2884     -0.4931        1
 0.10453E-02     -0.1993     -0.2777     -0.4770        1
 0.10662E-02     -0.1940     -0.2585     -0.4525        1
 0.10871E-02     -0.1883     -0.2539     -0.4422        1
 0.11080E-02     -0.1822     -0.2478     -0.4301        1
 0.11289E-02     -0.1763     -0.2351     -0.4114        1
 0.11498E-02     -0.1697     -0.2178     -0.3876        1
 0.11707E-02     -0.1634     -0.2152     -0.3786        1
 0.11916E-02     -0.1568     -0.2188     -0.3756        1
 0.12125E-02     -0.1500     -0.2302     -0.3802        1
 0.12335E-02     -0.1434     -0.2448     -0.3882        1
 0.12544E-02     -0.1364     -0.2633     -0.3996        1
 0.12753E-02     -0.1296     -0.2912     -0.4208        1
 0.12962E-02     -0.1227     -0.3283     -0.4510        1
 0.13171E-02     -0.1158     -0.3689     -0.4847        1
 0.13380E-02     -0.1091     -0.4045     -0.5136        1
 0.13589E-02     -0.1022     -0.4290     -0.5312        1
 0.13798E-02     -0.0954     -0.4554     -0.5508        1
 0.14007E-02     -0.0889     -0.4906     -0.5795        1
 0.14216E-02     -0.0822     -0.5219     -0.6042        1
 0.14425E-02     -0.0758     -0.5477     -0.6235        1
 0.14634E-02     -0.0694     -0.5682     -0.6377        1
 0.14843E-02     -0.0632     -0.5812     -0.6443        1
 0.15052E-02     -0.0572     -0.5838     -0.6410        1
 0.15261E-02     -0.0511     -0.5790     -0.6301        1
 0.15470E-02     -0.0453     -0.5635     -0.6088        1
 0.15680E-02     -0.0397     -0.5444     -0.5841        1
 0.15889E-02     -0.0341     -0.5134     -0.5475        1
 0.16098E-02     -0.0287     -0.4774     -0.5061        1
 0.16307E-02     -0.0236     -0.4455     -0.4691        1
 0.16516E-02     -0.0184     -0.4233     -0.4417        1
 0.16725E-02     -0.0135     -0.4075     -0.4210        1
 0.16934E-02     -0.0088     -0.4014     -0.4102        1
 0.17143E-02     -0.0042     -0.4111     -0.4153        1
 0.17352E-02      0.0003     -0.4364     -0.4361        1
 0.17561E-02      0.0045     -0.4663     -0.4618        1
 0.17770E-02      0.0087     -0.4976     -0.4889        1
 0.17979E-02      0.0127     -0.5319     -0.5192        1
 0.18188E-02      0.0165     -0.5643     -0.5478        1
 0.18397E-02      0.0202     -0.5904     -0.5703        1
 0.18606E-02      0.0238     -0.6105     -0.5867        1
 0.18815E-02      0.0271     -0.6230     -0.5959        1
 0.19024E-02      0.0305     -0.6301     -0.5996        1
 0.19234E-02      0.0336     -0.6295     -0.5959        1
 0.19443E-02      0.0366     -0.6228     -0.5862        1
 0.19652E-02      0.0395     -0.6141     -0.5746        1
 0.19861E-02      0.0423     -0.6014     -0.5591        1
 0.20070E-02      0.0450     -0.5899     -0.5449        1
 0.20279E-02      0.0475     -0.5893     -0.5418        1
 0.20488E-02      0.0499     -0.5991     -0.5492        1
 0.20697E-02      0.0523     -0.6100     -0.5577        1
 0.20906E-02      0.0545     -0.6179     -0.5634        1
 0.21115E-02      0.0567     -0.6187     -0.5621        1
 0.21324E-02      0.0587     -0.6203     -0.5616        1
 0.21533E-02      0.0606     -0.6259     -0.5653        1
 0.21742E-02      0.0625     -0.6300     -0.5675        1
 0.21951E-02      0.0643     -0.6275     -0.5632        1
 0.22160E-02      0.0660     -0.6137     -0.5477        1
 0.22369E-02      0.0676     -0.5979     -0.5303        1
 0.22579E-02      0.0691     -0.5835     -0.5144        1
 0.22788E-02      0.0706     -0.5724     -0.5018        1
 0.22997E-02      0.0720     -0.5605     -0.4885        1
 0.23206E-02      0.0733     -0.5480     -0.4747        1
 0.23415E-02      0.0746     -0.5341     -0.4595        1
 0.23624E-02      0.0758     -0.5220     -0.4462        1
 0.23833E-02      0.0770     -0.5205     -0.4435        1
 0.24042E-02      0.0781     -0.5257     -0.4477        1
 0.24251E-02      0.0791     -0.5358     -0.4567        1
 0.24460E-02      0.0801     -0.5483     -0.4682        1
 0.24669E-02      0.0810     -0.5606     -0.4795        1
 0.24878E-02      0.0820     -0.5698     -0.4878        1
 0.25087E-02      0.0828     -0.5794     -0.4966        1
 0.25296E-02      0.0836     -0.5897     -0.5061        1
 0.25505E-02      0.0844     -0.5987     -0.5144        1
 0.25714E-02      0.0851     -0.6040     -0.5188        1
 0.25923E-02      0.0858     -0.6056     -0.5198        1
 0.26132E-02      0.0865     -0.6062     -0.5197        1
 0.26342E-02      0.0871     -0.6101     -0.5230        1
 0.26551E-02      0.0877     -0.6151     -0.5274        1
 0.26760E-02      0.0883     -0.6205     -0.5322        1
 0.26969E-02      0.0888     -0.6240     -0.5352        1
 0.27178E-02      0.0893     -0.6276     -0.5383        1
 0.27387E-02      0.0898     -0.6305     -0.5407        1
 0.27596E-02      0.0903     -0.6322     -0.5419        1
 0.27805E-02      0.0907     -0.6306     -0.5399        1
 0.28014E-02      0.0911     -0.6259     -0.5348        1
 0.28223E-02      0.0915     -0.6209     -0.5294        1
 0.28432E-02      0.0919     -0.6171     -0.5252        1
 0.28641E-02      0.0922     -0.6149     -0.5226        1
 0.28850E-02      0.0926     -0.6136     -0.5210        1
 0.29059E-02      0.0929     -0.6135     -0.5206        1
 0.29268E-02      0.0932     -0.6148     -0.5216        1
 0.29478E-02      0.0935     -0.6177     -0.5242        1
 0.29687E-02      0.0938     -0.6235     -0.5298        1
 0.29896E-02      0.0940     -0.6297     -0.5357        1
 0.30105E-02      0.0943     -0.6355     -0.5413        1
 0.30314E-02      0.0945     -0.6396     -0.5451        1
 0.30523E-02      0.0947     -0.6416     -0.5469        1
 0.30732E-02      0.0949     -0.6428     -0.5478        1
 0.30941E-02      0.0951     -0.6431     -0.5480        1
 0.31150E-02      0.0953     -0.6424     -0.5472        1
 0.31359E-02      0.0954     -0.6403     -0.5448        1
 0.31568E-02      0.0956     -0.6361     -0.5405        1
 0.31777E-02      0.0958     -0.6316     -0.5359        1
 0.31986E-02      0.0959     -0.6285     -0.5326        1
 0.32195E-02      0.0960     -0.6268     -0.5308        1
 0.32404E-02      0.0961     -0.6257     -0.5296        1
 0.32613E-02      0.0962     -0.6268     -0.5306        1
 0.32822E-02      0.0964     -0.6291     -0.5327        1
 0.33031E-02      0.0964     -0.6334     -0.5369        1
 0.33240E-02      0.0965     -0.6395     -0.5430        1
 0.33450E-02      0.0966     -0.6438     -0.5472        1
 0.33659E-02      0.0967     -0.6462     -0.5495        1
 0.33868E-02      0.0967     -0.6454     -0.5487        1
 0.34077E-02      0.0968     -0.6414     -0.5446        1
 0.34286E-02      0.0968     -0.6340     -0.5372        1
 0.34495E-02      0.0968     -0.6226     -0.5257        1
 0.34704E-02      0.0969     -0.6093     -0.5124        1
 0.34913E-02      0.0969     -0.5952     -0.4983        1
 0.35122E-02      0.0969     -0.5834     -0.4865        1
 0.35331E-02      0.0969     -0.5737     -0.4768        1
 0.35540E-02      0.0969     -0.5644     -0.4675        1
 0.35749E-02      0.0969     -0.5573     -0.4604        1
 0.35958E-02      0.0969     -0.5519     -0.4550        1
 0.36167E-02      0.0968     -0.5493     -0.4525        1
 0.36376E-02      0.0968     -0.5494     -0.4526        1
 0.36586E-02      0.0967     -0.5525     -0.4558        1
 0.36795E-02      0.0967     -0.5544     -0.4578        1
 0.37004E-02      0.0966     -0.5572     -0.4607        1
 0.37213E-02      0.0965     -0.5602     -0.4637        1
 0.37422E-02      0.0964     -0.5626     -0.4662        1
 0.37631E-02      0.0963     -0.5639     -0.4676        1
 0.37840E-02      0.0961     -0.5631     -0.4669        1
 0.38049E-02      0.0960     -0.5595     -0.4635        1
 0.38258E-02      0.0958     -0.5564     -0.4605        1
 0.38467E-02      0.0957     -0.5554     -0.4597        1
 0.38676E-02      0.0955     -0.5525     -0.4570        1
 0.38885E-02      0.0953     -0.5513     -0.4561        1
 0.39094E-02      0.0951     -0.5515     -0.4564        1
 0.39303E-02      0.0948     -0.5532     -0.4583        1
 0.39512E-02      0.0946     -0.5561     -0.4615        1
 0.39721E-02      0.0943     -0.5595     -0.4652        1
 0.39931E-02      0.0940     -0.5590     -0.4650        1
 0.40140E-02      0.0937     -0.5552     -0.4615        1
 0.40349E-02      0.0933     -0.5466     -0.4533        1
 0.40558E-02      0.0930     -0.5347     -0.4417        1
 0.40767E-02      0.0926     -0.5233     -0.4307        1
 0.40976E-02      0.0922     -0.5147     -0.4225        1
 0.41185E-02      0.0918     -0.5084     -0.4167        1
 0.41394E-02      0.0913     -0.5055     -0.4142        1
 0.41603E-02      0.0908     -0.5074     -0.4166        1
 0.41812E-02      0.0903     -0.5141     -0.4238        1
 0.42021E-02      0.0897     -0.5249     -0.4352        1
 0.42230E-02      0.0891     -0.5375     -0.4484        1
 0.42439E-02      0.0885     -0.5471     -0.4585        1
 0.42648E-02      0.0879     -0.5547     -0.4668        1
 0.42857E-02      0.0872     -0.5587     -0.4716        1
 0.43066E-02      0.0864     -0.5575     -0.4710        1
 0.43275E-02      0.0857     -0.5536     -0.4679        1
 0.43484E-02      0.0848     -0.5495     -0.4647        1
 0.43694E-02      0.0840     -0.5453     -0.4614        1
 0.43903E-02      0.0831     -0.5435     -0.4605        1
 0.44112E-02      0.0821     -0.5413     -0.4592        1
 0.44321E-02      0.0811     -0.5402     -0.4591        1
 0.44530E-02      0.0800     -0.5387     -0.4587        1
 0.44739E-02      0.0789     -0.5384     -0.4595        1
 0.44948E-02      0.0777     -0.5384     -0.4607        1
 0.45157E-02      0.0765     -0.5348     -0.4583        1
 0.45366E-02      0.0752     -0.5248     -0.4495        1
 0.45575E-02      0.0739     -0.5072     -0.4334        1
 0.45784E-02      0.0724     -0.4866     -0.4141        1
 0.45993E-02      0.0709     -0.4691     -0.3981        1
 0.46202E-02      0.0694     -0.4584     -0.3890        1
 0.46411E-02      0.0678     -0.4493     -0.3815        1
 0.46620E-02      0.0660     -0.4399     -0.3739        1
 0.46829E-02      0.0642     -0.4376     -0.3733        1
 0.47039E-02      0.0624     -0.4430     -0.3806        1
 0.47247E-02      0.0604     -0.4588     -0.3984        1
 0.47457E-02      0.0584     -0.4765     -0.4181        1
 0.47666E-02      0.0562     -0.4965     -0.4403        1
 0.47875E-02      0.0540     -0.5072     -0.4532        1
 0.48084E-02      0.0517     -0.5120     -0.4604        1
 0.48293E-02      0.0492     -0.5061     -0.4569        1
 0.48502E-02      0.0467     -0.5022     -0.4555        1
 0.48711E-02      0.0440     -0.4848     -0.4408        1
 0.48920E-02      0.0413     -0.4610     -0.4197        1
 0.49129E-02      0.0384     -0.4440     -0.4055        1
 0.49338E-02      0.0355     -0.4373     -0.4019        1
 0.49547E-02      0.0324     -0.4268     -0.3944        1
 0.49756E-02      0.0292     -0.3939     -0.3647        1
 0.49965E-02      0.0258     -0.3398     -0.3140        1
 0.50174E-02      0.0223     -0.2761     -0.2537        1
 0.50383E-02      0.0188     -0.1982     -0.1794        1
 0.50593E-02      0.0150     -0.0829     -0.0679        1
 0.50802E-02      0.0112      0.0571      0.0683        1
 0.51011E-02      0.0072      0.1946      0.2018        1
 0.51220E-02      0.0031      0.3303      0.3334        1
 0.51429E-02     -0.0012      0.4644      0.4632        1
 0.51638E-02     -0.0056      0.5776      0.5721        1
 0.51847E-02     -0.0101      0.6629      0.6528        1
 0.52056E-02     -0.0149      0.7194      0.7045        1
 0.52265E-02     -0.0197      0.7703      0.7506        1
 0.52474E-02     -0.0246      0.8247      0.8001        1
 0.52683E-02     -0.0298      0.8866      0.8568        1
 0.52892E-02     -0.0350      0.9465      0.9115        1
 0.53101E-02     -0.0404      1.0049      0.9645        1
 0.53310E-02     -0.0459      1.0948      1.0490        1
 0.53519E-02     -0.0516      1.1765      1.1249        1
 0.53728E-02     -0.0574      1.2094      1.1520        1
 0.53938E-02     -0.0632      1.1952      1.1320        1
 0.54146E-02     -0.0693      1.1968      1.1276        1
 0.54356E-02     -0.0754      1.1274      1.0520        1
 0.54565E-02     -0.0816      0.9296      0.8480        1
 0.54774E-02     -0.0880      0.5674      0.4794        1
 0.54983E-02     -0.0943      0.1202      0.0259        1
 0.55192E-02     -0.1009     -0.4353     -0.5361        1
 0.55401E-02     -0.1074     -1.1554     -1.2628        1
 0.55610E-02     -0.1140     -2.3959     -2.5099        1
 0.55819E-02     -0.1206     -3.9886     -4.1092        1
 0.56028E-02     -0.1272     -5.5410     -5.6682        1
 0.56237E-02     -0.1339     -6.9675     -7.1014        1
 0.56446E-02     -0.1405     -7.7606     -7.9011        1
 0.56655E-02     -0.1470     -8.2218     -8.3688        1
 0.56864E-02     -0.1536     -8.3132     -8.4668        1
 0.57073E-02     -0.1600     -7.6477     -7.8077        1
 0.57282E-02     -0.1664     -6.0731     -6.2395        1
 0.57492E-02     -0.1726     -4.0926     -4.2652        1
 0.57700E-02     -0.1787     -2.2484     -2.4270        1
 0.57910E-02     -0.1846     -0.6146     -0.7991        1
 0.58119E-02     -0.1902      0.4313      0.2411        1
 0.58328E-02     -0.1958      1.1707      0.9749        1
 0.58537E-02     -0.2009      1.6334      1.4325        1
 0.58746E-02     -0.2060      1.6224      1.4165        1
 0.58955E-02     -0.2105      1.5209      1.3104        1
 0.59164E-02     -0.2149      1.3627      1.1478        1
 0.59373E-02     -0.2189      1.2012      0.9823        1
 0.59582E-02     -0.2224      1.1082      0.8858        1
 0.59791E-02     -0.2258      0.9936      0.7678        1
 0.60000E-02     -0.2284      0.9078      0.6793        1
 0.60209E-02     -0.2310      0.8466      0.6156        1
 0.60418E-02     -0.2329      0.7782      0.5453        1
 0.60627E-02     -0.2343      0.6858      0.4516        1
 0.60836E-02     -0.2355      0.5884      0.3528        1
 0.61045E-02     -0.2358      0.4966      0.2608        1
 0.61255E-02     -0.2360      0.3992      0.1632        1
 0.61464E-02     -0.2357      0.3148      0.0791        1
 0.61673E-02     -0.2346      0.2487      0.0141        1
 0.61882E-02     -0.2334      0.1920     -0.0414        1
 0.62091E-02     -0.2317      0.1390     -0.0927        1
 0.62300E-02     -0.2292      0.0802     -0.1490        1
 0.62509E-02     -0.2268      0.0114     -0.2154        1
 0.62718E-02     -0.2234     -0.0707     -0.2941        1
 0.62927E-02     -0.2198     -0.1449     -0.3647        1
 0.63136E-02     -0.2162     -0.2103     -0.4265        1
 0.63345E-02     -0.2115     -0.2546     -0.4661        1
 0.63554E-02     -0.2071     -0.2843     -0.4914        1
 0.63763E-02     -0.2020     -0.2852     -0.4872        1
 0.63972E-02     -0.1966     -0.2671     -0.4637        1
 0.64181E-02     -0.1912     -0.2569     -0.4481        1
 0.64391E-02     -0.1852     -0.2517     -0.4369        1
 0.64600E-02     -0.1794     -0.2418     -0.4212        1
 0.64809E-02     -0.1730     -0.2249     -0.3979        1
 0.65018E-02     -0.1666     -0.2160     -0.3826        1
 0.65227E-02     -0.1602     -0.2160     -0.3762        1
 0.65436E-02     -0.1533     -0.2222     -0.3755        1
 0.65645E-02     -0.1468     -0.2376     -0.3844        1
 0.65854E-02     -0.1398     -0.2542     -0.3941        1
 0.66063E-02     -0.1330     -0.2753     -0.4083        1
 0.66272E-02     -0.1262     -0.3096     -0.4358        1
 0.66481E-02     -0.1192     -0.3481     -0.4674        1
 0.66690E-02     -0.1125     -0.3887     -0.5012        1
 0.66899E-02     -0.1056     -0.4151     -0.5207        1
 0.67108E-02     -0.0988     -0.4421     -0.5408        1
 0.67317E-02     -0.0922     -0.4709     -0.5632        1
 0.67526E-02     -0.0855     -0.5086     -0.5941        1
 0.67735E-02     -0.0790     -0.5343     -0.6133        1
 0.67944E-02     -0.0727     -0.5589     -0.6316        1
 0.68154E-02     -0.0663     -0.5754     -0.6417        1
 0.68363E-02     -0.0602     -0.5841     -0.6443        1
 0.68572E-02     -0.0541     -0.5818     -0.6359        1
 0.68781E-02     -0.0482     -0.5728     -0.6210        1
 0.68990E-02     -0.0425     -0.5551     -0.5976        1
 0.69199E-02     -0.0368     -0.5311     -0.5679        1
 0.69408E-02     -0.0314     -0.4951     -0.5265        1
 0.69617E-02     -0.0261     -0.4606     -0.4867        1
 0.69826E-02     -0.0209     -0.4335     -0.4544        1
 0.70035E-02     -0.0159     -0.4143     -0.4302        1
 0.70244E-02     -0.0112     -0.4036     -0.4148        1
 0.70453E-02     -0.0064     -0.4034     -0.4098        1
 0.70662E-02     -0.0019     -0.4224     -0.4243        1
 0.70871E-02      0.0024     -0.4504     -0.4480        1
 0.71080E-02      0.0066     -0.4820     -0.4754        1
 0.71289E-02      0.0107     -0.5144     -0.5037        1
 0.71499E-02      0.0146     -0.5490     -0.5344        1
 0.71708E-02      0.0184     -0.5778     -0.5594        1
 0.71917E-02      0.0220     -0.6022     -0.5802        1
 0.72126E-02      0.0255     -0.6175     -0.5920        1
 0.72335E-02      0.0288     -0.6277     -0.5988        1
 0.72544E-02      0.0320     -0.6302     -0.5982        1
 0.72753E-02      0.0351     -0.6264     -0.5913        1
 0.72962E-02      0.0381     -0.6193     -0.5812        1
 0.73171E-02      0.0409     -0.6079     -0.5670        1
 0.73380E-02      0.0437     -0.5943     -0.5506        1
 0.73589E-02      0.0462     -0.5885     -0.5422        1
 0.73798E-02      0.0488     -0.5934     -0.5446        1
 0.74007E-02      0.0511     -0.6053     -0.5541        1
 0.74216E-02      0.0534     -0.6144     -0.5610        1
 0.74425E-02      0.0556     -0.6190     -0.5634        1
 0.74634E-02      0.0576     -0.6185     -0.5608        1
 0.74843E-02      0.0597     -0.6232     -0.5635        1
 0.75053E-02      0.0616     -0.6285     -0.5670        1
 0.75262E-02      0.0634     -0.6306     -0.5672        1
 0.75471E-02      0.0651     -0.6208     -0.5557        1
 0.75680E-02      0.0668     -0.6058     -0.5390        1
 0.75889E-02      0.0684     -0.5899     -0.5215        1
 0.76098E-02      0.0699     -0.5777     -0.5078        1
 0.76307E-02      0.0713     -0.5668     -0.4955        1
 0.76516E-02      0.0727     -0.5542     -0.4815        1
 0.76725E-02      0.0740     -0.5414     -0.4674        1
 0.76934E-02      0.0752     -0.5273     -0.4521        1
 0.77143E-02      0.0764     -0.5199     -0.4435        1
 0.77352E-02      0.0775     -0.5224     -0.4449        1
 0.77561E-02      0.0786     -0.5300     -0.4515        1
 0.77770E-02      0.0796     -0.5420     -0.4624        1
 0.77979E-02      0.0806     -0.5546     -0.4740        1
 0.78188E-02      0.0815     -0.5657     -0.4842        1
 0.78397E-02      0.0824     -0.5746     -0.4922        1
 0.78607E-02      0.0832     -0.5845     -0.5013        1
 0.78816E-02      0.0840     -0.5947     -0.5107        1
 0.79025E-02      0.0848     -0.6018     -0.5170        1
 0.79234E-02      0.0855     -0.6053     -0.5198        1
 0.79443E-02      0.0862     -0.6059     -0.5198        1
 0.79652E-02      0.0868     -0.6077     -0.5209        1
 0.79861E-02      0.0874     -0.6129     -0.5255        1
 0.80070E-02      0.0880     -0.6174     -0.5294        1
 0.80279E-02      0.0886     -0.6223     -0.5337        1
 0.80488E-02      0.0891     -0.6259     -0.5368        1
 0.80697E-02      0.0896     -0.6293     -0.5397        1
 0.80906E-02      0.0900     -0.6316     -0.5416        1
 0.81115E-02      0.0905     -0.6317     -0.5412        1
 0.81324E-02      0.0909     -0.6287     -0.5378        1
 0.81533E-02      0.0913     -0.6230     -0.5317        1
 0.81742E-02      0.0917     -0.6189     -0.5272        1
 0.81951E-02      0.0921     -0.6156     -0.5236        1
 0.82161E-02      0.0924     -0.6140     -0.5216        1
 0.82370E-02      0.0927     -0.6135     -0.5208        1
 0.82579E-02      0.0931     -0.6137     -0.5206        1
 0.82788E-02      0.0933     -0.6161     -0.5227        1
 0.82997E-02      0.0936     -0.6206     -0.5270        1
 0.83206E-02      0.0939     -0.6265     -0.5326        1
 0.83415E-02      0.0941     -0.6330     -0.5389        1
 0.83624E-02      0.0944     -0.6380     -0.5436        1
 0.83833E-02      0.0946     -0.6408     -0.5462        1
 0.84042E-02      0.0948     -0.6424     -0.5476        1
 0.84251E-02      0.0950     -0.6430     -0.5480        1
 0.84460E-02      0.0952     -0.6428     -0.5476        1
 0.84669E-02      0.0953     -0.6418     -0.5465        1
 0.84878E-02      0.0955     -0.6381     -0.5426        1
 0.85087E-02      0.0957     -0.6337     -0.5380        1
 0.85297E-02      0.0958     -0.6298     -0.5339        1
 0.85505E-02      0.0960     -0.6276     -0.5317        1
 0.85715E-02      0.0961     -0.6261     -0.5301        1
 0.85924E-02      0.0962     -0.6262     -0.5300        1
 0.86133E-02      0.0963     -0.6277     -0.5314        1
 0.86342E-02      0.0964     -0.6310     -0.5346        1
 0.86551E-02      0.0965     -0.6363     -0.5398        1
 0.86760E-02      0.0965     -0.6421     -0.5456        1
 0.86969E-02      0.0966     -0.6454     -0.5487        1
 0.87178E-02      0.0967     -0.6459     -0.5492        1
 0.87387E-02      0.0968     -0.6441     -0.5473        1
 0.87596E-02      0.0968     -0.6381     -0.5413        1
 0.87805E-02      0.0968     -0.6286     -0.5318        1
 0.88014E-02      0.0969     -0.6161     -0.5192        1
 0.88223E-02      0.0969     -0.6025     -0.5056        1
 0.88432E-02      0.0969     -0.5889     -0.4920        1
 0.88641E-02      0.0969     -0.5783     -0.4814        1
 0.88851E-02      0.0969     -0.5688     -0.4719        1
 0.89060E-02      0.0969     -0.5609     -0.4640        1
 0.89269E-02      0.0969     -0.5543     -0.4574        1
 0.89478E-02      0.0968     -0.5504     -0.4535        1
 0.89687E-02      0.0968     -0.5487     -0.4519        1
 0.89896E-02      0.0967     -0.5509     -0.4542        1
 0.90105E-02      0.0967     -0.5534     -0.4567        1
 0.90314E-02      0.0966     -0.5556     -0.4590        1
 0.90523E-02      0.0965     -0.5589     -0.4624        1
 0.90732E-02      0.0964     -0.5616     -0.4651        1
 0.90941E-02      0.0963     -0.5635     -0.4672        1
 0.91150E-02      0.0962     -0.5635     -0.4673        1
 0.91359E-02      0.0961     -0.5614     -0.4653        1
 0.91568E-02      0.0959     -0.5574     -0.4615        1
 0.91777E-02      0.0958     -0.5563     -0.4605        1
 0.91986E-02      0.0956     -0.5540     -0.4584        1
 0.92195E-02      0.0954     -0.5518     -0.4564        1
 0.92405E-02      0.0952     -0.5515     -0.4563        1
 0.92614E-02      0.0949     -0.5520     -0.4571        1
 0.92823E-02      0.0947     -0.5542     -0.4594        1
 0.93032E-02      0.0944     -0.5580     -0.4635        1
 0.93241E-02      0.0942     -0.5596     -0.4655        1
 0.93450E-02      0.0938     -0.5575     -0.4636        1
 0.93659E-02      0.0935     -0.5514     -0.4578        1
 0.93868E-02      0.0932     -0.5406     -0.4474        1
 0.94077E-02      0.0928     -0.5286     -0.4357        1
 0.94286E-02      0.0924     -0.5184     -0.4260        1
 0.94495E-02      0.0920     -0.5114     -0.4194        1
 0.94704E-02      0.0915     -0.5064     -0.4149        1
 0.94913E-02      0.0911     -0.5057     -0.4147        1
 0.95122E-02      0.0906     -0.5103     -0.4197        1
 0.95331E-02      0.0900     -0.5192     -0.4292        1
 0.95540E-02      0.0894     -0.5316     -0.4421        1
 0.95749E-02      0.0888     -0.5425     -0.4537        1
 0.95958E-02      0.0882     -0.5508     -0.4626        1
 0.96168E-02      0.0875     -0.5576     -0.4701        1
 0.96377E-02      0.0868     -0.5585     -0.4717        1
 0.96586E-02      0.0860     -0.5555     -0.4694        1
 0.96795E-02      0.0853     -0.5516     -0.4663        1
 0.97004E-02      0.0844     -0.5474     -0.4630        1
 0.97213E-02      0.0835     -0.5448     -0.4613        1
 0.97422E-02      0.0826     -0.5429     -0.4603        1
 0.97631E-02      0.0816     -0.5408     -0.4593        1
 0.97840E-02      0.0806     -0.5398     -0.4592        1
 0.98049E-02      0.0795     -0.5384     -0.4590        1
 0.98258E-02      0.0783     -0.5384     -0.4601        1
 0.98467E-02      0.0771     -0.5376     -0.4605        1
 0.98676E-02      0.0758     -0.5308     -0.4550        1
 0.98885E-02      0.0746     -0.5171     -0.4425        1
 0.99094E-02      0.0732     -0.4963     -0.4232        1
 0.99303E-02      0.0717     -0.4779     -0.4062        1
 0.99512E-02      0.0702     -0.4625     -0.3924        1
 0.99722E-02      0.0686     -0.4545     -0.3859        1
 0.99931E-02      0.0669     -0.4437     -0.3768        1
 0.10014E-01      0.0651     -0.4383     -0.3732        1
 0.10035E-01      0.0633     -0.4376     -0.3743        1
 0.10056E-01      0.0614     -0.4516     -0.3902        1
 0.10077E-01      0.0594     -0.4668     -0.4075        1
 0.10098E-01      0.0573     -0.4879     -0.4306        1
 0.10119E-01      0.0551     -0.5026     -0.4475        1
 0.10139E-01      0.0528     -0.5118     -0.4590        1
 0.10160E-01      0.0505     -0.5088     -0.4584        1
 0.10181E-01      0.0480     -0.5051     -0.4572        1
 0.10202E-01      0.0454     -0.4958     -0.4505        1
 0.10223E-01      0.0427     -0.4730     -0.4303        1
 0.10244E-01      0.0399     -0.4506     -0.4107        1
 0.10265E-01      0.0370     -0.4396     -0.4027        1
 0.10286E-01      0.0340     -0.4332     -0.3993        1
 0.10307E-01      0.0308     -0.4153     -0.3845        1
 0.10328E-01      0.0275     -0.3677     -0.3402        1
 0.10348E-01      0.0241     -0.3087     -0.2845        1
 0.10369E-01      0.0206     -0.2396     -0.2191        1
 0.10390E-01      0.0169     -0.1456     -0.1286        1
 0.10411E-01      0.0132     -0.0137     -0.0006        1
 0.10432E-01      0.0092      0.1272      0.1364        1
 0.10453E-01      0.0052      0.2633      0.2685        1
 0.10474E-01      0.0010      0.3985      0.3995        1
 0.10495E-01     -0.0034      0.5244      0.5210        1
 0.10516E-01     -0.0079      0.6233      0.6155        1
 0.10537E-01     -0.0124      0.6971      0.6847        1
 0.10557E-01     -0.0172      0.7413      0.7241        1
 0.10578E-01     -0.0222      0.7986      0.7765        1
 0.10599E-01     -0.0272      0.8531      0.8259        1
 0.10620E-01     -0.0323      0.9207      0.8884        1
 0.10641E-01     -0.0377      0.9678      0.9301        1
 0.10662E-01     -0.0432      1.0486      1.0054        1
 0.10683E-01     -0.0487      1.1400      1.0913        1
  0.0000         -0.1813     -7.5602     -7.7415        2
 0.20906E-04     -0.1910     -7.4877     -7.6786        2
 0.41812E-04     -0.2004     -6.8948     -7.0952        2
 0.62718E-04     -0.2101     -5.5470     -5.7571        2
 0.83624E-04     -0.2194     -3.6681     -3.8876        2
 0.10453E-03     -0.2288     -1.8600     -2.0888        2
 0.12544E-03     -0.2378     -0.3021     -0.5399        2
 0.14634E-03     -0.2465      0.7725      0.5259        2
 0.16725E-03     -0.2552      1.4977      1.2426        2
 0.18815E-03     -0.2633      1.9228      1.6595        2
 0.20906E-03     -0.2713      2.0320      1.7607        2
 0.22997E-03     -0.2786      1.9763      1.6977        2
 0.25087E-03     -0.2857      1.7769      1.4912        2
 0.27178E-03     -0.2921      1.6285      1.3364        2
 0.29268E-03     -0.2981      1.5318      1.2337        2
 0.31359E-03     -0.3034      1.4181      1.1147        2
 0.33450E-03     -0.3081      1.2977      0.9897        2
 0.35540E-03     -0.3122      1.2056      0.8934        2
 0.37631E-03     -0.3155      1.1312      0.8157        2
 0.39721E-03     -0.3183      1.0321      0.7138        2
 0.41812E-03     -0.3199      0.9290      0.6091        2
 0.43903E-03     -0.3213      0.8218      0.5005        2
 0.45993E-03     -0.3216      0.7136      0.3919        2
 0.48084E-03     -0.3210      0.6109      0.2898        2
 0.50174E-03     -0.3203      0.5310      0.2107        2
 0.52265E-03     -0.3180      0.4527      0.1347        2
 0.54356E-03     -0.3153      0.3604      0.0450        2
 0.56446E-03     -0.3122      0.2782     -0.0340        2
 0.58537E-03     -0.3076      0.1938     -0.1138        2
 0.60627E-03     -0.3032      0.1206     -0.1826        2
 0.62718E-03     -0.2974      0.0578     -0.2397        2
 0.64809E-03     -0.2913      0.0153     -0.2760        2
 0.66899E-03     -0.2849     -0.0141     -0.2990        2
 0.68990E-03     -0.2772     -0.0154     -0.2927        2
 0.71080E-03     -0.2701     -0.0022     -0.2723        2
 0.73171E-03     -0.2615     -0.0002     -0.2617        2
 0.75262E-03     -0.2531     -0.0074     -0.2606        2
 0.77352E-03     -0.2442     -0.0176     -0.2618        2
 0.79443E-03     -0.2349     -0.0171     -0.2519        2
 0.81533E-03     -0.2258     -0.0278     -0.2536        2
 0.83624E-03     -0.2158     -0.0462     -0.2620        2
 0.85715E-03     -0.2064     -0.0694     -0.2758        2
 0.87805E-03     -0.1961     -0.0930     -0.2892        2
 0.89896E-03     -0.1862     -0.1224     -0.3086        2
 0.91986E-03     -0.1764     -0.1524     -0.3287        2
 0.94077E-03     -0.1662     -0.1918     -0.3580        2
 0.96168E-03     -0.1565     -0.2276     -0.3842        2
 0.98258E-03     -0.1464     -0.2540     -0.4004        2
 0.10035E-02     -0.1367     -0.2712     -0.4078        2
 0.10244E-02     -0.1271     -0.2900     -0.4172        2
 0.10453E-02     -0.1175     -0.3183     -0.4358        2
 0.10662E-02     -0.1083     -0.3465     -0.4548        2
 0.10871E-02     -0.0990     -0.3633     -0.4624        2
 0.11080E-02     -0.0901     -0.3769     -0.4670        2
 0.11289E-02     -0.0816     -0.3930     -0.4745        2
 0.11498E-02     -0.0729     -0.4061     -0.4790        2
 0.11707E-02     -0.0647     -0.4149     -0.4796        2
 0.11916E-02     -0.0568     -0.4071     -0.4639        2
 0.12125E-02     -0.0489     -0.3902     -0.4391        2
 0.12335E-02     -0.0415     -0.3626     -0.4040        2
 0.12544E-02     -0.0342     -0.3376     -0.3718        2
 0.12753E-02     -0.0272     -0.3197     -0.3469        2
 0.12962E-02     -0.0205     -0.3114     -0.3319        2
 0.13171E-02     -0.0139     -0.3080     -0.3219        2
 0.13380E-02     -0.0077     -0.3097     -0.3173        2
 0.13589E-02     -0.0017     -0.3212     -0.3229        2
 0.13798E-02      0.0041     -0.3446     -0.3405        2
 0.14007E-02      0.0096     -0.3723     -0.3627        2
 0.14216E-02      0.0149     -0.4003     -0.3854        2
 0.14425E-02      0.0200     -0.4236     -0.4036        2
 0.14634E-02      0.0248     -0.4417     -0.4168        2
 0.14843E-02      0.0294     -0.4606     -0.4311        2
 0.15052E-02      0.0339     -0.4784     -0.4445        2
 0.15261E-02      0.0381     -0.4894     -0.4513        2
 0.15470E-02      0.0422     -0.4918     -0.4496        2
 0.15680E-02      0.0460     -0.4871     -0.4410        2
 0.15889E-02      0.0497     -0.4822     -0.4326        2
 0.16098E-02      0.0532     -0.4790     -0.4258        2
 0.16307E-02      0.0565     -0.4774     -0.4209        2
 0.16516E-02      0.0597     -0.4773     -0.4176        2
 0.16725E-02      0.0627     -0.4770     -0.4143        2
 0.16934E-02      0.0655     -0.4809     -0.4154        2
 0.17143E-02      0.0683     -0.4941     -0.4258        2
 0.17352E-02      0.0708     -0.5135     -0.4426        2
 0.17561E-02      0.0733     -0.5316     -0.4583        2
 0.17770E-02      0.0756     -0.5440     -0.4684        2
 0.17979E-02      0.0778     -0.5506     -0.4728        2
 0.18188E-02      0.0799     -0.5584     -0.4785        2
 0.18397E-02      0.0819     -0.5687     -0.4868        2
 0.18606E-02      0.0838     -0.5767     -0.4929        2
 0.18815E-02      0.0855     -0.5751     -0.4896        2
 0.19024E-02      0.0873     -0.5628     -0.4755        2
 0.19234E-02      0.0888     -0.5457     -0.4569        2
 0.19443E-02      0.0903     -0.5292     -0.4389        2
 0.19652E-02      0.0918     -0.5136     -0.4218        2
 0.19861E-02      0.0931     -0.4976     -0.4045        2
 0.20070E-02      0.0944     -0.4833     -0.3889        2
 0.20279E-02      0.0956     -0.4726     -0.3771        2
 0.20488E-02      0.0967     -0.4650     -0.3683        2
 0.20697E-02      0.0978     -0.4641     -0.3663        2
 0.20906E-02      0.0988     -0.4711     -0.3723        2
 0.21115E-02      0.0998     -0.4824     -0.3826        2
 0.21324E-02      0.1007     -0.4981     -0.3973        2
 0.21533E-02      0.1015     -0.5109     -0.4094        2
 0.21742E-02      0.1023     -0.5187     -0.4164        2
 0.21951E-02      0.1031     -0.5213     -0.4183        2
 0.22160E-02      0.1038     -0.5243     -0.4205        2
 0.22369E-02      0.1045     -0.5266     -0.4221        2
 0.22579E-02      0.1051     -0.5268     -0.4216        2
 0.22788E-02      0.1057     -0.5250     -0.4193        2
 0.22997E-02      0.1063     -0.5228     -0.4165        2
 0.23206E-02      0.1068     -0.5242     -0.4174        2
 0.23415E-02      0.1073     -0.5279     -0.4206        2
 0.23624E-02      0.1078     -0.5310     -0.4232        2
 0.23833E-02      0.1083     -0.5325     -0.4242        2
 0.24042E-02      0.1087     -0.5354     -0.4267        2
 0.24251E-02      0.1091     -0.5390     -0.4300        2
 0.24460E-02      0.1095     -0.5417     -0.4322        2
 0.24669E-02      0.1098     -0.5418     -0.4320        2
 0.24878E-02      0.1102     -0.5366     -0.4264        2
 0.25087E-02      0.1104     -0.5303     -0.4198        2
 0.25296E-02      0.1108     -0.5246     -0.4138        2
 0.25505E-02      0.1110     -0.5220     -0.4110        2
 0.25714E-02      0.1113     -0.5194     -0.4081        2
 0.25923E-02      0.1116     -0.5168     -0.4052        2
 0.26132E-02      0.1118     -0.5142     -0.4024        2
 0.26342E-02      0.1120     -0.5125     -0.4005        2
 0.26551E-02      0.1122     -0.5133     -0.4011        2
 0.26760E-02      0.1125     -0.5173     -0.4048        2
 0.26969E-02      0.1126     -0.5225     -0.4098        2
 0.27178E-02      0.1128     -0.5268     -0.4139        2
 0.27387E-02      0.1130     -0.5296     -0.4166        2
 0.27596E-02      0.1131     -0.5314     -0.4182        2
 0.27805E-02      0.1133     -0.5322     -0.4189        2
 0.28014E-02      0.1134     -0.5325     -0.4190        2
 0.28223E-02      0.1136     -0.5315     -0.4179        2
 0.28432E-02      0.1137     -0.5288     -0.4151        2
 0.28641E-02      0.1139     -0.5248     -0.4109        2
 0.28850E-02      0.1140     -0.5206     -0.4066        2
 0.29059E-02      0.1141     -0.5161     -0.4019        2
 0.29268E-02      0.1142     -0.5109     -0.3967        2
 0.29478E-02      0.1143     -0.5075     -0.3932        2
 0.29687E-02      0.1144     -0.5073     -0.3929        2
 0.29896E-02      0.1145     -0.5081     -0.3936        2
 0.30105E-02      0.1146     -0.5091     -0.3945        2
 0.30314E-02      0.1147     -0.5084     -0.3937        2
 0.30523E-02      0.1148     -0.5059     -0.3911        2
 0.30732E-02      0.1149     -0.5020     -0.3872        2
 0.30941E-02      0.1149     -0.4969     -0.3819        2
 0.31150E-02      0.1150     -0.4887     -0.3737        2
 0.31359E-02      0.1151     -0.4778     -0.3627        2
 0.31568E-02      0.1151     -0.4647     -0.3496        2
 0.31777E-02      0.1152     -0.4517     -0.3365        2
 0.31986E-02      0.1152     -0.4412     -0.3259        2
 0.32195E-02      0.1153     -0.4342     -0.3189        2
 0.32404E-02      0.1153     -0.4279     -0.3126        2
 0.32613E-02      0.1153     -0.4226     -0.3073        2
 0.32822E-02      0.1154     -0.4187     -0.3033        2
 0.33031E-02      0.1154     -0.4153     -0.2999        2
 0.33240E-02      0.1154     -0.4152     -0.2998        2
 0.33450E-02      0.1154     -0.4180     -0.3025        2
 0.33659E-02      0.1154     -0.4201     -0.3046        2
 0.33868E-02      0.1154     -0.4202     -0.3048        2
 0.34077E-02      0.1154     -0.4201     -0.3046        2
 0.34286E-02      0.1154     -0.4188     -0.3034        2
 0.34495E-02      0.1154     -0.4170     -0.3016        2
 0.34704E-02      0.1153     -0.4150     -0.2997        2
 0.34913E-02      0.1153     -0.4113     -0.2961        2
 0.35122E-02      0.1152     -0.4053     -0.2901        2
 0.35331E-02      0.1151     -0.3980     -0.2829        2
 0.35540E-02      0.1150     -0.3909     -0.2758        2
 0.35749E-02      0.1149     -0.3851     -0.2702        2
 0.35958E-02      0.1148     -0.3802     -0.2654        2
 0.36167E-02      0.1147     -0.3784     -0.2637        2
 0.36376E-02      0.1145     -0.3762     -0.2617        2
 0.36586E-02      0.1143     -0.3731     -0.2588        2
 0.36795E-02      0.1142     -0.3677     -0.2535        2
 0.37004E-02      0.1139     -0.3600     -0.2461        2
 0.37213E-02      0.1137     -0.3510     -0.2373        2
 0.37422E-02      0.1135     -0.3405     -0.2270        2
 0.37631E-02      0.1132     -0.3301     -0.2169        2
 0.37840E-02      0.1129     -0.3214     -0.2085        2
 0.38049E-02      0.1126     -0.3140     -0.2015        2
 0.38258E-02      0.1122     -0.3086     -0.1964        2
 0.38467E-02      0.1118     -0.3070     -0.1952        2
 0.38676E-02      0.1114     -0.3101     -0.1987        2
 0.38885E-02      0.1110     -0.3147     -0.2037        2
 0.39094E-02      0.1105     -0.3165     -0.2060        2
 0.39303E-02      0.1100     -0.3147     -0.2047        2
 0.39512E-02      0.1094     -0.3093     -0.1999        2
 0.39721E-02      0.1088     -0.3020     -0.1932        2
 0.39931E-02      0.1082     -0.2966     -0.1884        2
 0.40140E-02      0.1075     -0.2924     -0.1849        2
 0.40349E-02      0.1068     -0.2865     -0.1797        2
 0.40558E-02      0.1060     -0.2836     -0.1776        2
 0.40767E-02      0.1052     -0.2825     -0.1773        2
 0.40976E-02      0.1043     -0.2816     -0.1773        2
 0.41185E-02      0.1034     -0.2807     -0.1773        2
 0.41394E-02      0.1023     -0.2778     -0.1754        2
 0.41603E-02      0.1013     -0.2756     -0.1743        2
 0.41812E-02      0.1002     -0.2759     -0.1758        2
 0.42021E-02      0.0990     -0.2690     -0.1700        2
 0.42230E-02      0.0977     -0.2534     -0.1557        2
 0.42439E-02      0.0964     -0.2306     -0.1342        2
 0.42648E-02      0.0949     -0.2084     -0.1135        2
 0.42857E-02      0.0934     -0.1893     -0.0958        2
 0.43066E-02      0.0918     -0.1778     -0.0859        2
 0.43275E-02      0.0902     -0.1633     -0.0731        2
 0.43484E-02      0.0884     -0.1571     -0.0687        2
 0.43694E-02      0.0865     -0.1545     -0.0679        2
 0.43903E-02      0.0846     -0.1572     -0.0726        2
 0.44112E-02      0.0825     -0.1617     -0.0793        2
 0.44321E-02      0.0803     -0.1675     -0.0872        2
 0.44530E-02      0.0780     -0.1673     -0.0893        2
 0.44739E-02      0.0756     -0.1603     -0.0847        2
 0.44948E-02      0.0731     -0.1428     -0.0698        2
 0.45157E-02      0.0704     -0.1318     -0.0614        2
 0.45366E-02      0.0675     -0.1251     -0.0576        2
 0.45575E-02      0.0646     -0.1072     -0.0426        2
 0.45784E-02      0.0615     -0.0742     -0.0126        2
 0.45993E-02      0.0583     -0.0566      0.0017        2
 0.46202E-02      0.0549     -0.0535      0.0014        2
 0.46411E-02      0.0513     -0.0437      0.0076        2
 0.46620E-02      0.0476     -0.0019      0.0457        2
 0.46829E-02      0.0438      0.0623      0.1061        2
 0.47039E-02      0.0397      0.1309      0.1706        2
 0.47247E-02      0.0354      0.2027      0.2382        2
 0.47457E-02      0.0310      0.3062      0.3372        2
 0.47666E-02      0.0264      0.4255      0.4518        2
 0.47875E-02      0.0215      0.5423      0.5638        2
 0.48084E-02      0.0166      0.6608      0.6773        2
 0.48293E-02      0.0113      0.7867      0.7980        2
 0.48502E-02      0.0059      0.8978      0.9037        2
 0.48711E-02      0.0003      0.9929      0.9932        2
 0.48920E-02     -0.0056      1.0621      1.0565        2
 0.49129E-02     -0.0117      1.1284      1.1167        2
 0.49338E-02     -0.0180      1.2011      1.1831        2
 0.49547E-02     -0.0245      1.2757      1.2512        2
 0.49756E-02     -0.0313      1.3233      1.2920        2
 0.49965E-02     -0.0383      1.3556      1.3174        2
 0.50174E-02     -0.0454      1.4026      1.3572        2
 0.50383E-02     -0.0529      1.4164      1.3635        2
 0.50593E-02     -0.0606      1.3784      1.3178        2
 0.50802E-02     -0.0685      1.2885      1.2200        2
 0.51011E-02     -0.0765      1.1862      1.1097        2
 0.51220E-02     -0.0848      1.0116      0.9268        2
 0.51429E-02     -0.0934      0.7147      0.6214        2
 0.51638E-02     -0.1020      0.2594      0.1574        2
 0.51847E-02     -0.1109     -0.3116     -0.4225        2
 0.52056E-02     -0.1198     -0.9508     -1.0706        2
 0.52265E-02     -0.1291     -1.8154     -1.9445        2
 0.52474E-02     -0.1384     -3.0782     -3.2166        2
 0.52683E-02     -0.1478     -4.5795     -4.7272        2
 0.52892E-02     -0.1573     -5.9942     -6.1515        2
 0.53101E-02     -0.1668     -7.0314     -7.1982        2
 0.53310E-02     -0.1765     -7.4652     -7.6417        2
 0.53519E-02     -0.1862     -7.5691     -7.7553        2
 0.53728E-02     -0.1958     -7.2844     -7.4802        2
 0.53938E-02     -0.2054     -6.3072     -6.5126        2
 0.54146E-02     -0.2147     -4.6402     -4.8549        2
 0.54356E-02     -0.2241     -2.7284     -2.9525        2
 0.54565E-02     -0.2332     -1.0366     -1.2698        2
 0.54774E-02     -0.2423      0.3042      0.0619        2
 0.54983E-02     -0.2509      1.1644      0.9135        2
 0.55192E-02     -0.2593      1.7467      1.4874        2
 0.55401E-02     -0.2674      2.0109      1.7435        2
 0.55610E-02     -0.2750      2.0177      1.7428        2
 0.55819E-02     -0.2823      1.8900      1.6077        2
 0.56028E-02     -0.2889      1.6888      1.3999        2
 0.56237E-02     -0.2953      1.5802      1.2849        2
 0.56446E-02     -0.3007      1.4792      1.1785        2
 0.56655E-02     -0.3059      1.3536      1.0477        2
 0.56864E-02     -0.3102      1.2481      0.9379        2
 0.57073E-02     -0.3140      1.1724      0.8584        2
 0.57282E-02     -0.3169      1.0833      0.7664        2
 0.57492E-02     -0.3192      0.9779      0.6587        2
 0.57700E-02     -0.3209      0.8776      0.5567        2
 0.57910E-02     -0.3213      0.7678      0.4465        2
 0.58119E-02     -0.3216      0.6599      0.3382        2
 0.58328E-02     -0.3207      0.5690      0.2482        2
 0.58537E-02     -0.3190      0.4930      0.1740        2
 0.58746E-02     -0.3171      0.4068      0.0897        2
 0.58955E-02     -0.3136      0.3177      0.0040        2
 0.59164E-02     -0.3099      0.2372     -0.0727        2
 0.59373E-02     -0.3057      0.1559     -0.1497        2
 0.59582E-02     -0.3001      0.0866     -0.2135        2
 0.59791E-02     -0.2948      0.0360     -0.2588        2
 0.60000E-02     -0.2880     -0.0018     -0.2898        2
 0.60209E-02     -0.2812     -0.0185     -0.2997        2
 0.60418E-02     -0.2738     -0.0102     -0.2840        2
 0.60627E-02     -0.2656      0.0002     -0.2654        2
 0.60836E-02     -0.2576     -0.0012     -0.2589        2
 0.61045E-02     -0.2485     -0.0131     -0.2616        2
 0.61255E-02     -0.2398     -0.0191     -0.2590        2
 0.61464E-02     -0.2302     -0.0211     -0.2513        2
 0.61673E-02     -0.2207     -0.0352     -0.2559        2
 0.61882E-02     -0.2112     -0.0567     -0.2679        2
 0.62091E-02     -0.2011     -0.0816     -0.2827        2
 0.62300E-02     -0.1915     -0.1079     -0.2994        2
 0.62509E-02     -0.1812     -0.1364     -0.3175        2
 0.62718E-02     -0.1713     -0.1725     -0.3438        2
 0.62927E-02     -0.1613     -0.2102     -0.3715        2
 0.63136E-02     -0.1513     -0.2431     -0.3945        2
 0.63345E-02     -0.1418     -0.2614     -0.4032        2
 0.63554E-02     -0.1318     -0.2809     -0.4127        2
 0.63763E-02     -0.1223     -0.3013     -0.4236        2
 0.63972E-02     -0.1129     -0.3361     -0.4490        2
 0.64181E-02     -0.1036     -0.3551     -0.4587        2
 0.64391E-02     -0.0947     -0.3693     -0.4640        2
 0.64600E-02     -0.0857     -0.3844     -0.4702        2
 0.64809E-02     -0.0771     -0.3998     -0.4769        2
 0.65018E-02     -0.0689     -0.4119     -0.4809        2
 0.65227E-02     -0.0606     -0.4126     -0.4733        2
 0.65436E-02     -0.0528     -0.4007     -0.4535        2
 0.65645E-02     -0.0452     -0.3765     -0.4218        2
 0.65854E-02     -0.0378     -0.3498     -0.3876        2
 0.66063E-02     -0.0307     -0.3265     -0.3571        2
 0.66272E-02     -0.0238     -0.3155     -0.3393        2
 0.66481E-02     -0.0172     -0.3080     -0.3252        2
 0.66690E-02     -0.0108     -0.3089     -0.3197        2
 0.66899E-02     -0.0047     -0.3132     -0.3178        2
 0.67108E-02      0.0012     -0.3323     -0.3311        2
 0.67317E-02      0.0069     -0.3573     -0.3505        2
 0.67526E-02      0.0123     -0.3867     -0.3744        2
 0.67735E-02      0.0175     -0.4133     -0.3958        2
 0.67944E-02      0.0224     -0.4328     -0.4104        2
 0.68154E-02      0.0272     -0.4501     -0.4229        2
 0.68363E-02      0.0317     -0.4703     -0.4386        2
 0.68572E-02      0.0361     -0.4850     -0.4489        2
 0.68781E-02      0.0402     -0.4914     -0.4512        2
 0.68990E-02      0.0441     -0.4901     -0.4460        2
 0.69199E-02      0.0479     -0.4840     -0.4361        2
 0.69408E-02      0.0514     -0.4807     -0.4293        2
 0.69617E-02      0.0549     -0.4781     -0.4232        2
 0.69826E-02      0.0581     -0.4772     -0.4191        2
 0.70035E-02      0.0611     -0.4771     -0.4160        2
 0.70244E-02      0.0642     -0.4782     -0.4140        2
 0.70453E-02      0.0669     -0.4863     -0.4194        2
 0.70662E-02      0.0696     -0.5036     -0.4340        2
 0.70871E-02      0.0721     -0.5229     -0.4508        2
 0.71080E-02      0.0745     -0.5384     -0.4639        2
 0.71289E-02      0.0767     -0.5478     -0.4711        2
 0.71499E-02      0.0789     -0.5540     -0.4751        2
 0.71708E-02      0.0809     -0.5634     -0.4825        2
 0.71917E-02      0.0828     -0.5732     -0.4904        2
 0.72126E-02      0.0847     -0.5774     -0.4927        2
 0.72335E-02      0.0864     -0.5695     -0.4831        2
 0.72544E-02      0.0880     -0.5546     -0.4666        2
 0.72753E-02      0.0896     -0.5371     -0.4475        2
 0.72962E-02      0.0911     -0.5216     -0.4305        2
 0.73171E-02      0.0924     -0.5057     -0.4132        2
 0.73380E-02      0.0937     -0.4898     -0.3960        2
 0.73589E-02      0.0950     -0.4778     -0.3828        2
 0.73798E-02      0.0962     -0.4683     -0.3721        2
 0.74007E-02      0.0973     -0.4634     -0.3661        2
 0.74216E-02      0.0983     -0.4670     -0.3687        2
 0.74425E-02      0.0993     -0.4762     -0.3769        2
 0.74634E-02      0.1002     -0.4898     -0.3896        2
 0.74843E-02      0.1011     -0.5053     -0.4041        2
 0.75053E-02      0.1019     -0.5154     -0.4135        2
 0.75262E-02      0.1027     -0.5202     -0.4175        2
 0.75471E-02      0.1035     -0.5228     -0.4194        2
 0.75680E-02      0.1042     -0.5257     -0.4216        2
 0.75889E-02      0.1048     -0.5269     -0.4221        2
 0.76098E-02      0.1055     -0.5257     -0.4203        2
 0.76307E-02      0.1060     -0.5242     -0.4182        2
 0.76516E-02      0.1066     -0.5227     -0.4161        2
 0.76725E-02      0.1071     -0.5262     -0.4191        2
 0.76934E-02      0.1076     -0.5298     -0.4222        2
 0.77143E-02      0.1080     -0.5316     -0.4236        2
 0.77352E-02      0.1085     -0.5338     -0.4254        2
 0.77561E-02      0.1089     -0.5372     -0.4283        2
 0.77770E-02      0.1093     -0.5410     -0.4317        2
 0.77979E-02      0.1096     -0.5422     -0.4325        2
 0.78188E-02      0.1100     -0.5399     -0.4299        2
 0.78397E-02      0.1103     -0.5332     -0.4229        2
 0.78607E-02      0.1106     -0.5273     -0.4167        2
 0.78816E-02      0.1109     -0.5232     -0.4122        2
 0.79025E-02      0.1112     -0.5202     -0.4090        2
 0.79234E-02      0.1114     -0.5185     -0.4071        2
 0.79443E-02      0.1117     -0.5155     -0.4038        2
 0.79652E-02      0.1119     -0.5128     -0.4009        2
 0.79861E-02      0.1121     -0.5126     -0.4004        2
 0.80070E-02      0.1123     -0.5151     -0.4027        2
 0.80279E-02      0.1125     -0.5197     -0.4072        2
 0.80488E-02      0.1127     -0.5247     -0.4120        2
 0.80697E-02      0.1129     -0.5283     -0.4154        2
 0.80906E-02      0.1131     -0.5307     -0.4176        2
 0.81115E-02      0.1132     -0.5321     -0.4188        2
 0.81324E-02      0.1134     -0.5324     -0.4190        2
 0.81533E-02      0.1135     -0.5320     -0.4185        2
 0.81742E-02      0.1137     -0.5304     -0.4167        2
 0.81951E-02      0.1138     -0.5269     -0.4132        2
 0.82161E-02      0.1139     -0.5227     -0.4088        2
 0.82370E-02      0.1140     -0.5181     -0.4041        2
 0.82579E-02      0.1142     -0.5134     -0.3993        2
 0.82788E-02      0.1143     -0.5092     -0.3949        2
 0.82997E-02      0.1144     -0.5071     -0.3927        2
 0.83206E-02      0.1145     -0.5079     -0.3934        2
 0.83415E-02      0.1146     -0.5084     -0.3939        2
 0.83624E-02      0.1147     -0.5092     -0.3945        2
 0.83833E-02      0.1148     -0.5077     -0.3929        2
 0.84042E-02      0.1148     -0.5041     -0.3893        2
 0.84251E-02      0.1149     -0.4998     -0.3849        2
 0.84460E-02      0.1150     -0.4930     -0.3781        2
 0.84669E-02      0.1150     -0.4835     -0.3684        2
 0.84878E-02      0.1151     -0.4715     -0.3564        2
 0.85087E-02      0.1152     -0.4581     -0.3430        2
 0.85297E-02      0.1152     -0.4461     -0.3309        2
 0.85505E-02      0.1152     -0.4375     -0.3223        2
 0.85715E-02      0.1153     -0.4309     -0.3156        2
 0.85924E-02      0.1153     -0.4250     -0.3097        2
 0.86133E-02      0.1154     -0.4205     -0.3051        2
 0.86342E-02      0.1154     -0.4168     -0.3014        2
 0.86551E-02      0.1154     -0.4147     -0.2992        2
 0.86760E-02      0.1154     -0.4164     -0.3010        2
 0.86969E-02      0.1155     -0.4192     -0.3037        2
 0.87178E-02      0.1154     -0.4201     -0.3047        2
 0.87387E-02      0.1154     -0.4205     -0.3050        2
 0.87596E-02      0.1154     -0.4196     -0.3042        2
 0.87805E-02      0.1154     -0.4179     -0.3025        2
 0.88014E-02      0.1153     -0.4162     -0.3009        2
 0.88223E-02      0.1153     -0.4133     -0.2980        2
 0.88432E-02      0.1152     -0.4083     -0.2931        2
 0.88641E-02      0.1152     -0.4015     -0.2864        2
 0.88851E-02      0.1151     -0.3943     -0.2792        2
 0.89060E-02      0.1150     -0.3879     -0.2729        2
 0.89269E-02      0.1149     -0.3824     -0.2675        2
 0.89478E-02      0.1147     -0.3791     -0.2643        2
 0.89687E-02      0.1146     -0.3774     -0.2628        2
 0.89896E-02      0.1144     -0.3746     -0.2602        2
 0.90105E-02      0.1142     -0.3708     -0.2566        2
 0.90314E-02      0.1141     -0.3640     -0.2499        2
 0.90523E-02      0.1138     -0.3555     -0.2417        2
 0.90732E-02      0.1136     -0.3459     -0.2323        2
 0.90941E-02      0.1133     -0.3355     -0.2222        2
 0.91150E-02      0.1130     -0.3253     -0.2123        2
 0.91359E-02      0.1128     -0.3175     -0.2047        2
 0.91568E-02      0.1124     -0.3110     -0.1986        2
 0.91777E-02      0.1120     -0.3074     -0.1954        2
 0.91986E-02      0.1116     -0.3083     -0.1967        2
 0.92195E-02      0.1112     -0.3124     -0.2011        2
 0.92405E-02      0.1107     -0.3161     -0.2054        2
 0.92614E-02      0.1102     -0.3166     -0.2063        2
 0.92823E-02      0.1097     -0.3120     -0.2023        2
 0.93032E-02      0.1091     -0.3054     -0.1962        2
 0.93241E-02      0.1085     -0.2989     -0.1904        2
 0.93450E-02      0.1078     -0.2945     -0.1866        2
 0.93659E-02      0.1071     -0.2889     -0.1818        2
 0.93868E-02      0.1064     -0.2848     -0.1784        2
 0.94077E-02      0.1056     -0.2826     -0.1770        2
 0.94286E-02      0.1047     -0.2823     -0.1775        2
 0.94495E-02      0.1038     -0.2813     -0.1775        2
 0.94704E-02      0.1029     -0.2795     -0.1767        2
 0.94913E-02      0.1018     -0.2759     -0.1740        2
 0.95122E-02      0.1007     -0.2763     -0.1756        2
 0.95331E-02      0.0996     -0.2729     -0.1733        2
 0.95540E-02      0.0983     -0.2620     -0.1637        2
 0.95749E-02      0.0970     -0.2422     -0.1452        2
 0.95958E-02      0.0957     -0.2196     -0.1239        2
 0.96168E-02      0.0942     -0.1973     -0.1031        2
 0.96377E-02      0.0926     -0.1838     -0.0911        2
 0.96586E-02      0.0910     -0.1700     -0.0790        2
 0.96795E-02      0.0893     -0.1590     -0.0697        2
 0.97004E-02      0.0875     -0.1560     -0.0685        2
 0.97213E-02      0.0855     -0.1552     -0.0697        2
 0.97422E-02      0.0835     -0.1600     -0.0764        2
 0.97631E-02      0.0814     -0.1626     -0.0812        2
 0.97840E-02      0.0792     -0.1682     -0.0891        2
 0.98049E-02      0.0768     -0.1648     -0.0880        2
 0.98258E-02      0.0743     -0.1522     -0.0779        2
 0.98467E-02      0.0717     -0.1346     -0.0629        2
 0.98676E-02      0.0690     -0.1280     -0.0590        2
 0.98885E-02      0.0661     -0.1186     -0.0525        2
 0.99094E-02      0.0631     -0.0902     -0.0271        2
 0.99303E-02      0.0599     -0.0636     -0.0036        2
 0.99512E-02      0.0566     -0.0543      0.0023        2
 0.99722E-02      0.0531     -0.0512      0.0019        2
 0.99931E-02      0.0495     -0.0278      0.0217        2
 0.10014E-01      0.0457      0.0289      0.0746        2
 0.10035E-01      0.0417      0.0969      0.1386        2
 0.10056E-01      0.0376      0.1657      0.2033        2
 0.10077E-01      0.0332      0.2507      0.2840        2
 0.10098E-01      0.0287      0.3656      0.3943        2
 0.10119E-01      0.0240      0.4854      0.5094        2
 0.10139E-01      0.0191      0.6008      0.6199        2
 0.10160E-01      0.0140      0.7236      0.7375        2
 0.10181E-01      0.0086      0.8434      0.8520        2
 0.10202E-01      0.0031      0.9486      0.9518        2
 0.10223E-01     -0.0027      1.0310      1.0284        2
 0.10244E-01     -0.0086      1.0922      1.0836        2
 0.10265E-01     -0.0148      1.1647      1.1500        2
 0.10286E-01     -0.0213      1.2392      1.2180        2
 0.10307E-01     -0.0279      1.3044      1.2765        2
 0.10328E-01     -0.0347      1.3348      1.3001        2
 0.10348E-01     -0.0418      1.3810      1.3392        2
 0.10369E-01     -0.0491      1.4164      1.3672        2
 0.10390E-01     -0.0567      1.4016      1.3449        2
 0.10411E-01     -0.0644      1.3362      1.2717        2
 0.10432E-01     -0.0724      1.2415      1.1691        2
 0.10453E-01     -0.0807      1.1160      1.0353        2
 0.10474E-01     -0.0890      0.8759      0.7869        2
 0.10495E-01     -0.0976      0.5124      0.4148        2
 0.10516E-01     -0.1064     -0.0162     -0.1225        2
 0.10537E-01     -0.1154     -0.6285     -0.7439        2
 0.10557E-01     -0.1245     -1.3301     -1.4546        2
 0.10578E-01     -0.1336     -2.3957     -2.5293        2
 0.10599E-01     -0.1431     -3.8274     -3.9705        2
 0.10620E-01     -0.1525     -5.2999     -5.4524        2
 0.10641E-01     -0.1621     -6.5924     -6.7545        2
 0.10662E-01     -0.1718     -7.3008     -7.4726        2
 0.10683E-01     -0.1813     -7.5602     -7.7415        2
  0.0000         -0.2707     -0.1185     -0.3892        3
 0.20906E-04     -0.2814      0.8706      0.5892        3
 0.41812E-04     -0.2915      1.5951      1.3036        3
 0.62718E-04     -0.3015      2.0303      1.7288        3
 0.83624E-04     -0.3109      2.3264      2.0155        3
 0.10453E-03     -0.3200      2.4139      2.0939        3
 0.12544E-03     -0.3283      2.2766      1.9483        3
 0.14634E-03     -0.3363      2.1416      1.8053        3
 0.16725E-03     -0.3433      2.0558      1.7125        3
 0.18815E-03     -0.3497      1.9335      1.5838        3
 0.20906E-03     -0.3554      1.7765      1.4211        3
 0.22997E-03     -0.3601      1.6483      1.2882        3
 0.25087E-03     -0.3641      1.5448      1.1808        3
 0.27178E-03     -0.3671      1.4364      1.0694        3
 0.29268E-03     -0.3693      1.3237      0.9543        3
 0.31359E-03     -0.3701      1.2097      0.8396        3
 0.33450E-03     -0.3707      1.0873      0.7166        3
 0.35540E-03     -0.3697      0.9565      0.5868        3
 0.37631E-03     -0.3678      0.8499      0.4821        3
 0.39721E-03     -0.3656      0.7458      0.3802        3
 0.41812E-03     -0.3614      0.6378      0.2764        3
 0.43903E-03     -0.3572      0.5418      0.1847        3
 0.45993E-03     -0.3517      0.4710      0.1193        3
 0.48084E-03     -0.3451      0.4248      0.0797        3
 0.50174E-03     -0.3388      0.3885      0.0497        3
 0.52265E-03     -0.3302      0.3558      0.0256        3
 0.54356E-03     -0.3223      0.3452      0.0229        3
 0.56446E-03     -0.3129      0.3464      0.0335        3
 0.58537E-03     -0.3031      0.3359      0.0328        3
 0.60627E-03     -0.2933      0.3144      0.0211        3
 0.62718E-03     -0.2822      0.2840      0.0018        3
 0.64809E-03     -0.2719      0.2569     -0.0150        3
 0.66899E-03     -0.2600      0.2313     -0.0287        3
 0.68990E-03     -0.2489      0.1970     -0.0518        3
 0.71080E-03     -0.2370      0.1604     -0.0766        3
 0.73171E-03     -0.2251      0.1235     -0.1016        3
 0.75262E-03     -0.2135      0.0909     -0.1226        3
 0.77352E-03     -0.2012      0.0620     -0.1392        3
 0.79443E-03     -0.1897      0.0238     -0.1660        3
 0.81533E-03     -0.1775     -0.0131     -0.1906        3
 0.83624E-03     -0.1659     -0.0405     -0.2064        3
 0.85715E-03     -0.1545     -0.0423     -0.1968        3
 0.87805E-03     -0.1429     -0.0464     -0.1893        3
 0.89896E-03     -0.1320     -0.0556     -0.1876        3
 0.91986E-03     -0.1208     -0.0819     -0.2027        3
 0.94077E-03     -0.1101     -0.0902     -0.2004        3
 0.96168E-03     -0.0999     -0.1005     -0.2004        3
 0.98258E-03     -0.0896     -0.1146     -0.2042        3
 0.10035E-02     -0.0799     -0.1311     -0.2110        3
 0.10244E-02     -0.0702     -0.1488     -0.2190        3
 0.10453E-02     -0.0609     -0.1505     -0.2114        3
 0.10662E-02     -0.0522     -0.1451     -0.1973        3
 0.10871E-02     -0.0434     -0.1307     -0.1741        3
 0.11080E-02     -0.0351     -0.1125     -0.1476        3
 0.11289E-02     -0.0273     -0.1032     -0.1305        3
 0.11498E-02     -0.0196     -0.1124     -0.1319        3
 0.11707E-02     -0.0122     -0.1277     -0.1399        3
 0.11916E-02     -0.0052     -0.1464     -0.1517        3
 0.12125E-02      0.0015     -0.1618     -0.1603        3
 0.12335E-02      0.0080     -0.1848     -0.1768        3
 0.12544E-02      0.0141     -0.2079     -0.1938        3
 0.12753E-02      0.0200     -0.2293     -0.2093        3
 0.12962E-02      0.0256     -0.2419     -0.2163        3
 0.13171E-02      0.0309     -0.2500     -0.2191        3
 0.13380E-02      0.0360     -0.2569     -0.2209        3
 0.13589E-02      0.0409     -0.2640     -0.2231        3
 0.13798E-02      0.0455     -0.2706     -0.2252        3
 0.14007E-02      0.0498     -0.2743     -0.2245        3
 0.14216E-02      0.0541     -0.2738     -0.2197        3
 0.14425E-02      0.0580     -0.2734     -0.2155        3
 0.14634E-02      0.0618     -0.2733     -0.2115        3
 0.14843E-02      0.0653     -0.2747     -0.2094        3
 0.15052E-02      0.0686     -0.2787     -0.2101        3
 0.15261E-02      0.0719     -0.2857     -0.2138        3
 0.15470E-02      0.0748     -0.2961     -0.2212        3
 0.15680E-02      0.0778     -0.3059     -0.2281        3
 0.15889E-02      0.0804     -0.3209     -0.2405        3
 0.16098E-02      0.0830     -0.3425     -0.2595        3
 0.16307E-02      0.0854     -0.3657     -0.2802        3
 0.16516E-02      0.0877     -0.3872     -0.2995        3
 0.16725E-02      0.0899     -0.4033     -0.3134        3
 0.16934E-02      0.0919     -0.4142     -0.3223        3
 0.17143E-02      0.0939     -0.4287     -0.3348        3
 0.17352E-02      0.0956     -0.4410     -0.3454        3
 0.17561E-02      0.0974     -0.4452     -0.3479        3
 0.17770E-02      0.0990     -0.4378     -0.3389        3
 0.17979E-02      0.1005     -0.4229     -0.3225        3
 0.18188E-02      0.1019     -0.4042     -0.3023        3
 0.18397E-02      0.1032     -0.3892     -0.2860        3
 0.18606E-02      0.1045     -0.3772     -0.2727        3
 0.18815E-02      0.1057     -0.3639     -0.2582        3
 0.19024E-02      0.1068     -0.3538     -0.2470        3
 0.19234E-02      0.1079     -0.3439     -0.2360        3
 0.19443E-02      0.1089     -0.3374     -0.2285        3
 0.19652E-02      0.1098     -0.3387     -0.2289        3
 0.19861E-02      0.1107     -0.3458     -0.2351        3
 0.20070E-02      0.1115     -0.3568     -0.2453        3
 0.20279E-02      0.1123     -0.3668     -0.2545        3
 0.20488E-02      0.1130     -0.3701     -0.2571        3
 0.20697E-02      0.1137     -0.3687     -0.2550        3
 0.20906E-02      0.1143     -0.3665     -0.2523        3
 0.21115E-02      0.1149     -0.3660     -0.2511        3
 0.21324E-02      0.1154     -0.3633     -0.2479        3
 0.21533E-02      0.1160     -0.3590     -0.2430        3
 0.21742E-02      0.1165     -0.3532     -0.2367        3
 0.21951E-02      0.1169     -0.3484     -0.2314        3
 0.22160E-02      0.1174     -0.3495     -0.2321        3
 0.22369E-02      0.1178     -0.3516     -0.2338        3
 0.22579E-02      0.1182     -0.3529     -0.2347        3
 0.22788E-02      0.1185     -0.3551     -0.2366        3
 0.22997E-02      0.1189     -0.3603     -0.2414        3
 0.23206E-02      0.1192     -0.3655     -0.2463        3
 0.23415E-02      0.1195     -0.3695     -0.2500        3
 0.23624E-02      0.1197     -0.3695     -0.2498        3
 0.23833E-02      0.1200     -0.3643     -0.2443        3
 0.24042E-02      0.1202     -0.3590     -0.2388        3
 0.24251E-02      0.1205     -0.3548     -0.2343        3
 0.24460E-02      0.1207     -0.3514     -0.2307        3
 0.24669E-02      0.1209     -0.3461     -0.2252        3
 0.24878E-02      0.1211     -0.3403     -0.2192        3
 0.25087E-02      0.1213     -0.3345     -0.2132        3
 0.25296E-02      0.1215     -0.3314     -0.2099        3
 0.25505E-02      0.1216     -0.3329     -0.2113        3
 0.25714E-02      0.1218     -0.3367     -0.2149        3
 0.25923E-02      0.1220     -0.3406     -0.2187        3
 0.26132E-02      0.1221     -0.3421     -0.2200        3
 0.26342E-02      0.1222     -0.3420     -0.2197        3
 0.26551E-02      0.1223     -0.3413     -0.2189        3
 0.26760E-02      0.1225     -0.3393     -0.2168        3
 0.26969E-02      0.1226     -0.3366     -0.2140        3
 0.27178E-02      0.1227     -0.3318     -0.2090        3
 0.27387E-02      0.1229     -0.3252     -0.2024        3
 0.27596E-02      0.1230     -0.3176     -0.1946        3
 0.27805E-02      0.1231     -0.3105     -0.1874        3
 0.28014E-02      0.1232     -0.3034     -0.1802        3
 0.28223E-02      0.1233     -0.2979     -0.1746        3
 0.28432E-02      0.1234     -0.2946     -0.1712        3
 0.28641E-02      0.1235     -0.2925     -0.1690        3
 0.28850E-02      0.1236     -0.2917     -0.1681        3
 0.29059E-02      0.1237     -0.2902     -0.1665        3
 0.29268E-02      0.1238     -0.2880     -0.1642        3
 0.29478E-02      0.1239     -0.2833     -0.1594        3
 0.29687E-02      0.1239     -0.2773     -0.1533        3
 0.29896E-02      0.1240     -0.2702     -0.1462        3
 0.30105E-02      0.1241     -0.2619     -0.1378        3
 0.30314E-02      0.1242     -0.2524     -0.1283        3
 0.30523E-02      0.1243     -0.2427     -0.1184        3
 0.30732E-02      0.1243     -0.2336     -0.1093        3
 0.30941E-02      0.1244     -0.2248     -0.1003        3
 0.31150E-02      0.1245     -0.2174     -0.0929        3
 0.31359E-02      0.1246     -0.2108     -0.0863        3
 0.31568E-02      0.1246     -0.2051     -0.0805        3
 0.31777E-02      0.1247     -0.1999     -0.0753        3
 0.31986E-02      0.1247     -0.1960     -0.0713        3
 0.32195E-02      0.1248     -0.1926     -0.0679        3
 0.32404E-02      0.1248     -0.1895     -0.0647        3
 0.32613E-02      0.1248     -0.1866     -0.0618        3
 0.32822E-02      0.1249     -0.1825     -0.0577        3
 0.33031E-02      0.1249     -0.1780     -0.0532        3
 0.33240E-02      0.1249     -0.1738     -0.0489        3
 0.33450E-02      0.1249     -0.1695     -0.0446        3
 0.33659E-02      0.1249     -0.1644     -0.0395        3
 0.33868E-02      0.1249     -0.1574     -0.0326        3
 0.34077E-02      0.1248     -0.1488     -0.0239        3
 0.34286E-02      0.1248     -0.1398     -0.0150        3
 0.34495E-02      0.1248     -0.1315     -0.0067        3
 0.34704E-02      0.1247     -0.1251     -0.0004        3
 0.34913E-02      0.1246     -0.1201      0.0046        3
 0.35122E-02      0.1245     -0.1146      0.0099        3
 0.35331E-02      0.1244     -0.1065      0.0179        3
 0.35540E-02      0.1243     -0.0960      0.0283        3
 0.35749E-02      0.1241     -0.0854      0.0388        3
 0.35958E-02      0.1240     -0.0757      0.0483        3
 0.36167E-02      0.1238     -0.0656      0.0582        3
 0.36376E-02      0.1236     -0.0539      0.0697        3
 0.36586E-02      0.1233     -0.0430      0.0803        3
 0.36795E-02      0.1231     -0.0337      0.0894        3
 0.37004E-02      0.1228     -0.0263      0.0965        3
 0.37213E-02      0.1225     -0.0224      0.1000        3
 0.37422E-02      0.1221     -0.0210      0.1011        3
 0.37631E-02      0.1218     -0.0193      0.1025        3
 0.37840E-02      0.1213     -0.0123      0.1091        3
 0.38049E-02      0.1209     -0.0008      0.1201        3
 0.38258E-02      0.1204      0.0156      0.1360        3
 0.38467E-02      0.1199      0.0310      0.1509        3
 0.38676E-02      0.1193      0.0431      0.1624        3
 0.38885E-02      0.1186      0.0545      0.1732        3
 0.39094E-02      0.1180      0.0658      0.1838        3
 0.39303E-02      0.1173      0.0738      0.1911        3
 0.39512E-02      0.1165      0.0794      0.1959        3
 0.39721E-02      0.1156      0.0834      0.1991        3
 0.39931E-02      0.1148      0.0852      0.2000        3
 0.40140E-02      0.1138      0.0886      0.2024        3
 0.40349E-02      0.1128      0.0936      0.2063        3
 0.40558E-02      0.1117      0.0975      0.2092        3
 0.40767E-02      0.1105      0.1058      0.2164        3
 0.40976E-02      0.1093      0.1213      0.2306        3
 0.41185E-02      0.1079      0.1428      0.2507        3
 0.41394E-02      0.1066      0.1667      0.2732        3
 0.41603E-02      0.1050      0.1899      0.2949        3
 0.41812E-02      0.1034      0.2044      0.3079        3
 0.42021E-02      0.1018      0.2171      0.3189        3
 0.42230E-02      0.1000      0.2206      0.3205        3
 0.42439E-02      0.0980      0.2217      0.3198        3
 0.42648E-02      0.0961      0.2265      0.3226        3
 0.42857E-02      0.0940      0.2325      0.3265        3
 0.43066E-02      0.0917      0.2419      0.3336        3
 0.43275E-02      0.0893      0.2586      0.3479        3
 0.43484E-02      0.0868      0.2846      0.3714        3
 0.43694E-02      0.0841      0.3219      0.4061        3
 0.43903E-02      0.0814      0.3487      0.4301        3
 0.44112E-02      0.0785      0.3624      0.4409        3
 0.44321E-02      0.0753      0.3772      0.4525        3
 0.44530E-02      0.0721      0.4113      0.4834        3
 0.44739E-02      0.0687      0.4357      0.5044        3
 0.44948E-02      0.0650      0.4407      0.5058        3
 0.45157E-02      0.0613      0.4479      0.5092        3
 0.45366E-02      0.0573      0.4802      0.5376        3
 0.45575E-02      0.0531      0.5441      0.5972        3
 0.45784E-02      0.0488      0.6142      0.6630        3
 0.45993E-02      0.0442      0.6813      0.7254        3
 0.46202E-02      0.0393      0.7526      0.7919        3
 0.46411E-02      0.0344      0.8425      0.8769        3
 0.46620E-02      0.0291      0.9284      0.9575        3
 0.46829E-02      0.0236      1.0188      1.0423        3
 0.47039E-02      0.0179      1.1167      1.1346        3
 0.47247E-02      0.0119      1.2133      1.2252        3
 0.47457E-02      0.0056      1.3026      1.3082        3
 0.47666E-02     -0.0008      1.3867      1.3859        3
 0.47875E-02     -0.0076      1.4602      1.4526        3
 0.48084E-02     -0.0146      1.5424      1.5278        3
 0.48293E-02     -0.0220      1.6210      1.5991        3
 0.48502E-02     -0.0295      1.6675      1.6380        3
 0.48711E-02     -0.0374      1.6741      1.6367        3
 0.48920E-02     -0.0455      1.6672      1.6216        3
 0.49129E-02     -0.0539      1.6376      1.5837        3
 0.49338E-02     -0.0627      1.5603      1.4976        3
 0.49547E-02     -0.0716      1.4219      1.3503        3
 0.49756E-02     -0.0809      1.2433      1.1623        3
 0.49965E-02     -0.0904      1.0344      0.9440        3
 0.50174E-02     -0.1001      0.7353      0.6351        3
 0.50383E-02     -0.1102      0.3000      0.1898        3
 0.50593E-02     -0.1205     -0.2830     -0.4034        3
 0.50802E-02     -0.1311     -0.9241     -1.0552        3
 0.51011E-02     -0.1416     -1.6647     -1.8064        3
 0.51220E-02     -0.1525     -2.6508     -2.8033        3
 0.51429E-02     -0.1636     -3.8513     -4.0149        3
 0.51638E-02     -0.1748     -5.0191     -5.1939        3
 0.51847E-02     -0.1862     -5.8383     -6.0245        3
 0.52056E-02     -0.1974     -6.1183     -6.3157        3
 0.52265E-02     -0.2090     -6.0094     -6.2184        3
 0.52474E-02     -0.2202     -5.6664     -5.8866        3
 0.52683E-02     -0.2317     -4.9850     -5.2168        3
 0.52892E-02     -0.2431     -3.7575     -4.0006        3
 0.53101E-02     -0.2543     -2.1796     -2.4339        3
 0.53310E-02     -0.2653     -0.7499     -1.0153        3
 0.53519E-02     -0.2759      0.4178      0.1418        3
 0.53728E-02     -0.2865      1.2652      0.9787        3
 0.53938E-02     -0.2965      1.8370      1.5405        3
 0.54146E-02     -0.3063      2.2041      1.8978        3
 0.54356E-02     -0.3155      2.3958      2.0803        3
 0.54565E-02     -0.3243      2.3734      2.0491        3
 0.54774E-02     -0.3323      2.1961      1.8638        3
 0.54983E-02     -0.3399      2.0958      1.7559        3
 0.55192E-02     -0.3467      2.0075      1.6608        3
 0.55401E-02     -0.3526      1.8504      1.4978        3
 0.55610E-02     -0.3579      1.7065      1.3486        3
 0.55819E-02     -0.3622      1.5981      1.2359        3
 0.56028E-02     -0.3657      1.4912      1.1254        3
 0.56237E-02     -0.3682      1.3798      1.0116        3
 0.56446E-02     -0.3701      1.2676      0.8975        3
 0.56655E-02     -0.3704      1.1489      0.7785        3
 0.56864E-02     -0.3704      1.0206      0.6503        3
 0.57073E-02     -0.3691      0.9009      0.5319        3
 0.57282E-02     -0.3665      0.7979      0.4314        3
 0.57492E-02     -0.3639      0.6919      0.3280        3
 0.57700E-02     -0.3593      0.5878      0.2284        3
 0.57910E-02     -0.3544      0.5004      0.1460        3
 0.58119E-02     -0.3489      0.4469      0.0980        3
 0.58328E-02     -0.3416      0.4051      0.0635        3
 0.58537E-02     -0.3350      0.3704      0.0355        3
 0.58746E-02     -0.3261      0.3476      0.0214        3
 0.58955E-02     -0.3176      0.3458      0.0282        3
 0.59164E-02     -0.3082      0.3458      0.0376        3
 0.59373E-02     -0.2980      0.3257      0.0277        3
 0.59582E-02     -0.2882      0.2989      0.0108        3
 0.59791E-02     -0.2767      0.2693     -0.0074        3
 0.60000E-02     -0.2662      0.2469     -0.0193        3
 0.60209E-02     -0.2543      0.2144     -0.0400        3
 0.60418E-02     -0.2429      0.1779     -0.0650        3
 0.60627E-02     -0.2312      0.1408     -0.0903        3
 0.60836E-02     -0.2191      0.1078     -0.1112        3
 0.61045E-02     -0.2076      0.0760     -0.1316        3
 0.61255E-02     -0.1953      0.0445     -0.1507        3
 0.61464E-02     -0.1837      0.0042     -0.1795        3
 0.61673E-02     -0.1718     -0.0304     -0.2022        3
 0.61882E-02     -0.1600     -0.0431     -0.2032        3
 0.62091E-02     -0.1488     -0.0449     -0.1937        3
 0.62300E-02     -0.1373     -0.0477     -0.1850        3
 0.62509E-02     -0.1264     -0.0709     -0.1973        3
 0.62718E-02     -0.1154     -0.0863     -0.2017        3
 0.62927E-02     -0.1048     -0.0952     -0.2000        3
 0.63136E-02     -0.0948     -0.1069     -0.2017        3
 0.63345E-02     -0.0846     -0.1233     -0.2078        3
 0.63554E-02     -0.0749     -0.1393     -0.2142        3
 0.63763E-02     -0.0656     -0.1523     -0.2179        3
 0.63972E-02     -0.0565     -0.1490     -0.2054        3
 0.64181E-02     -0.0478     -0.1391     -0.1869        3
 0.64391E-02     -0.0393     -0.1215     -0.1608        3
 0.64600E-02     -0.0312     -0.1061     -0.1373        3
 0.64809E-02     -0.0234     -0.1053     -0.1287        3
 0.65018E-02     -0.0158     -0.1194     -0.1353        3
 0.65227E-02     -0.0087     -0.1374     -0.1460        3
 0.65436E-02     -0.0019     -0.1532     -0.1551        3
 0.65645E-02      0.0048     -0.1723     -0.1675        3
 0.65854E-02      0.0111     -0.1961     -0.1850        3
 0.66063E-02      0.0171     -0.2194     -0.2023        3
 0.66272E-02      0.0228     -0.2367     -0.2139        3
 0.66481E-02      0.0283     -0.2459     -0.2175        3
 0.66690E-02      0.0335     -0.2532     -0.2197        3
 0.66899E-02      0.0385     -0.2609     -0.2223        3
 0.67108E-02      0.0432     -0.2674     -0.2242        3
 0.67317E-02      0.0477     -0.2728     -0.2252        3
 0.67526E-02      0.0520     -0.2743     -0.2223        3
 0.67735E-02      0.0560     -0.2735     -0.2175        3
 0.67944E-02      0.0599     -0.2733     -0.2134        3
 0.68154E-02      0.0636     -0.2741     -0.2105        3
 0.68363E-02      0.0670     -0.2759     -0.2089        3
 0.68572E-02      0.0703     -0.2823     -0.2119        3
 0.68781E-02      0.0734     -0.2905     -0.2171        3
 0.68990E-02      0.0763     -0.3011     -0.2247        3
 0.69199E-02      0.0791     -0.3121     -0.2330        3
 0.69408E-02      0.0817     -0.3309     -0.2491        3
 0.69617E-02      0.0843     -0.3539     -0.2696        3
 0.69826E-02      0.0866     -0.3767     -0.2901        3
 0.70035E-02      0.0888     -0.3968     -0.3080        3
 0.70244E-02      0.0909     -0.4082     -0.3173        3
 0.70453E-02      0.0929     -0.4213     -0.3284        3
 0.70662E-02      0.0947     -0.4353     -0.3406        3
 0.70871E-02      0.0965     -0.4445     -0.3480        3
 0.71080E-02      0.0982     -0.4430     -0.3448        3
 0.71289E-02      0.0997     -0.4309     -0.3312        3
 0.71499E-02      0.1012     -0.4139     -0.3126        3
 0.71708E-02      0.1026     -0.3958     -0.2932        3
 0.71917E-02      0.1039     -0.3835     -0.2796        3
 0.72126E-02      0.1051     -0.3704     -0.2653        3
 0.72335E-02      0.1063     -0.3586     -0.2523        3
 0.72544E-02      0.1074     -0.3488     -0.2414        3
 0.72753E-02      0.1084     -0.3399     -0.2315        3
 0.72962E-02      0.1093     -0.3371     -0.2278        3
 0.73171E-02      0.1103     -0.3417     -0.2314        3
 0.73380E-02      0.1111     -0.3512     -0.2401        3
 0.73589E-02      0.1119     -0.3623     -0.2504        3
 0.73798E-02      0.1126     -0.3693     -0.2567        3
 0.74007E-02      0.1133     -0.3700     -0.2567        3
 0.74216E-02      0.1140     -0.3672     -0.2532        3
 0.74425E-02      0.1146     -0.3662     -0.2516        3
 0.74634E-02      0.1152     -0.3648     -0.2496        3
 0.74843E-02      0.1158     -0.3616     -0.2458        3
 0.75053E-02      0.1162     -0.3560     -0.2398        3
 0.75262E-02      0.1167     -0.3505     -0.2338        3
 0.75471E-02      0.1171     -0.3482     -0.2310        3
 0.75680E-02      0.1176     -0.3508     -0.2332        3
 0.75889E-02      0.1180     -0.3521     -0.2342        3
 0.76098E-02      0.1183     -0.3534     -0.2351        3
 0.76307E-02      0.1187     -0.3576     -0.2390        3
 0.76516E-02      0.1190     -0.3627     -0.2437        3
 0.76725E-02      0.1193     -0.3681     -0.2488        3
 0.76934E-02      0.1196     -0.3703     -0.2507        3
 0.77143E-02      0.1199     -0.3672     -0.2473        3
 0.77352E-02      0.1201     -0.3616     -0.2415        3
 0.77561E-02      0.1204     -0.3565     -0.2361        3
 0.77770E-02      0.1206     -0.3534     -0.2328        3
 0.77979E-02      0.1208     -0.3487     -0.2279        3
 0.78188E-02      0.1210     -0.3434     -0.2225        3
 0.78397E-02      0.1212     -0.3373     -0.2161        3
 0.78607E-02      0.1214     -0.3326     -0.2112        3
 0.78816E-02      0.1215     -0.3316     -0.2100        3
 0.79025E-02      0.1217     -0.3345     -0.2128        3
 0.79234E-02      0.1219     -0.3388     -0.2169        3
 0.79443E-02      0.1220     -0.3418     -0.2198        3
 0.79652E-02      0.1222     -0.3424     -0.2202        3
 0.79861E-02      0.1223     -0.3415     -0.2192        3
 0.80070E-02      0.1224     -0.3405     -0.2180        3
 0.80279E-02      0.1225     -0.3381     -0.2155        3
 0.80488E-02      0.1227     -0.3347     -0.2120        3
 0.80697E-02      0.1228     -0.3287     -0.2059        3
 0.80906E-02      0.1229     -0.3217     -0.1988        3
 0.81115E-02      0.1230     -0.3139     -0.1908        3
 0.81324E-02      0.1231     -0.3069     -0.1838        3
 0.81533E-02      0.1232     -0.3005     -0.1773        3
 0.81742E-02      0.1233     -0.2958     -0.1725        3
 0.81951E-02      0.1234     -0.2935     -0.1700        3
 0.82161E-02      0.1235     -0.2919     -0.1684        3
 0.82370E-02      0.1236     -0.2912     -0.1676        3
 0.82579E-02      0.1237     -0.2893     -0.1656        3
 0.82788E-02      0.1238     -0.2858     -0.1620        3
 0.82997E-02      0.1239     -0.2805     -0.1566        3
 0.83206E-02      0.1240     -0.2736     -0.1496        3
 0.83415E-02      0.1241     -0.2665     -0.1424        3
 0.83624E-02      0.1241     -0.2570     -0.1329        3
 0.83833E-02      0.1242     -0.2472     -0.1229        3
 0.84042E-02      0.1243     -0.2382     -0.1139        3
 0.84251E-02      0.1244     -0.2287     -0.1043        3
 0.84460E-02      0.1244     -0.2212     -0.0968        3
 0.84669E-02      0.1245     -0.2140     -0.0895        3
 0.84878E-02      0.1246     -0.2078     -0.0833        3
 0.85087E-02      0.1247     -0.2026     -0.0779        3
 0.85297E-02      0.1247     -0.1977     -0.0731        3
 0.85505E-02      0.1247     -0.1943     -0.0696        3
 0.85715E-02      0.1247     -0.1912     -0.0665        3
 0.85924E-02      0.1248     -0.1881     -0.0633        3
 0.86133E-02      0.1248     -0.1849     -0.0601        3
 0.86342E-02      0.1249     -0.1802     -0.0553        3
 0.86551E-02      0.1249     -0.1758     -0.0509        3
 0.86760E-02      0.1249     -0.1718     -0.0469        3
 0.86969E-02      0.1249     -0.1671     -0.0422        3
 0.87178E-02      0.1249     -0.1610     -0.0361        3
 0.87387E-02      0.1248     -0.1534     -0.0286        3
 0.87596E-02      0.1249     -0.1441     -0.0193        3
 0.87805E-02      0.1248     -0.1356     -0.0108        3
 0.88014E-02      0.1247     -0.1278     -0.0030        3
 0.88223E-02      0.1247     -0.1225      0.0022        3
 0.88432E-02      0.1246     -0.1177      0.0069        3
 0.88641E-02      0.1245     -0.1109      0.0136        3
 0.88851E-02      0.1244     -0.1013      0.0231        3
 0.89060E-02      0.1242     -0.0908      0.0335        3
 0.89269E-02      0.1241     -0.0804      0.0437        3
 0.89478E-02      0.1239     -0.0708      0.0531        3
 0.89687E-02      0.1237     -0.0597      0.0640        3
 0.89896E-02      0.1235     -0.0484      0.0751        3
 0.90105E-02      0.1232     -0.0383      0.0849        3
 0.90314E-02      0.1230     -0.0293      0.0937        3
 0.90523E-02      0.1227     -0.0237      0.0989        3
 0.90732E-02      0.1223     -0.0216      0.1007        3
 0.90941E-02      0.1220     -0.0200      0.1019        3
 0.91150E-02      0.1216     -0.0161      0.1055        3
 0.91359E-02      0.1211     -0.0072      0.1139        3
 0.91568E-02      0.1207      0.0071      0.1278        3
 0.91777E-02      0.1201      0.0240      0.1441        3
 0.91986E-02      0.1196      0.0372      0.1568        3
 0.92195E-02      0.1190      0.0488      0.1677        3
 0.92405E-02      0.1183      0.0597      0.1780        3
 0.92614E-02      0.1176      0.0701      0.1877        3
 0.92823E-02      0.1169      0.0770      0.1939        3
 0.93032E-02      0.1161      0.0814      0.1975        3
 0.93241E-02      0.1152      0.0843      0.1995        3
 0.93450E-02      0.1143      0.0864      0.2007        3
 0.93659E-02      0.1133      0.0914      0.2047        3
 0.93868E-02      0.1122      0.0955      0.2077        3
 0.94077E-02      0.1111      0.1005      0.2116        3
 0.94286E-02      0.1099      0.1126      0.2225        3
 0.94495E-02      0.1086      0.1315      0.2401        3
 0.94704E-02      0.1073      0.1543      0.2615        3
 0.94913E-02      0.1058      0.1789      0.2847        3
 0.95122E-02      0.1043      0.1975      0.3017        3
 0.95331E-02      0.1026      0.2114      0.3140        3
 0.95540E-02      0.1009      0.2194      0.3203        3
 0.95749E-02      0.0990      0.2215      0.3206        3
 0.95958E-02      0.0971      0.2228      0.3199        3
 0.96168E-02      0.0950      0.2299      0.3249        3
 0.96377E-02      0.0928      0.2355      0.3283        3
 0.96586E-02      0.0905      0.2496      0.3402        3
 0.96795E-02      0.0881      0.2693      0.3574        3
 0.97004E-02      0.0855      0.3023      0.3878        3
 0.97213E-02      0.0828      0.3383      0.4211        3
 0.97422E-02      0.0800      0.3566      0.4366        3
 0.97631E-02      0.0769      0.3677      0.4446        3
 0.97840E-02      0.0737      0.3922      0.4659        3
 0.98049E-02      0.0704      0.4270      0.4974        3
 0.98258E-02      0.0669      0.4407      0.5075        3
 0.98467E-02      0.0632      0.4424      0.5056        3
 0.98676E-02      0.0593      0.4606      0.5199        3
 0.98885E-02      0.0552      0.5087      0.5640        3
 0.99094E-02      0.0510      0.5797      0.6306        3
 0.99303E-02      0.0465      0.6475      0.6940        3
 0.99512E-02      0.0418      0.7154      0.7572        3
 0.99722E-02      0.0369      0.7962      0.8331        3
 0.99931E-02      0.0318      0.8868      0.9186        3
 0.10014E-01      0.0264      0.9716      0.9979        3
 0.10035E-01      0.0208      1.0680      1.0888        3
 0.10056E-01      0.0149      1.1652      1.1801        3
 0.10077E-01      0.0088      1.2596      1.2684        3
 0.10098E-01      0.0024      1.3456      1.3480        3
 0.10119E-01     -0.0042      1.4239      1.4197        3
 0.10139E-01     -0.0111      1.5007      1.4897        3
 0.10160E-01     -0.0183      1.5829      1.5647        3
 0.10181E-01     -0.0257      1.6509      1.6252        3
 0.10202E-01     -0.0334      1.6750      1.6416        3
 0.10223E-01     -0.0414      1.6716      1.6302        3
 0.10244E-01     -0.0497      1.6558      1.6061        3
 0.10265E-01     -0.0583      1.6056      1.5473        3
 0.10286E-01     -0.0670      1.5005      1.4335        3
 0.10307E-01     -0.0762      1.3328      1.2566        3
 0.10328E-01     -0.0856      1.1470      1.0613        3
 0.10348E-01     -0.0953      0.9000      0.8048        3
 0.10369E-01     -0.1052      0.5353      0.4301        3
 0.10390E-01     -0.1153      0.0193     -0.0960        3
 0.10411E-01     -0.1258     -0.6036     -0.7293        3
 0.10432E-01     -0.1363     -1.2629     -1.3991        3
 0.10453E-01     -0.1471     -2.1297     -2.2768        3
 0.10474E-01     -0.1580     -3.2273     -3.3854        3
 0.10495E-01     -0.1692     -4.4557     -4.6249        3
 0.10516E-01     -0.1805     -5.5022     -5.6827        3
 0.10537E-01     -0.1918     -6.0341     -6.2259        3
 0.10557E-01     -0.2033     -6.1098     -6.3131        3
 0.10578E-01     -0.2145     -5.8495     -6.0641        3
 0.10599E-01     -0.2260     -5.3921     -5.6182        3
 0.10620E-01     -0.2374     -4.4341     -4.6715        3
 0.10641E-01     -0.2487     -2.9760     -3.2247        3
 0.10662E-01     -0.2598     -1.4442     -1.7040        3
 0.10683E-01     -0.2707     -0.1185     -0.3892        3
  0.0000         -0.2444     -2.7326     -2.9770        4
 0.20906E-04     -0.2549     -1.6865     -1.9413        4
 0.41812E-04     -0.2649     -0.6435     -0.9084        4
 0.62718E-04     -0.2749      0.3063      0.0313        4
 0.83624E-04     -0.2844      1.0877      0.8034        4
 0.10453E-03     -0.2937      1.7103      1.4166        4
 0.12544E-03     -0.3024      2.1133      1.8108        4
 0.14634E-03     -0.3108      2.5259      2.2152        4
 0.16725E-03     -0.3185      2.7198      2.4014        4
 0.18815E-03     -0.3256      2.6237      2.2981        4
 0.20906E-03     -0.3322      2.5389      2.2068        4
 0.22997E-03     -0.3378      2.4447      2.1069        4
 0.25087E-03     -0.3430      2.2947      1.9517        4
 0.27178E-03     -0.3472      2.1174      1.7702        4
 0.29268E-03     -0.3507      1.9612      1.6106        4
 0.31359E-03     -0.3532      1.8264      1.4731        4
 0.33450E-03     -0.3551      1.7107      1.3556        4
 0.35540E-03     -0.3557      1.5863      1.2306        4
 0.37631E-03     -0.3559      1.4667      1.1108        4
 0.39721E-03     -0.3548      1.3341      0.9793        4
 0.41812E-03     -0.3527      1.1830      0.8302        4
 0.43903E-03     -0.3505      1.0582      0.7077        4
 0.45993E-03     -0.3464      0.9443      0.5980        4
 0.48084E-03     -0.3420      0.8377      0.4957        4
 0.50174E-03     -0.3371      0.7409      0.4039        4
 0.52265E-03     -0.3303      0.7004      0.3701        4
 0.54356E-03     -0.3243      0.6895      0.3652        4
 0.56446E-03     -0.3162      0.6849      0.3687        4
 0.58537E-03     -0.3080      0.6739      0.3658        4
 0.60627E-03     -0.2999      0.6776      0.3777        4
 0.62718E-03     -0.2899      0.6691      0.3793        4
 0.64809E-03     -0.2811      0.6324      0.3513        4
 0.66899E-03     -0.2702      0.5844      0.3142        4
 0.68990E-03     -0.2601      0.5333      0.2733        4
 0.71080E-03     -0.2494      0.4890      0.2396        4
 0.73171E-03     -0.2381      0.4406      0.2025        4
 0.75262E-03     -0.2275      0.3884      0.1608        4
 0.77352E-03     -0.2156      0.3424      0.1267        4
 0.79443E-03     -0.2048      0.3022      0.0974        4
 0.81533E-03     -0.1931      0.2699      0.0768        4
 0.83624E-03     -0.1818      0.2439      0.0621        4
 0.85715E-03     -0.1708      0.2112      0.0404        4
 0.87805E-03     -0.1592      0.1825      0.0233        4
 0.89896E-03     -0.1485      0.1668      0.0183        4
 0.91986E-03     -0.1374      0.1771      0.0397        4
 0.94077E-03     -0.1267      0.1886      0.0618        4
 0.96168E-03     -0.1165      0.1931      0.0766        4
 0.98258E-03     -0.1060      0.1886      0.0826        4
 0.10035E-02     -0.0961      0.1914      0.0953        4
 0.10244E-02     -0.0863      0.1870      0.1007        4
 0.10453E-02     -0.0768      0.1730      0.0963        4
 0.10662E-02     -0.0678      0.1539      0.0861        4
 0.10871E-02     -0.0588      0.1348      0.0760        4
 0.11080E-02     -0.0502      0.1346      0.0844        4
 0.11289E-02     -0.0420      0.1323      0.0903        4
 0.11498E-02     -0.0339      0.1371      0.1031        4
 0.11707E-02     -0.0263      0.1390      0.1127        4
 0.11916E-02     -0.0190      0.1339      0.1149        4
 0.12125E-02     -0.0118      0.1075      0.0957        4
 0.12335E-02     -0.0051      0.0753      0.0702        4
 0.12544E-02      0.0014      0.0436      0.0450        4
 0.12753E-02      0.0077      0.0194      0.0271        4
 0.12962E-02      0.0137     -0.0061      0.0075        4
 0.13171E-02      0.0194     -0.0281     -0.0087        4
 0.13380E-02      0.0248     -0.0405     -0.0157        4
 0.13589E-02      0.0300     -0.0400     -0.0100        4
 0.13798E-02      0.0350     -0.0349      0.0001        4
 0.14007E-02      0.0397     -0.0335      0.0062        4
 0.14216E-02      0.0441     -0.0331      0.0111        4
 0.14425E-02      0.0484     -0.0302      0.0183        4
 0.14634E-02      0.0525     -0.0275      0.0250        4
 0.14843E-02      0.0564     -0.0267      0.0296        4
 0.15052E-02      0.0600     -0.0298      0.0303        4
 0.15261E-02      0.0635     -0.0351      0.0284        4
 0.15470E-02      0.0668     -0.0390      0.0278        4
 0.15680E-02      0.0699     -0.0466      0.0233        4
 0.15889E-02      0.0729     -0.0580      0.0149        4
 0.16098E-02      0.0757     -0.0716      0.0041        4
 0.16307E-02      0.0784     -0.0876     -0.0093        4
 0.16516E-02      0.0809     -0.1063     -0.0254        4
 0.16725E-02      0.0832     -0.1305     -0.0473        4
 0.16934E-02      0.0855     -0.1573     -0.0717        4
 0.17143E-02      0.0876     -0.1824     -0.0948        4
 0.17352E-02      0.0896     -0.2007     -0.1110        4
 0.17561E-02      0.0916     -0.2160     -0.1245        4
 0.17770E-02      0.0933     -0.2334     -0.1401        4
 0.17979E-02      0.0950     -0.2467     -0.1517        4
 0.18188E-02      0.0966     -0.2550     -0.1584        4
 0.18397E-02      0.0981     -0.2515     -0.1534        4
 0.18606E-02      0.0995     -0.2393     -0.1397        4
 0.18815E-02      0.1009     -0.2256     -0.1247        4
 0.19024E-02      0.1021     -0.2170     -0.1149        4
 0.19234E-02      0.1033     -0.2106     -0.1073        4
 0.19443E-02      0.1044     -0.1996     -0.0952        4
 0.19652E-02      0.1055     -0.1867     -0.0812        4
 0.19861E-02      0.1065     -0.1736     -0.0671        4
 0.20070E-02      0.1074     -0.1645     -0.0571        4
 0.20279E-02      0.1083     -0.1624     -0.0541        4
 0.20488E-02      0.1091     -0.1661     -0.0570        4
 0.20697E-02      0.1099     -0.1705     -0.0606        4
 0.20906E-02      0.1106     -0.1713     -0.0607        4
 0.21115E-02      0.1113     -0.1680     -0.0567        4
 0.21324E-02      0.1119     -0.1620     -0.0500        4
 0.21533E-02      0.1125     -0.1566     -0.0441        4
 0.21742E-02      0.1131     -0.1529     -0.0398        4
 0.21951E-02      0.1136     -0.1479     -0.0343        4
 0.22160E-02      0.1141     -0.1391     -0.0250        4
 0.22369E-02      0.1146     -0.1292     -0.0146        4
 0.22579E-02      0.1150     -0.1217     -0.0067        4
 0.22788E-02      0.1154     -0.1213     -0.0059        4
 0.22997E-02      0.1158     -0.1223     -0.0065        4
 0.23206E-02      0.1162     -0.1247     -0.0085        4
 0.23415E-02      0.1165     -0.1290     -0.0125        4
 0.23624E-02      0.1168     -0.1351     -0.0183        4
 0.23833E-02      0.1171     -0.1430     -0.0259        4
 0.24042E-02      0.1174     -0.1499     -0.0325        4
 0.24251E-02      0.1177     -0.1519     -0.0342        4
 0.24460E-02      0.1180     -0.1494     -0.0314        4
 0.24669E-02      0.1182     -0.1453     -0.0271        4
 0.24878E-02      0.1184     -0.1408     -0.0224        4
 0.25087E-02      0.1186     -0.1351     -0.0164        4
 0.25296E-02      0.1188     -0.1272     -0.0084        4
 0.25505E-02      0.1190     -0.1184      0.0007        4
 0.25714E-02      0.1192     -0.1101      0.0091        4
 0.25923E-02      0.1194     -0.1058      0.0135        4
 0.26132E-02      0.1195     -0.1055      0.0140        4
 0.26342E-02      0.1197     -0.1073      0.0124        4
 0.26551E-02      0.1198     -0.1079      0.0120        4
 0.26760E-02      0.1200     -0.1060      0.0140        4
 0.26969E-02      0.1201     -0.1025      0.0177        4
 0.27178E-02      0.1202     -0.0986      0.0216        4
 0.27387E-02      0.1204     -0.0946      0.0258        4
 0.27596E-02      0.1205     -0.0892      0.0313        4
 0.27805E-02      0.1206     -0.0810      0.0396        4
 0.28014E-02      0.1207     -0.0713      0.0494        4
 0.28223E-02      0.1208     -0.0621      0.0587        4
 0.28432E-02      0.1209     -0.0540      0.0669        4
 0.28641E-02      0.1210     -0.0462      0.0749        4
 0.28850E-02      0.1211     -0.0400      0.0811        4
 0.29059E-02      0.1212     -0.0349      0.0863        4
 0.29268E-02      0.1213     -0.0315      0.0898        4
 0.29478E-02      0.1214     -0.0303      0.0911        4
 0.29687E-02      0.1215     -0.0298      0.0917        4
 0.29896E-02      0.1216     -0.0279      0.0936        4
 0.30105E-02      0.1217     -0.0235      0.0981        4
 0.30314E-02      0.1217     -0.0180      0.1037        4
 0.30523E-02      0.1218     -0.0132      0.1086        4
 0.30732E-02      0.1219     -0.0084      0.1134        4
 0.30941E-02      0.1220     -0.0025      0.1194        4
 0.31150E-02      0.1220      0.0037      0.1257        4
 0.31359E-02      0.1221      0.0125      0.1346        4
 0.31568E-02      0.1221      0.0215      0.1436        4
 0.31777E-02      0.1222      0.0301      0.1523        4
 0.31986E-02      0.1222      0.0388      0.1610        4
 0.32195E-02      0.1223      0.0474      0.1697        4
 0.32404E-02      0.1223      0.0557      0.1780        4
 0.32613E-02      0.1223      0.0648      0.1871        4
 0.32822E-02      0.1224      0.0736      0.1959        4
 0.33031E-02      0.1224      0.0822      0.2046        4
 0.33240E-02      0.1224      0.0895      0.2119        4
 0.33450E-02      0.1224      0.0968      0.2192        4
 0.33659E-02      0.1224      0.1033      0.2256        4
 0.33868E-02      0.1224      0.1096      0.2319        4
 0.34077E-02      0.1223      0.1164      0.2388        4
 0.34286E-02      0.1223      0.1223      0.2446        4
 0.34495E-02      0.1222      0.1291      0.2513        4
 0.34704E-02      0.1222      0.1374      0.2596        4
 0.34913E-02      0.1221      0.1465      0.2686        4
 0.35122E-02      0.1220      0.1557      0.2777        4
 0.35331E-02      0.1219      0.1635      0.2854        4
 0.35540E-02      0.1218      0.1706      0.2924        4
 0.35749E-02      0.1216      0.1801      0.3017        4
 0.35958E-02      0.1215      0.1923      0.3138        4
 0.36167E-02      0.1213      0.2053      0.3266        4
 0.36376E-02      0.1211      0.2182      0.3393        4
 0.36586E-02      0.1209      0.2294      0.3502        4
 0.36795E-02      0.1206      0.2395      0.3601        4
 0.37004E-02      0.1204      0.2502      0.3705        4
 0.37213E-02      0.1201      0.2610      0.3811        4
 0.37422E-02      0.1197      0.2713      0.3910        4
 0.37631E-02      0.1194      0.2791      0.3985        4
 0.37840E-02      0.1190      0.2833      0.4023        4
 0.38049E-02      0.1186      0.2887      0.4073        4
 0.38258E-02      0.1181      0.2989      0.4170        4
 0.38467E-02      0.1176      0.3167      0.4343        4
 0.38676E-02      0.1171      0.3397      0.4567        4
 0.38885E-02      0.1165      0.3652      0.4817        4
 0.39094E-02      0.1159      0.3867      0.5025        4
 0.39303E-02      0.1152      0.4050      0.5202        4
 0.39512E-02      0.1145      0.4217      0.5361        4
 0.39721E-02      0.1137      0.4370      0.5507        4
 0.39931E-02      0.1129      0.4502      0.5631        4
 0.40140E-02      0.1120      0.4618      0.5738        4
 0.40349E-02      0.1110      0.4682      0.5793        4
 0.40558E-02      0.1100      0.4699      0.5800        4
 0.40767E-02      0.1090      0.4725      0.5814        4
 0.40976E-02      0.1078      0.4786      0.5864        4
 0.41185E-02      0.1066      0.4873      0.5939        4
 0.41394E-02      0.1053      0.5022      0.6075        4
 0.41603E-02      0.1039      0.5191      0.6230        4
 0.41812E-02      0.1024      0.5373      0.6398        4
 0.42021E-02      0.1009      0.5609      0.6618        4
 0.42230E-02      0.0993      0.5815      0.6808        4
 0.42439E-02      0.0975      0.5977      0.6951        4
 0.42648E-02      0.0956      0.5986      0.6942        4
 0.42857E-02      0.0937      0.5988      0.6924        4
 0.43066E-02      0.0916      0.6024      0.6940        4
 0.43275E-02      0.0894      0.6177      0.7072        4
 0.43484E-02      0.0871      0.6369      0.7240        4
 0.43694E-02      0.0847      0.6641      0.7488        4
 0.43903E-02      0.0821      0.6999      0.7820        4
 0.44112E-02      0.0794      0.7464      0.8258        4
 0.44321E-02      0.0766      0.7953      0.8720        4
 0.44530E-02      0.0736      0.8246      0.8982        4
 0.44739E-02      0.0705      0.8421      0.9125        4
 0.44948E-02      0.0672      0.8607      0.9279        4
 0.45157E-02      0.0637      0.8915      0.9552        4
 0.45366E-02      0.0600      0.9138      0.9739        4
 0.45575E-02      0.0563      0.9192      0.9755        4
 0.45784E-02      0.0523      0.9374      0.9896        4
 0.45993E-02      0.0481      0.9734      1.0214        4
 0.46202E-02      0.0437      1.0302      1.0739        4
 0.46411E-02      0.0391      1.0904      1.1294        4
 0.46620E-02      0.0343      1.1442      1.1785        4
 0.46829E-02      0.0293      1.1928      1.2220        4
 0.47039E-02      0.0240      1.2398      1.2639        4
 0.47247E-02      0.0186      1.2866      1.3051        4
 0.47457E-02      0.0129      1.3487      1.3616        4
 0.47666E-02      0.0070      1.4176      1.4245        4
 0.47875E-02      0.0007      1.4913      1.4920        4
 0.48084E-02     -0.0057      1.5685      1.5628        4
 0.48293E-02     -0.0123      1.6535      1.6412        4
 0.48502E-02     -0.0193      1.7407      1.7214        4
 0.48711E-02     -0.0265      1.8144      1.7879        4
 0.48920E-02     -0.0339      1.8775      1.8436        4
 0.49129E-02     -0.0416      1.8953      1.8536        4
 0.49338E-02     -0.0496      1.8697      1.8201        4
 0.49547E-02     -0.0579      1.7991      1.7412        4
 0.49756E-02     -0.0663      1.7217      1.6555        4
 0.49965E-02     -0.0751      1.5981      1.5230        4
 0.50174E-02     -0.0841      1.4080      1.3239        4
 0.50383E-02     -0.0933      1.1766      1.0833        4
 0.50593E-02     -0.1028      0.9287      0.8259        4
 0.50802E-02     -0.1124      0.6113      0.4990        4
 0.51011E-02     -0.1224      0.1662      0.0438        4
 0.51220E-02     -0.1325     -0.3916     -0.5241        4
 0.51429E-02     -0.1427     -0.9906     -1.1333        4
 0.51638E-02     -0.1532     -1.6084     -1.7616        4
 0.51847E-02     -0.1637     -2.3432     -2.5069        4
 0.52056E-02     -0.1745     -3.1838     -3.3584        4
 0.52265E-02     -0.1852     -3.9181     -4.1033        4
 0.52474E-02     -0.1961     -4.3329     -4.5290        4
 0.52683E-02     -0.2068     -4.3061     -4.5129        4
 0.52892E-02     -0.2176     -3.9262     -4.1438        4
 0.53101E-02     -0.2285     -3.5574     -3.7859        4
 0.53310E-02     -0.2391     -3.1147     -3.3538        4
 0.53519E-02     -0.2497     -2.2407     -2.4904        4
 0.53728E-02     -0.2599     -1.1497     -1.4096        4
 0.53938E-02     -0.2700     -0.1542     -0.4242        4
 0.54146E-02     -0.2796      0.7166      0.4370        4
 0.54356E-02     -0.2891      1.4339      1.1448        4
 0.54565E-02     -0.2981      1.8972      1.5991        4
 0.54774E-02     -0.3067      2.3367      2.0300        4
 0.54983E-02     -0.3147      2.6643      2.3496        4
 0.55192E-02     -0.3221      2.6921      2.3700        4
 0.55401E-02     -0.3290      2.5846      2.2557        4
 0.55610E-02     -0.3350      2.4931      2.1581        4
 0.55819E-02     -0.3406      2.3808      2.0402        4
 0.56028E-02     -0.3451      2.2016      1.8565        4
 0.56237E-02     -0.3490      2.0353      1.6862        4
 0.56446E-02     -0.3521      1.8929      1.5409        4
 0.56655E-02     -0.3543      1.7670      1.4127        4
 0.56864E-02     -0.3554      1.6438      1.2884        4
 0.57073E-02     -0.3561      1.5286      1.1725        4
 0.57282E-02     -0.3554      1.4024      1.0470        4
 0.57492E-02     -0.3538      1.2548      0.9011        4
 0.57700E-02     -0.3520      1.1191      0.7672        4
 0.57910E-02     -0.3483      0.9973      0.6490        4
 0.58119E-02     -0.3443      0.8904      0.5460        4
 0.58328E-02     -0.3398      0.7872      0.4474        4
 0.58537E-02     -0.3334      0.7119      0.3785        4
 0.58746E-02     -0.3278      0.6932      0.3654        4
 0.58955E-02     -0.3201      0.6886      0.3685        4
 0.59164E-02     -0.3122      0.6770      0.3649        4
 0.59373E-02     -0.3043      0.6753      0.3710        4
 0.59582E-02     -0.2945      0.6767      0.3822        4
 0.59791E-02     -0.2860      0.6554      0.3694        4
 0.60000E-02     -0.2753      0.6099      0.3346        4
 0.60209E-02     -0.2653      0.5575      0.2922        4
 0.60418E-02     -0.2548      0.5080      0.2532        4
 0.60627E-02     -0.2436      0.4664      0.2228        4
 0.60836E-02     -0.2331      0.4141      0.1809        4
 0.61045E-02     -0.2213      0.3647      0.1434        4
 0.61255E-02     -0.2105      0.3201      0.1097        4
 0.61464E-02     -0.1988      0.2866      0.0878        4
 0.61673E-02     -0.1874      0.2574      0.0700        4
 0.61882E-02     -0.1764      0.2272      0.0507        4
 0.62091E-02     -0.1648      0.1954      0.0305        4
 0.62300E-02     -0.1541      0.1704      0.0164        4
 0.62509E-02     -0.1428      0.1723      0.0294        4
 0.62718E-02     -0.1320      0.1820      0.0500        4
 0.62927E-02     -0.1217      0.1953      0.0736        4
 0.63136E-02     -0.1111      0.1881      0.0770        4
 0.63345E-02     -0.1011      0.1918      0.0906        4
 0.63554E-02     -0.0911      0.1902      0.0991        4
 0.63763E-02     -0.0815      0.1819      0.1005        4
 0.63972E-02     -0.0724      0.1629      0.0905        4
 0.64181E-02     -0.0632      0.1441      0.0809        4
 0.64391E-02     -0.0545      0.1327      0.0782        4
 0.64600E-02     -0.0462      0.1336      0.0874        4
 0.64809E-02     -0.0379      0.1324      0.0945        4
 0.65018E-02     -0.0301      0.1390      0.1089        4
 0.65227E-02     -0.0227      0.1386      0.1160        4
 0.65436E-02     -0.0154      0.1228      0.1075        4
 0.65645E-02     -0.0084      0.0920      0.0836        4
 0.65854E-02     -0.0018      0.0577      0.0559        4
 0.66063E-02      0.0047      0.0313      0.0359        4
 0.66272E-02      0.0107      0.0066      0.0173        4
 0.66481E-02      0.0166     -0.0175     -0.0009        4
 0.66690E-02      0.0221     -0.0356     -0.0135        4
 0.66899E-02      0.0274     -0.0416     -0.0141        4
 0.67108E-02      0.0325     -0.0373     -0.0048        4
 0.67317E-02      0.0374     -0.0333      0.0040        4
 0.67526E-02      0.0419     -0.0337      0.0083        4
 0.67735E-02      0.0463     -0.0314      0.0150        4
 0.67944E-02      0.0505     -0.0289      0.0216        4
 0.68154E-02      0.0545     -0.0269      0.0275        4
 0.68363E-02      0.0582     -0.0269      0.0313        4
 0.68572E-02      0.0618     -0.0328      0.0289        4
 0.68781E-02      0.0652     -0.0368      0.0284        4
 0.68990E-02      0.0684     -0.0419      0.0265        4
 0.69199E-02      0.0714     -0.0519      0.0195        4
 0.69408E-02      0.0743     -0.0645      0.0099        4
 0.69617E-02      0.0770     -0.0793     -0.0023        4
 0.69826E-02      0.0797     -0.0965     -0.0169        4
 0.70035E-02      0.0821     -0.1172     -0.0351        4
 0.70244E-02      0.0844     -0.1437     -0.0593        4
 0.70453E-02      0.0866     -0.1707     -0.0841        4
 0.70662E-02      0.0886     -0.1926     -0.1040        4
 0.70871E-02      0.0906     -0.2083     -0.1176        4
 0.71080E-02      0.0924     -0.2247     -0.1323        4
 0.71289E-02      0.0942     -0.2406     -0.1464        4
 0.71499E-02      0.0958     -0.2518     -0.1560        4
 0.71708E-02      0.0974     -0.2547     -0.1573        4
 0.71917E-02      0.0988     -0.2460     -0.1471        4
 0.72126E-02      0.1002     -0.2325     -0.1323        4
 0.72335E-02      0.1015     -0.2210     -0.1194        4
 0.72544E-02      0.1027     -0.2143     -0.1116        4
 0.72753E-02      0.1039     -0.2053     -0.1014        4
 0.72962E-02      0.1050     -0.1934     -0.0884        4
 0.73171E-02      0.1060     -0.1797     -0.0737        4
 0.73380E-02      0.1069     -0.1679     -0.0610        4
 0.73589E-02      0.1078     -0.1629     -0.0550        4
 0.73798E-02      0.1087     -0.1637     -0.0550        4
 0.74007E-02      0.1095     -0.1687     -0.0592        4
 0.74216E-02      0.1102     -0.1716     -0.0613        4
 0.74425E-02      0.1109     -0.1700     -0.0591        4
 0.74634E-02      0.1116     -0.1651     -0.0535        4
 0.74843E-02      0.1122     -0.1590     -0.0467        4
 0.75053E-02      0.1128     -0.1550     -0.0422        4
 0.75262E-02      0.1134     -0.1505     -0.0372        4
 0.75471E-02      0.1139     -0.1438     -0.0299        4
 0.75680E-02      0.1143     -0.1340     -0.0197        4
 0.75889E-02      0.1148     -0.1244     -0.0096        4
 0.76098E-02      0.1152     -0.1211     -0.0059        4
 0.76307E-02      0.1156     -0.1213     -0.0057        4
 0.76516E-02      0.1160     -0.1236     -0.0076        4
 0.76725E-02      0.1164     -0.1266     -0.0103        4
 0.76934E-02      0.1167     -0.1318     -0.0151        4
 0.77143E-02      0.1170     -0.1389     -0.0219        4
 0.77352E-02      0.1173     -0.1469     -0.0296        4
 0.77561E-02      0.1176     -0.1515     -0.0340        4
 0.77770E-02      0.1178     -0.1511     -0.0332        4
 0.77979E-02      0.1181     -0.1473     -0.0292        4
 0.78188E-02      0.1183     -0.1431     -0.0247        4
 0.78397E-02      0.1185     -0.1380     -0.0195        4
 0.78607E-02      0.1187     -0.1313     -0.0126        4
 0.78816E-02      0.1189     -0.1227     -0.0038        4
 0.79025E-02      0.1191     -0.1140      0.0051        4
 0.79234E-02      0.1193     -0.1073      0.0120        4
 0.79443E-02      0.1194     -0.1054      0.0141        4
 0.79652E-02      0.1196     -0.1062      0.0134        4
 0.79861E-02      0.1198     -0.1080      0.0117        4
 0.80070E-02      0.1199     -0.1075      0.0125        4
 0.80279E-02      0.1200     -0.1042      0.0159        4
 0.80488E-02      0.1202     -0.1009      0.0192        4
 0.80697E-02      0.1203     -0.0968      0.0236        4
 0.80906E-02      0.1204     -0.0924      0.0280        4
 0.81115E-02      0.1206     -0.0853      0.0352        4
 0.81324E-02      0.1207     -0.0766      0.0441        4
 0.81533E-02      0.1208     -0.0662      0.0546        4
 0.81742E-02      0.1209     -0.0581      0.0628        4
 0.81951E-02      0.1210     -0.0501      0.0709        4
 0.82161E-02      0.1211     -0.0427      0.0784        4
 0.82370E-02      0.1212     -0.0375      0.0837        4
 0.82579E-02      0.1213     -0.0326      0.0887        4
 0.82788E-02      0.1214     -0.0310      0.0904        4
 0.82997E-02      0.1215     -0.0300      0.0914        4
 0.83206E-02      0.1215     -0.0293      0.0923        4
 0.83415E-02      0.1216     -0.0260      0.0956        4
 0.83624E-02      0.1217     -0.0206      0.1011        4
 0.83833E-02      0.1218     -0.0157      0.1061        4
 0.84042E-02      0.1218     -0.0106      0.1112        4
 0.84251E-02      0.1219     -0.0056      0.1163        4
 0.84460E-02      0.1220      0.0004      0.1223        4
 0.84669E-02      0.1220      0.0079      0.1299        4
 0.84878E-02      0.1221      0.0169      0.1389        4
 0.85087E-02      0.1222      0.0258      0.1479        4
 0.85297E-02      0.1222      0.0343      0.1565        4
 0.85505E-02      0.1223      0.0430      0.1652        4
 0.85715E-02      0.1223      0.0519      0.1741        4
 0.85924E-02      0.1223      0.0601      0.1824        4
 0.86133E-02      0.1223      0.0691      0.1914        4
 0.86342E-02      0.1224      0.0780      0.2004        4
 0.86551E-02      0.1223      0.0858      0.2082        4
 0.86760E-02      0.1224      0.0934      0.2157        4
 0.86969E-02      0.1223      0.1002      0.2226        4
 0.87178E-02      0.1224      0.1061      0.2285        4
 0.87387E-02      0.1223      0.1133      0.2356        4
 0.87596E-02      0.1223      0.1194      0.2417        4
 0.87805E-02      0.1222      0.1257      0.2479        4
 0.88014E-02      0.1222      0.1332      0.2554        4
 0.88223E-02      0.1221      0.1419      0.2640        4
 0.88432E-02      0.1221      0.1513      0.2734        4
 0.88641E-02      0.1219      0.1595      0.2814        4
 0.88851E-02      0.1219      0.1670      0.2888        4
 0.89060E-02      0.1217      0.1751      0.2968        4
 0.89269E-02      0.1216      0.1859      0.3075        4
 0.89478E-02      0.1214      0.1987      0.3201        4
 0.89687E-02      0.1212      0.2120      0.3333        4
 0.89896E-02      0.1210      0.2239      0.3449        4
 0.90105E-02      0.1208      0.2343      0.3550        4
 0.90314E-02      0.1205      0.2448      0.3653        4
 0.90523E-02      0.1202      0.2558      0.3760        4
 0.90732E-02      0.1199      0.2663      0.3863        4
 0.90941E-02      0.1196      0.2755      0.3951        4
 0.91150E-02      0.1192      0.2812      0.4004        4
 0.91359E-02      0.1188      0.2861      0.4049        4
 0.91568E-02      0.1184      0.2927      0.4111        4
 0.91777E-02      0.1179      0.3069      0.4247        4
 0.91986E-02      0.1174      0.3274      0.4448        4
 0.92195E-02      0.1168      0.3526      0.4694        4
 0.92405E-02      0.1162      0.3766      0.4928        4
 0.92614E-02      0.1155      0.3960      0.5116        4
 0.92823E-02      0.1149      0.4132      0.5281        4
 0.93032E-02      0.1141      0.4300      0.5442        4
 0.93241E-02      0.1133      0.4441      0.5574        4
 0.93450E-02      0.1125      0.4562      0.5686        4
 0.93659E-02      0.1115      0.4657      0.5773        4
 0.93868E-02      0.1105      0.4696      0.5801        4
 0.94077E-02      0.1095      0.4709      0.5804        4
 0.94286E-02      0.1084      0.4751      0.5835        4
 0.94495E-02      0.1072      0.4826      0.5898        4
 0.94704E-02      0.1059      0.4945      0.6004        4
 0.94913E-02      0.1046      0.5106      0.6151        4
 0.95122E-02      0.1032      0.5272      0.6304        4
 0.95331E-02      0.1017      0.5491      0.6508        4
 0.95540E-02      0.1001      0.5706      0.6707        4
 0.95749E-02      0.0984      0.5919      0.6903        4
 0.95958E-02      0.0966      0.5999      0.6965        4
 0.96168E-02      0.0947      0.5987      0.6933        4
 0.96377E-02      0.0927      0.5989      0.6916        4
 0.96586E-02      0.0905      0.6091      0.6997        4
 0.96795E-02      0.0883      0.6275      0.7158        4
 0.97004E-02      0.0859      0.6497      0.7356        4
 0.97213E-02      0.0834      0.6814      0.7649        4
 0.97422E-02      0.0808      0.7215      0.8023        4
 0.97631E-02      0.0780      0.7722      0.8502        4
 0.97840E-02      0.0752      0.8121      0.8872        4
 0.98049E-02      0.0721      0.8337      0.9058        4
 0.98258E-02      0.0688      0.8508      0.9196        4
 0.98467E-02      0.0655      0.8751      0.9406        4
 0.98676E-02      0.0619      0.9066      0.9685        4
 0.98885E-02      0.0582      0.9160      0.9742        4
 0.99094E-02      0.0543      0.9266      0.9809        4
 0.99303E-02      0.0502      0.9527      1.0028        4
 0.99512E-02      0.0459      0.9999      1.0458        4
 0.99722E-02      0.0414      1.0609      1.1023        4
 0.99931E-02      0.0367      1.1182      1.1549        4
 0.10014E-01      0.0318      1.1692      1.2010        4
 0.10035E-01      0.0267      1.2163      1.2430        4
 0.10056E-01      0.0213      1.2624      1.2837        4
 0.10077E-01      0.0157      1.3161      1.3318        4
 0.10098E-01      0.0099      1.3835      1.3934        4
 0.10119E-01      0.0039      1.4538      1.4577        4
 0.10139E-01     -0.0025      1.5282      1.5257        4
 0.10160E-01     -0.0090      1.6096      1.6006        4
 0.10181E-01     -0.0158      1.6990      1.6832        4
 0.10202E-01     -0.0229      1.7779      1.7550        4
 0.10223E-01     -0.0302      1.8491      1.8189        4
 0.10244E-01     -0.0378      1.8920      1.8543        4
 0.10265E-01     -0.0456      1.8901      1.8446        4
 0.10286E-01     -0.0537      1.8366      1.7829        4
 0.10307E-01     -0.0621      1.7609      1.6988        4
 0.10328E-01     -0.0706      1.6705      1.5999        4
 0.10348E-01     -0.0796      1.5096      1.4300        4
 0.10369E-01     -0.0887      1.2938      1.2051        4
 0.10390E-01     -0.0980      1.0533      0.9554        4
 0.10411E-01     -0.1076      0.7879      0.6803        4
 0.10432E-01     -0.1173      0.4017      0.2844        4
 0.10453E-01     -0.1275     -0.0963     -0.2238        4
 0.10474E-01     -0.1376     -0.6871     -0.8247        4
 0.10495E-01     -0.1479     -1.2940     -1.4419        4
 0.10516E-01     -0.1585     -1.9648     -2.1232        4
 0.10537E-01     -0.1691     -2.7511     -2.9202        4
 0.10557E-01     -0.1799     -3.5692     -3.7491        4
 0.10578E-01     -0.1906     -4.1877     -4.3783        4
 0.10599E-01     -0.2015     -4.3555     -4.5570        4
 0.10620E-01     -0.2122     -4.1720     -4.3842        4
 0.10641E-01     -0.2230     -3.7295     -3.9525        4
 0.10662E-01     -0.2339     -3.3706     -3.6045        4
 0.10683E-01     -0.2444     -2.7326     -2.9770        4
  0.0000         -0.1171      0.4232      0.3061        5
 0.20906E-04     -0.1251      0.0277     -0.0974        5
 0.41812E-04     -0.1330     -0.4323     -0.5654        5
 0.62718E-04     -0.1411     -0.9330     -1.0741        5
 0.83624E-04     -0.1492     -1.3554     -1.5046        5
 0.10453E-03     -0.1574     -1.7503     -1.9076        5
 0.12544E-03     -0.1656     -2.1935     -2.3591        5
 0.14634E-03     -0.1735     -2.4738     -2.6473        5
 0.16725E-03     -0.1816     -2.6621     -2.8437        5
 0.18815E-03     -0.1895     -2.4845     -2.6741        5
 0.20906E-03     -0.1974     -1.9842     -2.1816        5
 0.22997E-03     -0.2051     -1.6967     -1.9018        5
 0.25087E-03     -0.2125     -1.5675     -1.7800        5
 0.27178E-03     -0.2199     -1.1386     -1.3585        5
 0.29268E-03     -0.2268     -0.5099     -0.7366        5
 0.31359E-03     -0.2337      0.0827     -0.1510        5
 0.33450E-03     -0.2401      0.7910      0.5509        5
 0.35540E-03     -0.2462      1.3964      1.1501        5
 0.37631E-03     -0.2520      1.7544      1.5024        5
 0.39721E-03     -0.2573      2.2292      1.9719        5
 0.41812E-03     -0.2622      2.6514      2.3892        5
 0.43903E-03     -0.2664      2.7449      2.4784        5
 0.45993E-03     -0.2705      2.7066      2.4361        5
 0.48084E-03     -0.2737      2.6046      2.3309        5
 0.50174E-03     -0.2766      2.4667      2.1901        5
 0.52265E-03     -0.2789      2.3031      2.0242        5
 0.54356E-03     -0.2804      2.1325      1.8521        5
 0.56446E-03     -0.2814      1.9608      1.6794        5
 0.58537E-03     -0.2819      1.8197      1.5377        5
 0.60627E-03     -0.2817      1.7026      1.4209        5
 0.62718E-03     -0.2807      1.5785      1.2979        5
 0.64809E-03     -0.2796      1.4588      1.1792        5
 0.66899E-03     -0.2773      1.3272      1.0499        5
 0.68990E-03     -0.2745      1.1876      0.9131        5
 0.71080E-03     -0.2716      1.0646      0.7929        5
 0.73171E-03     -0.2674      0.9545      0.6871        5
 0.75262E-03     -0.2630      0.8603      0.5972        5
 0.77352E-03     -0.2587      0.7809      0.5222        5
 0.79443E-03     -0.2525      0.7638      0.5113        5
 0.81533E-03     -0.2473      0.7847      0.5375        5
 0.83624E-03     -0.2409      0.8310      0.5900        5
 0.85715E-03     -0.2337      0.8456      0.6119        5
 0.87805E-03     -0.2278      0.8536      0.6258        5
 0.89896E-03     -0.2195      0.8453      0.6259        5
 0.91986E-03     -0.2122      0.7973      0.5851        5
 0.94077E-03     -0.2046      0.7303      0.5257        5
 0.96168E-03     -0.1959      0.6669      0.4710        5
 0.98258E-03     -0.1886      0.6104      0.4218        5
 0.10035E-02     -0.1795      0.5501      0.3706        5
 0.10244E-02     -0.1712      0.4909      0.3197        5
 0.10453E-02     -0.1630      0.4424      0.2794        5
 0.10662E-02     -0.1539      0.4013      0.2473        5
 0.10871E-02     -0.1459      0.3755      0.2295        5
 0.11080E-02     -0.1370      0.3519      0.2150        5
 0.11289E-02     -0.1285      0.3272      0.1986        5
 0.11498E-02     -0.1204      0.3080      0.1876        5
 0.11707E-02     -0.1117      0.2993      0.1876        5
 0.11916E-02     -0.1038      0.3155      0.2117        5
 0.12125E-02     -0.0956      0.3419      0.2463        5
 0.12335E-02     -0.0876      0.3692      0.2817        5
 0.12544E-02     -0.0801      0.3837      0.3036        5
 0.12753E-02     -0.0722      0.4004      0.3282        5
 0.12962E-02     -0.0648      0.4105      0.3457        5
 0.13171E-02     -0.0578      0.4080      0.3503        5
 0.13380E-02     -0.0505      0.3937      0.3432        5
 0.13589E-02     -0.0438      0.3790      0.3352        5
 0.13798E-02     -0.0371      0.3641      0.3270        5
 0.14007E-02     -0.0306      0.3524      0.3217        5
 0.14216E-02     -0.0245      0.3406      0.3161        5
 0.14425E-02     -0.0184      0.3363      0.3179        5
 0.14634E-02     -0.0126      0.3244      0.3118        5
 0.14843E-02     -0.0070      0.3015      0.2944        5
 0.15052E-02     -0.0016      0.2645      0.2629        5
 0.15261E-02      0.0036      0.2242      0.2278        5
 0.15470E-02      0.0084      0.1898      0.1983        5
 0.15680E-02      0.0132      0.1629      0.1761        5
 0.15889E-02      0.0178      0.1395      0.1573        5
 0.16098E-02      0.0222      0.1266      0.1489        5
 0.16307E-02      0.0265      0.1259      0.1524        5
 0.16516E-02      0.0305      0.1371      0.1676        5
 0.16725E-02      0.0344      0.1505      0.1848        5
 0.16934E-02      0.0381      0.1644      0.2025        5
 0.17143E-02      0.0416      0.1773      0.2190        5
 0.17352E-02      0.0450      0.1904      0.2354        5
 0.17561E-02      0.0482      0.1960      0.2443        5
 0.17770E-02      0.0513      0.1979      0.2492        5
 0.17979E-02      0.0543      0.1953      0.2496        5
 0.18188E-02      0.0571      0.1907      0.2478        5
 0.18397E-02      0.0597      0.1813      0.2411        5
 0.18606E-02      0.0623      0.1645      0.2268        5
 0.18815E-02      0.0647      0.1430      0.2077        5
 0.19024E-02      0.0670      0.1239      0.1910        5
 0.19234E-02      0.0692      0.1054      0.1746        5
 0.19443E-02      0.0713      0.0814      0.1527        5
 0.19652E-02      0.0733      0.0568      0.1300        5
 0.19861E-02      0.0752      0.0336      0.1087        5
 0.20070E-02      0.0770      0.0135      0.0905        5
 0.20279E-02      0.0786     -0.0024      0.0763        5
 0.20488E-02      0.0803     -0.0200      0.0603        5
 0.20697E-02      0.0818     -0.0390      0.0428        5
 0.20906E-02      0.0832     -0.0491      0.0341        5
 0.21115E-02      0.0846     -0.0509      0.0337        5
 0.21324E-02      0.0859     -0.0478      0.0381        5
 0.21533E-02      0.0872     -0.0456      0.0416        5
 0.21742E-02      0.0883     -0.0429      0.0455        5
 0.21951E-02      0.0895     -0.0361      0.0533        5
 0.22160E-02      0.0905     -0.0216      0.0689        5
 0.22369E-02      0.0915     -0.0083      0.0832        5
 0.22579E-02      0.0924      0.0018      0.0942        5
 0.22788E-02      0.0933      0.0086      0.1019        5
 0.22997E-02      0.0942      0.0103      0.1045        5
 0.23206E-02      0.0950      0.0159      0.1109        5
 0.23415E-02      0.0958      0.0231      0.1188        5
 0.23624E-02      0.0965      0.0313      0.1277        5
 0.23833E-02      0.0971      0.0397      0.1368        5
 0.24042E-02      0.0978      0.0487      0.1465        5
 0.24251E-02      0.0984      0.0567      0.1551        5
 0.24460E-02      0.0990      0.0634      0.1624        5
 0.24669E-02      0.0995      0.0739      0.1734        5
 0.24878E-02      0.1000      0.0860      0.1861        5
 0.25087E-02      0.1005      0.0962      0.1968        5
 0.25296E-02      0.1010      0.1035      0.2044        5
 0.25505E-02      0.1014      0.1052      0.2065        5
 0.25714E-02      0.1018      0.1021      0.2039        5
 0.25923E-02      0.1022      0.0983      0.2005        5
 0.26132E-02      0.1026      0.0935      0.1961        5
 0.26342E-02      0.1029      0.0855      0.1884        5
 0.26551E-02      0.1032      0.0772      0.1804        5
 0.26760E-02      0.1035      0.0695      0.1731        5
 0.26969E-02      0.1038      0.0646      0.1684        5
 0.27178E-02      0.1041      0.0644      0.1685        5
 0.27387E-02      0.1044      0.0683      0.1726        5
 0.27596E-02      0.1046      0.0747      0.1793        5
 0.27805E-02      0.1048      0.0834      0.1882        5
 0.28014E-02      0.1051      0.0945      0.1995        5
 0.28223E-02      0.1053      0.1062      0.2115        5
 0.28432E-02      0.1055      0.1164      0.2219        5
 0.28641E-02      0.1057      0.1250      0.2306        5
 0.28850E-02      0.1058      0.1309      0.2368        5
 0.29059E-02      0.1060      0.1355      0.2415        5
 0.29268E-02      0.1062      0.1398      0.2459        5
 0.29478E-02      0.1063      0.1443      0.2506        5
 0.29687E-02      0.1065      0.1478      0.2543        5
 0.29896E-02      0.1066      0.1506      0.2571        5
 0.30105E-02      0.1067      0.1541      0.2608        5
 0.30314E-02      0.1068      0.1592      0.2660        5
 0.30523E-02      0.1069      0.1658      0.2727        5
 0.30732E-02      0.1070      0.1733      0.2804        5
 0.30941E-02      0.1071      0.1810      0.2881        5
 0.31150E-02      0.1072      0.1900      0.2972        5
 0.31359E-02      0.1073      0.2002      0.3075        5
 0.31568E-02      0.1074      0.2107      0.3181        5
 0.31777E-02      0.1075      0.2177      0.3252        5
 0.31986E-02      0.1075      0.2213      0.3288        5
 0.32195E-02      0.1076      0.2214      0.3290        5
 0.32404E-02      0.1076      0.2216      0.3292        5
 0.32613E-02      0.1077      0.2224      0.3301        5
 0.32822E-02      0.1077      0.2245      0.3322        5
 0.33031E-02      0.1078      0.2239      0.3317        5
 0.33240E-02      0.1078      0.2225      0.3303        5
 0.33450E-02      0.1078      0.2218      0.3296        5
 0.33659E-02      0.1078      0.2244      0.3322        5
 0.33868E-02      0.1078      0.2312      0.3391        5
 0.34077E-02      0.1078      0.2400      0.3478        5
 0.34286E-02      0.1078      0.2491      0.3569        5
 0.34495E-02      0.1077      0.2593      0.3671        5
 0.34704E-02      0.1078      0.2707      0.3785        5
 0.34913E-02      0.1077      0.2836      0.3913        5
 0.35122E-02      0.1077      0.2989      0.4066        5
 0.35331E-02      0.1076      0.3127      0.4203        5
 0.35540E-02      0.1075      0.3229      0.4304        5
 0.35749E-02      0.1074      0.3311      0.4385        5
 0.35958E-02      0.1074      0.3389      0.4463        5
 0.36167E-02      0.1072      0.3449      0.4522        5
 0.36376E-02      0.1071      0.3516      0.4588        5
 0.36586E-02      0.1070      0.3574      0.4643        5
 0.36795E-02      0.1069      0.3625      0.4694        5
 0.37004E-02      0.1067      0.3677      0.4744        5
 0.37213E-02      0.1065      0.3748      0.4813        5
 0.37422E-02      0.1063      0.3842      0.4905        5
 0.37631E-02      0.1061      0.3959      0.5020        5
 0.37840E-02      0.1058      0.4079      0.5137        5
 0.38049E-02      0.1056      0.4193      0.5249        5
 0.38258E-02      0.1053      0.4315      0.5368        5
 0.38467E-02      0.1051      0.4456      0.5506        5
 0.38676E-02      0.1047      0.4582      0.5629        5
 0.38885E-02      0.1044      0.4692      0.5736        5
 0.39094E-02      0.1040      0.4784      0.5824        5
 0.39303E-02      0.1036      0.4847      0.5883        5
 0.39512E-02      0.1032      0.4906      0.5938        5
 0.39721E-02      0.1027      0.4993      0.6020        5
 0.39931E-02      0.1022      0.5084      0.6107        5
 0.40140E-02      0.1017      0.5175      0.6192        5
 0.40349E-02      0.1012      0.5272      0.6284        5
 0.40558E-02      0.1006      0.5389      0.6394        5
 0.40767E-02      0.0999      0.5575      0.6574        5
 0.40976E-02      0.0993      0.5829      0.6821        5
 0.41185E-02      0.0985      0.6131      0.7116        5
 0.41394E-02      0.0978      0.6448      0.7426        5
 0.41603E-02      0.0970      0.6719      0.7689        5
 0.41812E-02      0.0961      0.6924      0.7886        5
 0.42021E-02      0.0952      0.7102      0.8054        5
 0.42230E-02      0.0942      0.7254      0.8196        5
 0.42439E-02      0.0933      0.7395      0.8328        5
 0.42648E-02      0.0922      0.7536      0.8458        5
 0.42857E-02      0.0910      0.7606      0.8516        5
 0.43066E-02      0.0899      0.7632      0.8530        5
 0.43275E-02      0.0886      0.7645      0.8531        5
 0.43484E-02      0.0873      0.7698      0.8571        5
 0.43694E-02      0.0859      0.7829      0.8688        5
 0.43903E-02      0.0844      0.7971      0.8815        5
 0.44112E-02      0.0829      0.8100      0.8928        5
 0.44321E-02      0.0812      0.8225      0.9037        5
 0.44530E-02      0.0795      0.8347      0.9142        5
 0.44739E-02      0.0777      0.8509      0.9286        5
 0.44948E-02      0.0758      0.8655      0.9413        5
 0.45157E-02      0.0738      0.8680      0.9419        5
 0.45366E-02      0.0718      0.8667      0.9384        5
 0.45575E-02      0.0695      0.8763      0.9459        5
 0.45784E-02      0.0673      0.8982      0.9655        5
 0.45993E-02      0.0649      0.9318      0.9967        5
 0.46202E-02      0.0623      0.9730      1.0354        5
 0.46411E-02      0.0597      1.0175      1.0773        5
 0.46620E-02      0.0570      1.0677      1.1247        5
 0.46829E-02      0.0541      1.1132      1.1673        5
 0.47039E-02      0.0511      1.1466      1.1977        5
 0.47247E-02      0.0479      1.1661      1.2140        5
 0.47457E-02      0.0447      1.1812      1.2259        5
 0.47666E-02      0.0413      1.1992      1.2405        5
 0.47875E-02      0.0377      1.2214      1.2591        5
 0.48084E-02      0.0340      1.2362      1.2702        5
 0.48293E-02      0.0301      1.2529      1.2831        5
 0.48502E-02      0.0261      1.2774      1.3036        5
 0.48711E-02      0.0220      1.3059      1.3279        5
 0.48920E-02      0.0177      1.3407      1.3583        5
 0.49129E-02      0.0131      1.3707      1.3838        5
 0.49338E-02      0.0085      1.3912      1.3997        5
 0.49547E-02      0.0036      1.3926      1.3962        5
 0.49756E-02     -0.0014      1.3981      1.3967        5
 0.49965E-02     -0.0066      1.4255      1.4189        5
 0.50174E-02     -0.0119      1.4731      1.4612        5
 0.50383E-02     -0.0176      1.5340      1.5165        5
 0.50593E-02     -0.0233      1.6020      1.5788        5
 0.50802E-02     -0.0292      1.6891      1.6599        5
 0.51011E-02     -0.0353      1.7845      1.7493        5
 0.51220E-02     -0.0415      1.8499      1.8083        5
 0.51429E-02     -0.0480      1.8876      1.8397        5
 0.51638E-02     -0.0545      1.9004      1.8458        5
 0.51847E-02     -0.0614      1.8638      1.8024        5
 0.52056E-02     -0.0684      1.7597      1.6913        5
 0.52265E-02     -0.0754      1.6410      1.5656        5
 0.52474E-02     -0.0828      1.5237      1.4409        5
 0.52683E-02     -0.0902      1.3407      1.2505        5
 0.52892E-02     -0.0977      1.1053      1.0076        5
 0.53101E-02     -0.1054      0.8468      0.7413        5
 0.53310E-02     -0.1131      0.5802      0.4671        5
 0.53519E-02     -0.1211      0.2358      0.1147        5
 0.53728E-02     -0.1290     -0.1969     -0.3259        5
 0.53938E-02     -0.1370     -0.6900     -0.8270        5
 0.54146E-02     -0.1452     -1.1592     -1.3045        5
 0.54356E-02     -0.1533     -1.5435     -1.6968        5
 0.54565E-02     -0.1615     -1.9802     -2.1417        5
 0.54774E-02     -0.1694     -2.3338     -2.5032        5
 0.54983E-02     -0.1776     -2.6143     -2.7918        5
 0.55192E-02     -0.1856     -2.6038     -2.7894        5
 0.55401E-02     -0.1935     -2.2478     -2.4413        5
 0.55610E-02     -0.2013     -1.8059     -2.0072        5
 0.55819E-02     -0.2088     -1.6324     -1.8412        5
 0.56028E-02     -0.2162     -1.4143     -1.6305        5
 0.56237E-02     -0.2233     -0.8182     -1.0415        5
 0.56446E-02     -0.2304     -0.2376     -0.4679        5
 0.56655E-02     -0.2370      0.4435      0.2065        5
 0.56864E-02     -0.2432      1.1027      0.8595        5
 0.57073E-02     -0.2492      1.5887      1.3395        5
 0.57282E-02     -0.2546      1.9926      1.7380        5
 0.57492E-02     -0.2598      2.4568      2.1970        5
 0.57700E-02     -0.2643      2.7518      2.4875        5
 0.57910E-02     -0.2686      2.7261      2.4575        5
 0.58119E-02     -0.2722      2.6594      2.3872        5
 0.58328E-02     -0.2752      2.5387      2.2635        5
 0.58537E-02     -0.2779      2.3902      2.1124        5
 0.58746E-02     -0.2796      2.2194      1.9397        5
 0.58955E-02     -0.2810      2.0432      1.7622        5
 0.59164E-02     -0.2818      1.8850      1.6032        5
 0.59373E-02     -0.2819      1.7674      1.4855        5
 0.59582E-02     -0.2812      1.6417      1.3605        5
 0.59791E-02     -0.2803      1.5172      1.2369        5
 0.60000E-02     -0.2784      1.4018      1.1234        5
 0.60209E-02     -0.2759      1.2524      0.9766        5
 0.60418E-02     -0.2733      1.1258      0.8525        5
 0.60627E-02     -0.2695      1.0047      0.7352        5
 0.60836E-02     -0.2652      0.9065      0.6413        5
 0.61045E-02     -0.2612      0.8178      0.5566        5
 0.61255E-02     -0.2554      0.7618      0.5064        5
 0.61464E-02     -0.2500      0.7707      0.5207        5
 0.61673E-02     -0.2443      0.8062      0.5620        5
 0.61882E-02     -0.2370      0.8394      0.6023        5
 0.62091E-02     -0.2313      0.8508      0.6196        5
 0.62300E-02     -0.2233      0.8531      0.6298        5
 0.62509E-02     -0.2159      0.8265      0.6106        5
 0.62718E-02     -0.2087      0.7647      0.5560        5
 0.62927E-02     -0.1999      0.6980      0.4981        5
 0.63136E-02     -0.1926      0.6368      0.4442        5
 0.63345E-02     -0.1838      0.5810      0.3972        5
 0.63554E-02     -0.1753      0.5182      0.3428        5
 0.63763E-02     -0.1674      0.4666      0.2992        5
 0.63972E-02     -0.1582      0.4198      0.2616        5
 0.64181E-02     -0.1501      0.3883      0.2381        5
 0.64391E-02     -0.1413      0.3626      0.2213        5
 0.64600E-02     -0.1327      0.3393      0.2066        5
 0.64809E-02     -0.1247      0.3167      0.1920        5
 0.65018E-02     -0.1159      0.3004      0.1845        5
 0.65227E-02     -0.1078      0.3053      0.1975        5
 0.65436E-02     -0.0997      0.3284      0.2287        5
 0.65645E-02     -0.0915      0.3562      0.2647        5
 0.65854E-02     -0.0839      0.3763      0.2923        5
 0.66063E-02     -0.0761      0.3918      0.3157        5
 0.66272E-02     -0.0685      0.4064      0.3379        5
 0.66481E-02     -0.0614      0.4111      0.3496        5
 0.66690E-02     -0.0540      0.4010      0.3470        5
 0.66899E-02     -0.0471      0.3870      0.3398        5
 0.67108E-02     -0.0405      0.3701      0.3296        5
 0.67317E-02     -0.0338      0.3591      0.3252        5
 0.67526E-02     -0.0276      0.3449      0.3173        5
 0.67735E-02     -0.0214      0.3392      0.3178        5
 0.67944E-02     -0.0154      0.3311      0.3156        5
 0.68154E-02     -0.0098      0.3156      0.3058        5
 0.68363E-02     -0.0043      0.2836      0.2793        5
 0.68572E-02      0.0009      0.2447      0.2457        5
 0.68781E-02      0.0059      0.2060      0.2119        5
 0.68990E-02      0.0108      0.1764      0.1873        5
 0.69199E-02      0.0155      0.1497      0.1652        5
 0.69408E-02      0.0200      0.1314      0.1515        5
 0.69617E-02      0.0244      0.1238      0.1482        5
 0.69826E-02      0.0285      0.1310      0.1596        5
 0.70035E-02      0.0325      0.1432      0.1756        5
 0.70244E-02      0.0362      0.1572      0.1934        5
 0.70453E-02      0.0399      0.1713      0.2112        5
 0.70662E-02      0.0433      0.1841      0.2274        5
 0.70871E-02      0.0466      0.1942      0.2408        5
 0.71080E-02      0.0498      0.1974      0.2472        5
 0.71289E-02      0.0528      0.1973      0.2502        5
 0.71499E-02      0.0557      0.1933      0.2490        5
 0.71708E-02      0.0584      0.1871      0.2455        5
 0.71917E-02      0.0610      0.1735      0.2345        5
 0.72126E-02      0.0635      0.1538      0.2173        5
 0.72335E-02      0.0659      0.1332      0.1990        5
 0.72544E-02      0.0681      0.1153      0.1834        5
 0.72753E-02      0.0703      0.0939      0.1642        5
 0.72962E-02      0.0723      0.0690      0.1413        5
 0.73171E-02      0.0742      0.0451      0.1193        5
 0.73380E-02      0.0761      0.0228      0.0989        5
 0.73589E-02      0.0778      0.0055      0.0833        5
 0.73798E-02      0.0795     -0.0107      0.0688        5
 0.74007E-02      0.0810     -0.0299      0.0511        5
 0.74216E-02      0.0825     -0.0457      0.0368        5
 0.74425E-02      0.0839     -0.0511      0.0329        5
 0.74634E-02      0.0853     -0.0497      0.0356        5
 0.74843E-02      0.0866     -0.0468      0.0398        5
 0.75053E-02      0.0878     -0.0442      0.0436        5
 0.75262E-02      0.0889     -0.0406      0.0483        5
 0.75471E-02      0.0900     -0.0292      0.0608        5
 0.75680E-02      0.0910     -0.0146      0.0765        5
 0.75889E-02      0.0920     -0.0029      0.0891        5
 0.76098E-02      0.0929      0.0061      0.0990        5
 0.76307E-02      0.0938      0.0096      0.1033        5
 0.76516E-02      0.0946      0.0123      0.1069        5
 0.76725E-02      0.0954      0.0194      0.1148        5
 0.76934E-02      0.0961      0.0273      0.1234        5
 0.77143E-02      0.0968      0.0352      0.1320        5
 0.77352E-02      0.0975      0.0441      0.1416        5
 0.77561E-02      0.0981      0.0531      0.1512        5
 0.77770E-02      0.0987      0.0598      0.1585        5
 0.77979E-02      0.0992      0.0684      0.1676        5
 0.78188E-02      0.0998      0.0802      0.1800        5
 0.78397E-02      0.1003      0.0913      0.1916        5
 0.78607E-02      0.1007      0.1007      0.2014        5
 0.78816E-02      0.1012      0.1051      0.2063        5
 0.79025E-02      0.1016      0.1038      0.2054        5
 0.79234E-02      0.1020      0.1003      0.2023        5
 0.79443E-02      0.1024      0.0964      0.1988        5
 0.79652E-02      0.1027      0.0899      0.1926        5
 0.79861E-02      0.1031      0.0813      0.1844        5
 0.80070E-02      0.1034      0.0732      0.1766        5
 0.80279E-02      0.1037      0.0666      0.1703        5
 0.80488E-02      0.1040      0.0638      0.1678        5
 0.80697E-02      0.1042      0.0658      0.1700        5
 0.80906E-02      0.1045      0.0714      0.1759        5
 0.81115E-02      0.1047      0.0785      0.1833        5
 0.81324E-02      0.1050      0.0884      0.1934        5
 0.81533E-02      0.1052      0.1008      0.2060        5
 0.81742E-02      0.1054      0.1115      0.2169        5
 0.81951E-02      0.1056      0.1211      0.2267        5
 0.82161E-02      0.1058      0.1281      0.2338        5
 0.82370E-02      0.1059      0.1333      0.2392        5
 0.82579E-02      0.1061      0.1378      0.2439        5
 0.82788E-02      0.1062      0.1418      0.2480        5
 0.82997E-02      0.1064      0.1464      0.2528        5
 0.83206E-02      0.1065      0.1494      0.2559        5
 0.83415E-02      0.1066      0.1522      0.2588        5
 0.83624E-02      0.1068      0.1563      0.2630        5
 0.83833E-02      0.1069      0.1625      0.2694        5
 0.84042E-02      0.1070      0.1693      0.2762        5
 0.84251E-02      0.1071      0.1774      0.2845        5
 0.84460E-02      0.1072      0.1852      0.2923        5
 0.84669E-02      0.1073      0.1949      0.3022        5
 0.84878E-02      0.1073      0.2057      0.3130        5
 0.85087E-02      0.1074      0.2144      0.3219        5
 0.85297E-02      0.1075      0.2202      0.3277        5
 0.85505E-02      0.1075      0.2213      0.3289        5
 0.85715E-02      0.1076      0.2216      0.3292        5
 0.85924E-02      0.1076      0.2219      0.3296        5
 0.86133E-02      0.1077      0.2235      0.3312        5
 0.86342E-02      0.1077      0.2247      0.3324        5
 0.86551E-02      0.1078      0.2230      0.3308        5
 0.86760E-02      0.1078      0.2221      0.3299        5
 0.86969E-02      0.1078      0.2227      0.3305        5
 0.87178E-02      0.1078      0.2274      0.3352        5
 0.87387E-02      0.1078      0.2356      0.3435        5
 0.87596E-02      0.1078      0.2443      0.3521        5
 0.87805E-02      0.1078      0.2539      0.3617        5
 0.88014E-02      0.1077      0.2649      0.3727        5
 0.88223E-02      0.1077      0.2769      0.3846        5
 0.88432E-02      0.1077      0.2912      0.3989        5
 0.88641E-02      0.1076      0.3061      0.4137        5
 0.88851E-02      0.1075      0.3181      0.4256        5
 0.89060E-02      0.1075      0.3273      0.4348        5
 0.89269E-02      0.1074      0.3349      0.4422        5
 0.89478E-02      0.1073      0.3419      0.4492        5
 0.89687E-02      0.1072      0.3482      0.4554        5
 0.89896E-02      0.1071      0.3546      0.4617        5
 0.90105E-02      0.1069      0.3599      0.4668        5
 0.90314E-02      0.1068      0.3650      0.4718        5
 0.90523E-02      0.1066      0.3708      0.4774        5
 0.90732E-02      0.1064      0.3793      0.4857        5
 0.90941E-02      0.1062      0.3898      0.4959        5
 0.91150E-02      0.1060      0.4021      0.5081        5
 0.91359E-02      0.1057      0.4135      0.5192        5
 0.91568E-02      0.1055      0.4251      0.5306        5
 0.91777E-02      0.1052      0.4386      0.5438        5
 0.91986E-02      0.1049      0.4520      0.5569        5
 0.92195E-02      0.1045      0.4640      0.5685        5
 0.92405E-02      0.1042      0.4744      0.5786        5
 0.92614E-02      0.1038      0.4818      0.5856        5
 0.92823E-02      0.1034      0.4874      0.5909        5
 0.93032E-02      0.1030      0.4947      0.5976        5
 0.93241E-02      0.1025      0.5040      0.6065        5
 0.93450E-02      0.1020      0.5131      0.6151        5
 0.93659E-02      0.1015      0.5226      0.6240        5
 0.93868E-02      0.1009      0.5322      0.6331        5
 0.94077E-02      0.1003      0.5473      0.6476        5
 0.94286E-02      0.0996      0.5694      0.6690        5
 0.94495E-02      0.0989      0.5974      0.6963        5
 0.94704E-02      0.0982      0.6288      0.7270        5
 0.94913E-02      0.0974      0.6590      0.7564        5
 0.95122E-02      0.0966      0.6823      0.7789        5
 0.95331E-02      0.0957      0.7017      0.7974        5
 0.95540E-02      0.0948      0.7177      0.8125        5
 0.95749E-02      0.0937      0.7320      0.8257        5
 0.95958E-02      0.0927      0.7468      0.8395        5
 0.96168E-02      0.0916      0.7578      0.8494        5
 0.96377E-02      0.0904      0.7619      0.8523        5
 0.96586E-02      0.0893      0.7642      0.8535        5
 0.96795E-02      0.0879      0.7656      0.8536        5
 0.97004E-02      0.0866      0.7760      0.8625        5
 0.97213E-02      0.0852      0.7899      0.8751        5
 0.97422E-02      0.0836      0.8044      0.8880        5
 0.97631E-02      0.0821      0.8166      0.8986        5
 0.97840E-02      0.0803      0.8289      0.9092        5
 0.98049E-02      0.0786      0.8420      0.9206        5
 0.98258E-02      0.0768      0.8591      0.9358        5
 0.98467E-02      0.0748      0.8677      0.9425        5
 0.98676E-02      0.0728      0.8676      0.9404        5
 0.98885E-02      0.0707      0.8707      0.9413        5
 0.99094E-02      0.0684      0.8863      0.9547        5
 0.99303E-02      0.0661      0.9127      0.9788        5
 0.99512E-02      0.0636      0.9521      1.0157        5
 0.99722E-02      0.0610      0.9937      1.0547        5
 0.99931E-02      0.0584      1.0428      1.1011        5
 0.10014E-01      0.0555      1.0920      1.1476        5
 0.10035E-01      0.0526      1.1323      1.1849        5
 0.10056E-01      0.0495      1.1577      1.2072        5
 0.10077E-01      0.0463      1.1731      1.2195        5
 0.10098E-01      0.0430      1.1897      1.2328        5
 0.10119E-01      0.0395      1.2108      1.2504        5
 0.10139E-01      0.0359      1.2302      1.2661        5
 0.10160E-01      0.0321      1.2438      1.2759        5
 0.10181E-01      0.0282      1.2645      1.2927        5
 0.10202E-01      0.0241      1.2909      1.3150        5
 0.10223E-01      0.0198      1.3234      1.3432        5
 0.10244E-01      0.0154      1.3565      1.3719        5
 0.10265E-01      0.0108      1.3824      1.3932        5
 0.10286E-01      0.0061      1.3945      1.4006        5
 0.10307E-01      0.0012      1.3927      1.3939        5
 0.10328E-01     -0.0040      1.4098      1.4058        5
 0.10348E-01     -0.0093      1.4468      1.4376        5
 0.10369E-01     -0.0147      1.5037      1.4890        5
 0.10390E-01     -0.0204      1.5659      1.5455        5
 0.10411E-01     -0.0262      1.6427      1.6165        5
 0.10432E-01     -0.0322      1.7379      1.7057        5
 0.10453E-01     -0.0383      1.8213      1.7830        5
 0.10474E-01     -0.0447      1.8731      1.8284        5
 0.10495E-01     -0.0513      1.8966      1.8453        5
 0.10516E-01     -0.0579      1.8912      1.8333        5
 0.10537E-01     -0.0649      1.8178      1.7530        5
 0.10557E-01     -0.0719      1.6984      1.6264        5
 0.10578E-01     -0.0790      1.5844      1.5054        5
 0.10599E-01     -0.0864      1.4431      1.3567        5
 0.10620E-01     -0.0939      1.2281      1.1342        5
 0.10641E-01     -0.1016      0.9751      0.8735        5
 0.10662E-01     -0.1093      0.7144      0.6051        5
 0.10683E-01     -0.1171      0.4232      0.3061        5
